ISO-10303-21;
HEADER;
FILE_DESCRIPTION(('Open CASCADE Model'),'2;1');
FILE_NAME('Open CASCADE Shape Model','2026-07-21T21:51:32',('Author'),(
    'Open CASCADE'),'Open CASCADE STEP processor 7.9','build123d',
  'Unknown');
FILE_SCHEMA(('AUTOMOTIVE_DESIGN { 1 0 10303 214 1 1 1 1 }'));
ENDSEC;
DATA;
#1 = APPLICATION_PROTOCOL_DEFINITION('international standard',
  'automotive_design',2000,#2);
#2 = APPLICATION_CONTEXT(
  'core data for automotive mechanical design processes');
#3 = SHAPE_DEFINITION_REPRESENTATION(#4,#10);
#4 = PRODUCT_DEFINITION_SHAPE('','',#5);
#5 = PRODUCT_DEFINITION('design','',#6,#9);
#6 = PRODUCT_DEFINITION_FORMATION('','',#7);
#7 = PRODUCT('COMPOUND','COMPOUND','',(#8));
#8 = PRODUCT_CONTEXT('',#2,'mechanical');
#9 = PRODUCT_DEFINITION_CONTEXT('part definition',#2,'design');
#10 = SHAPE_REPRESENTATION('',(#11,#15,#7015),#7491);
#11 = AXIS2_PLACEMENT_3D('',#12,#13,#14);
#12 = CARTESIAN_POINT('',(0.,0.,0.));
#13 = DIRECTION('',(0.,0.,1.));
#14 = DIRECTION('',(1.,0.,-0.));
#15 = BREP_WITH_VOIDS('',#16,(#6558));
#16 = CLOSED_SHELL('',(#17,#105,#173,#369,#450,#2233,#2304,#2358,#2412,
    #2439,#2510,#2564,#2618,#2645,#2716,#2770,#2824,#2851,#2922,#2976,
    #3030,#3057,#3128,#3182,#3236,#3263,#3334,#3388,#3442,#3469,#3540,
    #3594,#3648,#3675,#3746,#3800,#3854,#3881,#3952,#4006,#4060,#4087,
    #4159,#4230,#4280,#4327,#4376,#4428,#4475,#4524,#4576,#4623,#4672,
    #4724,#4771,#4820,#4872,#4919,#4968,#5020,#5069,#5119,#5146,#5174,
    #5201,#5344,#5379,#5572,#5699,#5725,#5753,#5758,#5785,#5790,#5796,
    #6014,#6091,#6117,#6190,#6216,#6289,#6315,#6382,#6499,#6525,#6551));
#17 = ADVANCED_FACE('',(#18),#32,.T.);
#18 = FACE_BOUND('',#19,.F.);
#19 = EDGE_LOOP('',(#20,#50,#77,#78));
#20 = ORIENTED_EDGE('',*,*,#21,.T.);
#21 = EDGE_CURVE('',#22,#24,#26,.T.);
#22 = VERTEX_POINT('',#23);
#23 = CARTESIAN_POINT('',(55.,0.,0.));
#24 = VERTEX_POINT('',#25);
#25 = CARTESIAN_POINT('',(55.,0.,8.));
#26 = SEAM_CURVE('',#27,(#31,#43),.PCURVE_S1.);
#27 = LINE('',#28,#29);
#28 = CARTESIAN_POINT('',(55.,0.,0.));
#29 = VECTOR('',#30,1.);
#30 = DIRECTION('',(0.,0.,1.));
#31 = PCURVE('',#32,#37);
#32 = CYLINDRICAL_SURFACE('',#33,55.);
#33 = AXIS2_PLACEMENT_3D('',#34,#35,#36);
#34 = CARTESIAN_POINT('',(0.,0.,0.));
#35 = DIRECTION('',(-0.,-0.,-1.));
#36 = DIRECTION('',(1.,0.,0.));
#37 = DEFINITIONAL_REPRESENTATION('',(#38),#42);
#38 = LINE('',#39,#40);
#39 = CARTESIAN_POINT('',(-0.,0.));
#40 = VECTOR('',#41,1.);
#41 = DIRECTION('',(-0.,-1.));
#42 = ( GEOMETRIC_REPRESENTATION_CONTEXT(2) 
PARAMETRIC_REPRESENTATION_CONTEXT() REPRESENTATION_CONTEXT('2D SPACE',''
  ) );
#43 = PCURVE('',#32,#44);
#44 = DEFINITIONAL_REPRESENTATION('',(#45),#49);
#45 = LINE('',#46,#47);
#46 = CARTESIAN_POINT('',(-6.28318530718,0.));
#47 = VECTOR('',#48,1.);
#48 = DIRECTION('',(-0.,-1.));
#49 = ( GEOMETRIC_REPRESENTATION_CONTEXT(2) 
PARAMETRIC_REPRESENTATION_CONTEXT() REPRESENTATION_CONTEXT('2D SPACE',''
  ) );
#50 = ORIENTED_EDGE('',*,*,#51,.T.);
#51 = EDGE_CURVE('',#24,#24,#52,.T.);
#52 = SURFACE_CURVE('',#53,(#58,#65),.PCURVE_S1.);
#53 = CIRCLE('',#54,55.);
#54 = AXIS2_PLACEMENT_3D('',#55,#56,#57);
#55 = CARTESIAN_POINT('',(0.,0.,8.));
#56 = DIRECTION('',(0.,0.,1.));
#57 = DIRECTION('',(1.,0.,0.));
#58 = PCURVE('',#32,#59);
#59 = DEFINITIONAL_REPRESENTATION('',(#60),#64);
#60 = LINE('',#61,#62);
#61 = CARTESIAN_POINT('',(-0.,-8.));
#62 = VECTOR('',#63,1.);
#63 = DIRECTION('',(-1.,0.));
#64 = ( GEOMETRIC_REPRESENTATION_CONTEXT(2) 
PARAMETRIC_REPRESENTATION_CONTEXT() REPRESENTATION_CONTEXT('2D SPACE',''
  ) );
#65 = PCURVE('',#66,#71);
#66 = PLANE('',#67);
#67 = AXIS2_PLACEMENT_3D('',#68,#69,#70);
#68 = CARTESIAN_POINT('',(-3.182406126637E-15,9.372203282004E-16,8.));
#69 = DIRECTION('',(0.,0.,1.));
#70 = DIRECTION('',(1.,0.,0.));
#71 = DEFINITIONAL_REPRESENTATION('',(#72),#76);
#72 = CIRCLE('',#73,55.);
#73 = AXIS2_PLACEMENT_2D('',#74,#75);
#74 = CARTESIAN_POINT('',(3.182406126637E-15,-9.372203282004E-16));
#75 = DIRECTION('',(1.,0.));
#76 = ( GEOMETRIC_REPRESENTATION_CONTEXT(2) 
PARAMETRIC_REPRESENTATION_CONTEXT() REPRESENTATION_CONTEXT('2D SPACE',''
  ) );
#77 = ORIENTED_EDGE('',*,*,#21,.F.);
#78 = ORIENTED_EDGE('',*,*,#79,.F.);
#79 = EDGE_CURVE('',#22,#22,#80,.T.);
#80 = SURFACE_CURVE('',#81,(#86,#93),.PCURVE_S1.);
#81 = CIRCLE('',#82,55.);
#82 = AXIS2_PLACEMENT_3D('',#83,#84,#85);
#83 = CARTESIAN_POINT('',(0.,0.,0.));
#84 = DIRECTION('',(0.,0.,1.));
#85 = DIRECTION('',(1.,0.,0.));
#86 = PCURVE('',#32,#87);
#87 = DEFINITIONAL_REPRESENTATION('',(#88),#92);
#88 = LINE('',#89,#90);
#89 = CARTESIAN_POINT('',(-0.,0.));
#90 = VECTOR('',#91,1.);
#91 = DIRECTION('',(-1.,0.));
#92 = ( GEOMETRIC_REPRESENTATION_CONTEXT(2) 
PARAMETRIC_REPRESENTATION_CONTEXT() REPRESENTATION_CONTEXT('2D SPACE',''
  ) );
#93 = PCURVE('',#94,#99);
#94 = PLANE('',#95);
#95 = AXIS2_PLACEMENT_3D('',#96,#97,#98);
#96 = CARTESIAN_POINT('',(-3.182406126637E-15,9.372203282004E-16,0.));
#97 = DIRECTION('',(0.,0.,1.));
#98 = DIRECTION('',(1.,0.,0.));
#99 = DEFINITIONAL_REPRESENTATION('',(#100),#104);
#100 = CIRCLE('',#101,55.);
#101 = AXIS2_PLACEMENT_2D('',#102,#103);
#102 = CARTESIAN_POINT('',(3.182406126637E-15,-9.372203282004E-16));
#103 = DIRECTION('',(1.,0.));
#104 = ( GEOMETRIC_REPRESENTATION_CONTEXT(2) 
PARAMETRIC_REPRESENTATION_CONTEXT() REPRESENTATION_CONTEXT('2D SPACE',''
  ) );
#105 = ADVANCED_FACE('',(#106,#109),#66,.T.);
#106 = FACE_BOUND('',#107,.T.);
#107 = EDGE_LOOP('',(#108));
#108 = ORIENTED_EDGE('',*,*,#51,.T.);
#109 = FACE_BOUND('',#110,.T.);
#110 = EDGE_LOOP('',(#111,#146));
#111 = ORIENTED_EDGE('',*,*,#112,.T.);
#112 = EDGE_CURVE('',#113,#115,#117,.T.);
#113 = VERTEX_POINT('',#114);
#114 = CARTESIAN_POINT('',(-20.83149991932,-18.33333333333,8.));
#115 = VERTEX_POINT('',#116);
#116 = CARTESIAN_POINT('',(20.831499919326,-18.33333333333,8.));
#117 = SURFACE_CURVE('',#118,(#123,#134),.PCURVE_S1.);
#118 = CIRCLE('',#119,27.75);
#119 = AXIS2_PLACEMENT_3D('',#120,#121,#122);
#120 = CARTESIAN_POINT('',(1.42108547152E-14,-1.916703710348E-15,8.));
#121 = DIRECTION('',(-0.,0.,-1.));
#122 = DIRECTION('',(-0.750684681778,-0.660660660661,0.));
#123 = PCURVE('',#66,#124);
#124 = DEFINITIONAL_REPRESENTATION('',(#125),#133);
#125 = ( BOUNDED_CURVE() B_SPLINE_CURVE(2,(#126,#127,#128,#129,#130,#131
,#132),.UNSPECIFIED.,.T.,.F.) B_SPLINE_CURVE_WITH_KNOTS((1,2,2,2,2,1),(
    -2.094395102393,0.,2.094395102393,4.188790204786,6.28318530718,
8.377580409573),.UNSPECIFIED.) CURVE() GEOMETRIC_REPRESENTATION_ITEM() 
RATIONAL_B_SPLINE_CURVE((1.,0.5,1.,0.5,1.,0.5,1.)) REPRESENTATION_ITEM(
  '') );
#126 = CARTESIAN_POINT('',(-20.83149991932,-18.33333333333));
#127 = CARTESIAN_POINT('',(-52.58576472475,17.747882924806));
#128 = CARTESIAN_POINT('',(-5.461382443052,27.207274795737));
#129 = CARTESIAN_POINT('',(41.662999838652,36.666666666667));
#130 = CARTESIAN_POINT('',(26.292882362378,-8.873941462403));
#131 = CARTESIAN_POINT('',(10.922764886104,-54.41454959147));
#132 = CARTESIAN_POINT('',(-20.83149991932,-18.33333333333));
#133 = ( GEOMETRIC_REPRESENTATION_CONTEXT(2) 
PARAMETRIC_REPRESENTATION_CONTEXT() REPRESENTATION_CONTEXT('2D SPACE',''
  ) );
#134 = PCURVE('',#135,#140);
#135 = CYLINDRICAL_SURFACE('',#136,27.75);
#136 = AXIS2_PLACEMENT_3D('',#137,#138,#139);
#137 = CARTESIAN_POINT('',(1.42108547152E-14,-1.916703710348E-15,8.));
#138 = DIRECTION('',(-0.,-0.,-1.));
#139 = DIRECTION('',(1.,0.,0.));
#140 = DEFINITIONAL_REPRESENTATION('',(#141),#145);
#141 = LINE('',#142,#143);
#142 = CARTESIAN_POINT('',(-10.14647645864,0.));
#143 = VECTOR('',#144,1.);
#144 = DIRECTION('',(1.,-0.));
#145 = ( GEOMETRIC_REPRESENTATION_CONTEXT(2) 
PARAMETRIC_REPRESENTATION_CONTEXT() REPRESENTATION_CONTEXT('2D SPACE',''
  ) );
#146 = ORIENTED_EDGE('',*,*,#147,.F.);
#147 = EDGE_CURVE('',#113,#115,#148,.T.);
#148 = SURFACE_CURVE('',#149,(#154,#161),.PCURVE_S1.);
#149 = CIRCLE('',#150,27.75);
#150 = AXIS2_PLACEMENT_3D('',#151,#152,#153);
#151 = CARTESIAN_POINT('',(1.42108547152E-14,-1.916703710348E-15,8.));
#152 = DIRECTION('',(0.,0.,1.));
#153 = DIRECTION('',(1.,0.,0.));
#154 = PCURVE('',#66,#155);
#155 = DEFINITIONAL_REPRESENTATION('',(#156),#160);
#156 = CIRCLE('',#157,27.75);
#157 = AXIS2_PLACEMENT_2D('',#158,#159);
#158 = CARTESIAN_POINT('',(1.739326084184E-14,-2.853924038548E-15));
#159 = DIRECTION('',(1.,0.));
#160 = ( GEOMETRIC_REPRESENTATION_CONTEXT(2) 
PARAMETRIC_REPRESENTATION_CONTEXT() REPRESENTATION_CONTEXT('2D SPACE',''
  ) );
#161 = PCURVE('',#162,#167);
#162 = CYLINDRICAL_SURFACE('',#163,27.75);
#163 = AXIS2_PLACEMENT_3D('',#164,#165,#166);
#164 = CARTESIAN_POINT('',(1.42108547152E-14,-1.916703710348E-15,8.));
#165 = DIRECTION('',(-0.,-0.,-1.));
#166 = DIRECTION('',(1.,0.,0.));
#167 = DEFINITIONAL_REPRESENTATION('',(#168),#172);
#168 = LINE('',#169,#170);
#169 = CARTESIAN_POINT('',(-0.,0.));
#170 = VECTOR('',#171,1.);
#171 = DIRECTION('',(-1.,0.));
#172 = ( GEOMETRIC_REPRESENTATION_CONTEXT(2) 
PARAMETRIC_REPRESENTATION_CONTEXT() REPRESENTATION_CONTEXT('2D SPACE',''
  ) );
#173 = ADVANCED_FACE('',(#174),#162,.T.);
#174 = FACE_BOUND('',#175,.F.);
#175 = EDGE_LOOP('',(#176,#177,#209,#251,#274,#301,#302,#339));
#176 = ORIENTED_EDGE('',*,*,#147,.F.);
#177 = ORIENTED_EDGE('',*,*,#178,.T.);
#178 = EDGE_CURVE('',#113,#179,#181,.T.);
#179 = VERTEX_POINT('',#180);
#180 = CARTESIAN_POINT('',(-20.81217742272,-18.35526548228,
    10.399899785583));
#181 = SURFACE_CURVE('',#182,(#187,#197),.PCURVE_S1.);
#182 = ELLIPSE('',#183,3.03663813984E+03,27.75);
#183 = AXIS2_PLACEMENT_3D('',#184,#185,#186);
#184 = CARTESIAN_POINT('',(1.42108547152E-14,-1.916703710348E-15,
    -1.99810358928E+03));
#185 = DIRECTION('',(0.,0.999958243993,9.138395397176E-03));
#186 = DIRECTION('',(0.,9.138395397176E-03,-0.999958243993));
#187 = PCURVE('',#162,#188);
#188 = DEFINITIONAL_REPRESENTATION('',(#189),#196);
#189 = B_SPLINE_CURVE_WITH_KNOTS('',5,(#190,#191,#192,#193,#194,#195),
  .UNSPECIFIED.,.F.,.F.,(6,6),(2.292494823613,2.29365353511),
  .PIECEWISE_BEZIER_KNOTS.);
#190 = CARTESIAN_POINT('',(-3.863291150408,2.400000539637E-06));
#191 = CARTESIAN_POINT('',(-3.863522892708,-0.528245492944));
#192 = CARTESIAN_POINT('',(-3.863754635007,-1.056358714921));
#193 = CARTESIAN_POINT('',(-3.863986377306,-1.584337206816));
#194 = CARTESIAN_POINT('',(-3.864218119605,-2.112180909574));
#195 = CARTESIAN_POINT('',(-3.864449861905,-2.639889764141));
#196 = ( GEOMETRIC_REPRESENTATION_CONTEXT(2) 
PARAMETRIC_REPRESENTATION_CONTEXT() REPRESENTATION_CONTEXT('2D SPACE',''
  ) );
#197 = PCURVE('',#198,#203);
#198 = PLANE('',#199);
#199 = AXIS2_PLACEMENT_3D('',#200,#201,#202);
#200 = CARTESIAN_POINT('',(-42.,-18.33333333333,8.));
#201 = DIRECTION('',(0.,0.999958243993,9.138395397176E-03));
#202 = DIRECTION('',(1.,0.,0.));
#203 = DEFINITIONAL_REPRESENTATION('',(#204),#208);
#204 = ELLIPSE('',#205,3.03663813984E+03,27.75);
#205 = AXIS2_PLACEMENT_2D('',#206,#207);
#206 = CARTESIAN_POINT('',(42.000000000004,2.006187359654E+03));
#207 = DIRECTION('',(0.,1.));
#208 = ( GEOMETRIC_REPRESENTATION_CONTEXT(2) 
PARAMETRIC_REPRESENTATION_CONTEXT() REPRESENTATION_CONTEXT('2D SPACE',''
  ) );
#209 = ORIENTED_EDGE('',*,*,#210,.F.);
#210 = EDGE_CURVE('',#211,#179,#213,.T.);
#211 = VERTEX_POINT('',#212);
#212 = CARTESIAN_POINT('',(27.75,-1.916703710348E-15,10.567644463528));
#213 = SURFACE_CURVE('',#214,(#219,#239),.PCURVE_S1.);
#214 = ELLIPSE('',#215,27.75115877758,27.75);
#215 = AXIS2_PLACEMENT_3D('',#216,#217,#218);
#216 = CARTESIAN_POINT('',(1.42108547152E-14,-1.916703710348E-15,
    10.567644463528));
#217 = DIRECTION('',(0.,-9.138395397176E-03,0.999958243993));
#218 = DIRECTION('',(0.,-0.999958243993,-9.138395397176E-03));
#219 = PCURVE('',#162,#220);
#220 = DEFINITIONAL_REPRESENTATION('',(#221),#238);
#221 = B_SPLINE_CURVE_WITH_KNOTS('',8,(#222,#223,#224,#225,#226,#227,
    #228,#229,#230,#231,#232,#233,#234,#235,#236,#237),.UNSPECIFIED.,.F.
  ,.F.,(9,7,9),(1.570796326795,4.712388980385,7.853981633974),
  .UNSPECIFIED.);
#222 = CARTESIAN_POINT('',(0.,-2.567644463528));
#223 = CARTESIAN_POINT('',(-0.392699081699,-2.667233367552));
#224 = CARTESIAN_POINT('',(-0.785398163384,-2.766823065649));
#225 = CARTESIAN_POINT('',(-1.178097245135,-2.843001789544));
#226 = CARTESIAN_POINT('',(-1.570796326731,-2.872421850745));
#227 = CARTESIAN_POINT('',(-1.963495408527,-2.843001789541));
#228 = CARTESIAN_POINT('',(-2.356194490182,-2.766823065651));
#229 = CARTESIAN_POINT('',(-2.748893571891,-2.667233367552));
#230 = CARTESIAN_POINT('',(-3.534291735289,-2.468055559505));
#231 = CARTESIAN_POINT('',(-3.926990816972,-2.36846586141));
#232 = CARTESIAN_POINT('',(-4.319689898683,-2.292287137495));
#233 = CARTESIAN_POINT('',(-4.712388980396,-2.262867076335));
#234 = CARTESIAN_POINT('',(-5.105088062072,-2.292287137499));
#235 = CARTESIAN_POINT('',(-5.497787143772,-2.368465861412));
#236 = CARTESIAN_POINT('',(-5.890486225481,-2.468055559505));
#237 = CARTESIAN_POINT('',(-6.28318530718,-2.567644463528));
#238 = ( GEOMETRIC_REPRESENTATION_CONTEXT(2) 
PARAMETRIC_REPRESENTATION_CONTEXT() REPRESENTATION_CONTEXT('2D SPACE',''
  ) );
#239 = PCURVE('',#240,#245);
#240 = PLANE('',#241);
#241 = AXIS2_PLACEMENT_3D('',#242,#243,#244);
#242 = CARTESIAN_POINT('',(-4.17299927107E-09,31.642646717363,
    10.856819555442));
#243 = DIRECTION('',(0.,-9.138395397176E-03,0.999958243993));
#244 = DIRECTION('',(1.,0.,0.));
#245 = DEFINITIONAL_REPRESENTATION('',(#246),#250);
#246 = ELLIPSE('',#247,27.75115877758,27.75);
#247 = AXIS2_PLACEMENT_2D('',#248,#249);
#248 = CARTESIAN_POINT('',(4.173013481925E-09,-31.64396804311));
#249 = DIRECTION('',(0.,-1.));
#250 = ( GEOMETRIC_REPRESENTATION_CONTEXT(2) 
PARAMETRIC_REPRESENTATION_CONTEXT() REPRESENTATION_CONTEXT('2D SPACE',''
  ) );
#251 = ORIENTED_EDGE('',*,*,#252,.T.);
#252 = EDGE_CURVE('',#211,#253,#255,.T.);
#253 = VERTEX_POINT('',#254);
#254 = CARTESIAN_POINT('',(27.75,-1.916703710348E-15,11.));
#255 = SEAM_CURVE('',#256,(#260,#267),.PCURVE_S1.);
#256 = LINE('',#257,#258);
#257 = CARTESIAN_POINT('',(27.75,-1.916703710348E-15,8.));
#258 = VECTOR('',#259,1.);
#259 = DIRECTION('',(0.,0.,1.));
#260 = PCURVE('',#162,#261);
#261 = DEFINITIONAL_REPRESENTATION('',(#262),#266);
#262 = LINE('',#263,#264);
#263 = CARTESIAN_POINT('',(-6.28318530718,0.));
#264 = VECTOR('',#265,1.);
#265 = DIRECTION('',(-0.,-1.));
#266 = ( GEOMETRIC_REPRESENTATION_CONTEXT(2) 
PARAMETRIC_REPRESENTATION_CONTEXT() REPRESENTATION_CONTEXT('2D SPACE',''
  ) );
#267 = PCURVE('',#162,#268);
#268 = DEFINITIONAL_REPRESENTATION('',(#269),#273);
#269 = LINE('',#270,#271);
#270 = CARTESIAN_POINT('',(-0.,0.));
#271 = VECTOR('',#272,1.);
#272 = DIRECTION('',(-0.,-1.));
#273 = ( GEOMETRIC_REPRESENTATION_CONTEXT(2) 
PARAMETRIC_REPRESENTATION_CONTEXT() REPRESENTATION_CONTEXT('2D SPACE',''
  ) );
#274 = ORIENTED_EDGE('',*,*,#275,.T.);
#275 = EDGE_CURVE('',#253,#253,#276,.T.);
#276 = SURFACE_CURVE('',#277,(#282,#289),.PCURVE_S1.);
#277 = CIRCLE('',#278,27.75);
#278 = AXIS2_PLACEMENT_3D('',#279,#280,#281);
#279 = CARTESIAN_POINT('',(1.42108547152E-14,-1.916703710348E-15,11.));
#280 = DIRECTION('',(0.,0.,1.));
#281 = DIRECTION('',(1.,0.,0.));
#282 = PCURVE('',#162,#283);
#283 = DEFINITIONAL_REPRESENTATION('',(#284),#288);
#284 = LINE('',#285,#286);
#285 = CARTESIAN_POINT('',(-0.,-3.));
#286 = VECTOR('',#287,1.);
#287 = DIRECTION('',(-1.,0.));
#288 = ( GEOMETRIC_REPRESENTATION_CONTEXT(2) 
PARAMETRIC_REPRESENTATION_CONTEXT() REPRESENTATION_CONTEXT('2D SPACE',''
  ) );
#289 = PCURVE('',#290,#295);
#290 = PLANE('',#291);
#291 = AXIS2_PLACEMENT_3D('',#292,#293,#294);
#292 = CARTESIAN_POINT('',(1.184555286432E-14,-3.049501999559E-15,11.));
#293 = DIRECTION('',(0.,0.,1.));
#294 = DIRECTION('',(1.,0.,0.));
#295 = DEFINITIONAL_REPRESENTATION('',(#296),#300);
#296 = CIRCLE('',#297,27.75);
#297 = AXIS2_PLACEMENT_2D('',#298,#299);
#298 = CARTESIAN_POINT('',(2.365301850879E-15,1.132798289211E-15));
#299 = DIRECTION('',(1.,0.));
#300 = ( GEOMETRIC_REPRESENTATION_CONTEXT(2) 
PARAMETRIC_REPRESENTATION_CONTEXT() REPRESENTATION_CONTEXT('2D SPACE',''
  ) );
#301 = ORIENTED_EDGE('',*,*,#252,.F.);
#302 = ORIENTED_EDGE('',*,*,#303,.F.);
#303 = EDGE_CURVE('',#304,#211,#306,.T.);
#304 = VERTEX_POINT('',#305);
#305 = CARTESIAN_POINT('',(20.81217742272,-18.35526548228,
    10.399899785583));
#306 = SURFACE_CURVE('',#307,(#312,#332),.PCURVE_S1.);
#307 = ELLIPSE('',#308,27.75115877758,27.75);
#308 = AXIS2_PLACEMENT_3D('',#309,#310,#311);
#309 = CARTESIAN_POINT('',(1.42108547152E-14,-1.916703710348E-15,
    10.567644463528));
#310 = DIRECTION('',(0.,-9.138395397176E-03,0.999958243993));
#311 = DIRECTION('',(0.,-0.999958243993,-9.138395397176E-03));
#312 = PCURVE('',#162,#313);
#313 = DEFINITIONAL_REPRESENTATION('',(#314),#331);
#314 = B_SPLINE_CURVE_WITH_KNOTS('',8,(#315,#316,#317,#318,#319,#320,
    #321,#322,#323,#324,#325,#326,#327,#328,#329,#330),.UNSPECIFIED.,.F.
  ,.F.,(9,7,9),(1.570796326795,4.712388980385,7.853981633974),
  .UNSPECIFIED.);
#315 = CARTESIAN_POINT('',(0.,-2.567644463528));
#316 = CARTESIAN_POINT('',(-0.392699081699,-2.667233367552));
#317 = CARTESIAN_POINT('',(-0.785398163384,-2.766823065649));
#318 = CARTESIAN_POINT('',(-1.178097245135,-2.843001789544));
#319 = CARTESIAN_POINT('',(-1.570796326731,-2.872421850745));
#320 = CARTESIAN_POINT('',(-1.963495408527,-2.843001789541));
#321 = CARTESIAN_POINT('',(-2.356194490182,-2.766823065651));
#322 = CARTESIAN_POINT('',(-2.748893571891,-2.667233367552));
#323 = CARTESIAN_POINT('',(-3.534291735289,-2.468055559505));
#324 = CARTESIAN_POINT('',(-3.926990816972,-2.36846586141));
#325 = CARTESIAN_POINT('',(-4.319689898683,-2.292287137495));
#326 = CARTESIAN_POINT('',(-4.712388980396,-2.262867076335));
#327 = CARTESIAN_POINT('',(-5.105088062072,-2.292287137499));
#328 = CARTESIAN_POINT('',(-5.497787143772,-2.368465861412));
#329 = CARTESIAN_POINT('',(-5.890486225481,-2.468055559505));
#330 = CARTESIAN_POINT('',(-6.28318530718,-2.567644463528));
#331 = ( GEOMETRIC_REPRESENTATION_CONTEXT(2) 
PARAMETRIC_REPRESENTATION_CONTEXT() REPRESENTATION_CONTEXT('2D SPACE',''
  ) );
#332 = PCURVE('',#240,#333);
#333 = DEFINITIONAL_REPRESENTATION('',(#334),#338);
#334 = ELLIPSE('',#335,27.75115877758,27.75);
#335 = AXIS2_PLACEMENT_2D('',#336,#337);
#336 = CARTESIAN_POINT('',(4.173013481925E-09,-31.64396804311));
#337 = DIRECTION('',(0.,-1.));
#338 = ( GEOMETRIC_REPRESENTATION_CONTEXT(2) 
PARAMETRIC_REPRESENTATION_CONTEXT() REPRESENTATION_CONTEXT('2D SPACE',''
  ) );
#339 = ORIENTED_EDGE('',*,*,#340,.T.);
#340 = EDGE_CURVE('',#304,#115,#341,.T.);
#341 = SURFACE_CURVE('',#342,(#347,#357),.PCURVE_S1.);
#342 = ELLIPSE('',#343,3.03663813984E+03,27.75);
#343 = AXIS2_PLACEMENT_3D('',#344,#345,#346);
#344 = CARTESIAN_POINT('',(1.42108547152E-14,-1.916703710348E-15,
    -1.99810358928E+03));
#345 = DIRECTION('',(0.,0.999958243993,9.138395397176E-03));
#346 = DIRECTION('',(0.,9.138395397176E-03,-0.999958243993));
#347 = PCURVE('',#162,#348);
#348 = DEFINITIONAL_REPRESENTATION('',(#349),#356);
#349 = B_SPLINE_CURVE_WITH_KNOTS('',5,(#350,#351,#352,#353,#354,#355),
  .UNSPECIFIED.,.F.,.F.,(6,6),(3.98953177207,3.990690483566),
  .PIECEWISE_BEZIER_KNOTS.);
#350 = CARTESIAN_POINT('',(-5.560328098865,-2.639889764142));
#351 = CARTESIAN_POINT('',(-5.560559841164,-2.112180909575));
#352 = CARTESIAN_POINT('',(-5.560791583463,-1.584337206818));
#353 = CARTESIAN_POINT('',(-5.561023325763,-1.056358714921));
#354 = CARTESIAN_POINT('',(-5.561255068062,-0.528245492945));
#355 = CARTESIAN_POINT('',(-5.561486810361,2.40000008489E-06));
#356 = ( GEOMETRIC_REPRESENTATION_CONTEXT(2) 
PARAMETRIC_REPRESENTATION_CONTEXT() REPRESENTATION_CONTEXT('2D SPACE',''
  ) );
#357 = PCURVE('',#358,#363);
#358 = PLANE('',#359);
#359 = AXIS2_PLACEMENT_3D('',#360,#361,#362);
#360 = CARTESIAN_POINT('',(-42.,-18.33333333333,8.));
#361 = DIRECTION('',(0.,0.999958243993,9.138395397176E-03));
#362 = DIRECTION('',(1.,0.,0.));
#363 = DEFINITIONAL_REPRESENTATION('',(#364),#368);
#364 = ELLIPSE('',#365,3.03663813984E+03,27.75);
#365 = AXIS2_PLACEMENT_2D('',#366,#367);
#366 = CARTESIAN_POINT('',(42.000000000004,2.006187359654E+03));
#367 = DIRECTION('',(0.,1.));
#368 = ( GEOMETRIC_REPRESENTATION_CONTEXT(2) 
PARAMETRIC_REPRESENTATION_CONTEXT() REPRESENTATION_CONTEXT('2D SPACE',''
  ) );
#369 = ADVANCED_FACE('',(#370),#358,.F.);
#370 = FACE_BOUND('',#371,.F.);
#371 = EDGE_LOOP('',(#372,#400,#401,#424));
#372 = ORIENTED_EDGE('',*,*,#373,.F.);
#373 = EDGE_CURVE('',#115,#374,#376,.T.);
#374 = VERTEX_POINT('',#375);
#375 = CARTESIAN_POINT('',(41.999999983243,-18.33333333333,8.));
#376 = SURFACE_CURVE('',#377,(#381,#388),.PCURVE_S1.);
#377 = LINE('',#378,#379);
#378 = CARTESIAN_POINT('',(3.545608251443E-12,-18.33333333333,8.));
#379 = VECTOR('',#380,1.);
#380 = DIRECTION('',(1.,0.,0.));
#381 = PCURVE('',#358,#382);
#382 = DEFINITIONAL_REPRESENTATION('',(#383),#387);
#383 = LINE('',#384,#385);
#384 = CARTESIAN_POINT('',(42.000000000007,0.));
#385 = VECTOR('',#386,1.);
#386 = DIRECTION('',(1.,0.));
#387 = ( GEOMETRIC_REPRESENTATION_CONTEXT(2) 
PARAMETRIC_REPRESENTATION_CONTEXT() REPRESENTATION_CONTEXT('2D SPACE',''
  ) );
#388 = PCURVE('',#389,#394);
#389 = PLANE('',#390);
#390 = AXIS2_PLACEMENT_3D('',#391,#392,#393);
#391 = CARTESIAN_POINT('',(-4.17299927107E-09,31.664578866317,
    8.456919769859));
#392 = DIRECTION('',(0.,-9.138395397176E-03,0.999958243993));
#393 = DIRECTION('',(1.,0.,0.));
#394 = DEFINITIONAL_REPRESENTATION('',(#395),#399);
#395 = LINE('',#396,#397);
#396 = CARTESIAN_POINT('',(4.176544879322E-09,-50.));
#397 = VECTOR('',#398,1.);
#398 = DIRECTION('',(1.,0.));
#399 = ( GEOMETRIC_REPRESENTATION_CONTEXT(2) 
PARAMETRIC_REPRESENTATION_CONTEXT() REPRESENTATION_CONTEXT('2D SPACE',''
  ) );
#400 = ORIENTED_EDGE('',*,*,#340,.F.);
#401 = ORIENTED_EDGE('',*,*,#402,.T.);
#402 = EDGE_CURVE('',#304,#403,#405,.T.);
#403 = VERTEX_POINT('',#404);
#404 = CARTESIAN_POINT('',(41.999999983243,-18.35526548228,
    10.399899785583));
#405 = SURFACE_CURVE('',#406,(#410,#417),.PCURVE_S1.);
#406 = LINE('',#407,#408);
#407 = CARTESIAN_POINT('',(3.545608251443E-12,-18.35526548228,
    10.399899785583));
#408 = VECTOR('',#409,1.);
#409 = DIRECTION('',(1.,0.,0.));
#410 = PCURVE('',#358,#411);
#411 = DEFINITIONAL_REPRESENTATION('',(#412),#416);
#412 = LINE('',#413,#414);
#413 = CARTESIAN_POINT('',(42.000000000007,-2.4));
#414 = VECTOR('',#415,1.);
#415 = DIRECTION('',(1.,0.));
#416 = ( GEOMETRIC_REPRESENTATION_CONTEXT(2) 
PARAMETRIC_REPRESENTATION_CONTEXT() REPRESENTATION_CONTEXT('2D SPACE',''
  ) );
#417 = PCURVE('',#240,#418);
#418 = DEFINITIONAL_REPRESENTATION('',(#419),#423);
#419 = LINE('',#420,#421);
#420 = CARTESIAN_POINT('',(4.176544879322E-09,-50.));
#421 = VECTOR('',#422,1.);
#422 = DIRECTION('',(1.,0.));
#423 = ( GEOMETRIC_REPRESENTATION_CONTEXT(2) 
PARAMETRIC_REPRESENTATION_CONTEXT() REPRESENTATION_CONTEXT('2D SPACE',''
  ) );
#424 = ORIENTED_EDGE('',*,*,#425,.F.);
#425 = EDGE_CURVE('',#374,#403,#426,.T.);
#426 = SURFACE_CURVE('',#427,(#431,#438),.PCURVE_S1.);
#427 = LINE('',#428,#429);
#428 = CARTESIAN_POINT('',(41.999999983243,-18.33333333333,8.));
#429 = VECTOR('',#430,1.);
#430 = DIRECTION('',(0.,-9.138395397176E-03,0.999958243993));
#431 = PCURVE('',#358,#432);
#432 = DEFINITIONAL_REPRESENTATION('',(#433),#437);
#433 = LINE('',#434,#435);
#434 = CARTESIAN_POINT('',(83.999999983247,0.));
#435 = VECTOR('',#436,1.);
#436 = DIRECTION('',(0.,-1.));
#437 = ( GEOMETRIC_REPRESENTATION_CONTEXT(2) 
PARAMETRIC_REPRESENTATION_CONTEXT() REPRESENTATION_CONTEXT('2D SPACE',''
  ) );
#438 = PCURVE('',#439,#444);
#439 = CYLINDRICAL_SURFACE('',#440,3.);
#440 = AXIS2_PLACEMENT_3D('',#441,#442,#443);
#441 = CARTESIAN_POINT('',(41.999999983243,-15.33345860135,
    8.027415186192));
#442 = DIRECTION('',(0.,9.138395397176E-03,-0.999958243993));
#443 = DIRECTION('',(1.,0.,0.));
#444 = DEFINITIONAL_REPRESENTATION('',(#445),#449);
#445 = LINE('',#446,#447);
#446 = CARTESIAN_POINT('',(-4.712388980385,0.));
#447 = VECTOR('',#448,1.);
#448 = DIRECTION('',(-0.,-1.));
#449 = ( GEOMETRIC_REPRESENTATION_CONTEXT(2) 
PARAMETRIC_REPRESENTATION_CONTEXT() REPRESENTATION_CONTEXT('2D SPACE',''
  ) );
#450 = ADVANCED_FACE('',(#451,#1117,#1241,#1365,#1489,#1613,#1737,#1861,
    #1985,#2109),#240,.T.);
#451 = FACE_BOUND('',#452,.T.);
#452 = EDGE_LOOP('',(#453,#483,#512,#533,#534,#535,#536,#560,#588,#617,
    #645,#673,#706,#734,#762,#795,#823,#851,#884,#912,#940,#973,#1001,
    #1029,#1062,#1090));
#453 = ORIENTED_EDGE('',*,*,#454,.F.);
#454 = EDGE_CURVE('',#455,#457,#459,.T.);
#455 = VERTEX_POINT('',#456);
#456 = CARTESIAN_POINT('',(-45.,-15.3553907503,10.427314971775));
#457 = VERTEX_POINT('',#458);
#458 = CARTESIAN_POINT('',(-45.,78.640684185034,11.286324139109));
#459 = SURFACE_CURVE('',#460,(#464,#471),.PCURVE_S1.);
#460 = LINE('',#461,#462);
#461 = CARTESIAN_POINT('',(-44.99999999999,31.642646717363,
    10.856819555442));
#462 = VECTOR('',#463,1.);
#463 = DIRECTION('',(0.,0.999958243993,9.138395397176E-03));
#464 = PCURVE('',#240,#465);
#465 = DEFINITIONAL_REPRESENTATION('',(#466),#470);
#466 = LINE('',#467,#468);
#467 = CARTESIAN_POINT('',(-44.99999999582,1.194874899368E-15));
#468 = VECTOR('',#469,1.);
#469 = DIRECTION('',(0.,1.));
#470 = ( GEOMETRIC_REPRESENTATION_CONTEXT(2) 
PARAMETRIC_REPRESENTATION_CONTEXT() REPRESENTATION_CONTEXT('2D SPACE',''
  ) );
#471 = PCURVE('',#472,#477);
#472 = PLANE('',#473);
#473 = AXIS2_PLACEMENT_3D('',#474,#475,#476);
#474 = CARTESIAN_POINT('',(-44.99999999999,-15.33345860135,
    8.027415186192));
#475 = DIRECTION('',(-1.,0.,0.));
#476 = DIRECTION('',(0.,0.999958243993,9.138395397176E-03));
#477 = DEFINITIONAL_REPRESENTATION('',(#478),#482);
#478 = LINE('',#479,#480);
#479 = CARTESIAN_POINT('',(47.,-2.4));
#480 = VECTOR('',#481,1.);
#481 = DIRECTION('',(1.,0.));
#482 = ( GEOMETRIC_REPRESENTATION_CONTEXT(2) 
PARAMETRIC_REPRESENTATION_CONTEXT() REPRESENTATION_CONTEXT('2D SPACE',''
  ) );
#483 = ORIENTED_EDGE('',*,*,#484,.T.);
#484 = EDGE_CURVE('',#455,#485,#487,.T.);
#485 = VERTEX_POINT('',#486);
#486 = CARTESIAN_POINT('',(-42.,-18.35526548228,10.399899785583));
#487 = SURFACE_CURVE('',#488,(#493,#500),.PCURVE_S1.);
#488 = CIRCLE('',#489,3.);
#489 = AXIS2_PLACEMENT_3D('',#490,#491,#492);
#490 = CARTESIAN_POINT('',(-42.,-15.3553907503,10.427314971775));
#491 = DIRECTION('',(0.,-9.138395397176E-03,0.999958243993));
#492 = DIRECTION('',(1.,0.,0.));
#493 = PCURVE('',#240,#494);
#494 = DEFINITIONAL_REPRESENTATION('',(#495),#499);
#495 = CIRCLE('',#496,3.);
#496 = AXIS2_PLACEMENT_2D('',#497,#498);
#497 = CARTESIAN_POINT('',(-41.99999999583,-47.));
#498 = DIRECTION('',(1.,0.));
#499 = ( GEOMETRIC_REPRESENTATION_CONTEXT(2) 
PARAMETRIC_REPRESENTATION_CONTEXT() REPRESENTATION_CONTEXT('2D SPACE',''
  ) );
#500 = PCURVE('',#501,#506);
#501 = CYLINDRICAL_SURFACE('',#502,3.);
#502 = AXIS2_PLACEMENT_3D('',#503,#504,#505);
#503 = CARTESIAN_POINT('',(-42.,-15.33345860135,8.027415186192));
#504 = DIRECTION('',(0.,9.138395397176E-03,-0.999958243993));
#505 = DIRECTION('',(1.,0.,0.));
#506 = DEFINITIONAL_REPRESENTATION('',(#507),#511);
#507 = LINE('',#508,#509);
#508 = CARTESIAN_POINT('',(-0.,-2.4));
#509 = VECTOR('',#510,1.);
#510 = DIRECTION('',(-1.,0.));
#511 = ( GEOMETRIC_REPRESENTATION_CONTEXT(2) 
PARAMETRIC_REPRESENTATION_CONTEXT() REPRESENTATION_CONTEXT('2D SPACE',''
  ) );
#512 = ORIENTED_EDGE('',*,*,#513,.T.);
#513 = EDGE_CURVE('',#485,#179,#514,.T.);
#514 = SURFACE_CURVE('',#515,(#519,#526),.PCURVE_S1.);
#515 = LINE('',#516,#517);
#516 = CARTESIAN_POINT('',(3.545608251443E-12,-18.35526548228,
    10.399899785583));
#517 = VECTOR('',#518,1.);
#518 = DIRECTION('',(1.,0.,0.));
#519 = PCURVE('',#240,#520);
#520 = DEFINITIONAL_REPRESENTATION('',(#521),#525);
#521 = LINE('',#522,#523);
#522 = CARTESIAN_POINT('',(4.176544879322E-09,-50.));
#523 = VECTOR('',#524,1.);
#524 = DIRECTION('',(1.,0.));
#525 = ( GEOMETRIC_REPRESENTATION_CONTEXT(2) 
PARAMETRIC_REPRESENTATION_CONTEXT() REPRESENTATION_CONTEXT('2D SPACE',''
  ) );
#526 = PCURVE('',#198,#527);
#527 = DEFINITIONAL_REPRESENTATION('',(#528),#532);
#528 = LINE('',#529,#530);
#529 = CARTESIAN_POINT('',(42.000000000007,-2.4));
#530 = VECTOR('',#531,1.);
#531 = DIRECTION('',(1.,0.));
#532 = ( GEOMETRIC_REPRESENTATION_CONTEXT(2) 
PARAMETRIC_REPRESENTATION_CONTEXT() REPRESENTATION_CONTEXT('2D SPACE',''
  ) );
#533 = ORIENTED_EDGE('',*,*,#210,.F.);
#534 = ORIENTED_EDGE('',*,*,#303,.F.);
#535 = ORIENTED_EDGE('',*,*,#402,.T.);
#536 = ORIENTED_EDGE('',*,*,#537,.T.);
#537 = EDGE_CURVE('',#403,#538,#540,.T.);
#538 = VERTEX_POINT('',#539);
#539 = CARTESIAN_POINT('',(44.999999991623,-15.3553907503,
    10.427314971775));
#540 = SURFACE_CURVE('',#541,(#546,#553),.PCURVE_S1.);
#541 = CIRCLE('',#542,3.);
#542 = AXIS2_PLACEMENT_3D('',#543,#544,#545);
#543 = CARTESIAN_POINT('',(41.999999983243,-15.3553907503,
    10.427314971775));
#544 = DIRECTION('',(0.,-9.138395397176E-03,0.999958243993));
#545 = DIRECTION('',(1.,0.,0.));
#546 = PCURVE('',#240,#547);
#547 = DEFINITIONAL_REPRESENTATION('',(#548),#552);
#548 = CIRCLE('',#549,3.);
#549 = AXIS2_PLACEMENT_2D('',#550,#551);
#550 = CARTESIAN_POINT('',(41.999999987416,-47.));
#551 = DIRECTION('',(1.,0.));
#552 = ( GEOMETRIC_REPRESENTATION_CONTEXT(2) 
PARAMETRIC_REPRESENTATION_CONTEXT() REPRESENTATION_CONTEXT('2D SPACE',''
  ) );
#553 = PCURVE('',#439,#554);
#554 = DEFINITIONAL_REPRESENTATION('',(#555),#559);
#555 = LINE('',#556,#557);
#556 = CARTESIAN_POINT('',(-0.,-2.4));
#557 = VECTOR('',#558,1.);
#558 = DIRECTION('',(-1.,0.));
#559 = ( GEOMETRIC_REPRESENTATION_CONTEXT(2) 
PARAMETRIC_REPRESENTATION_CONTEXT() REPRESENTATION_CONTEXT('2D SPACE',''
  ) );
#560 = ORIENTED_EDGE('',*,*,#561,.T.);
#561 = EDGE_CURVE('',#538,#562,#564,.T.);
#562 = VERTEX_POINT('',#563);
#563 = CARTESIAN_POINT('',(44.999999991623,78.640684185034,
    11.286324139109));
#564 = SURFACE_CURVE('',#565,(#569,#576),.PCURVE_S1.);
#565 = LINE('',#566,#567);
#566 = CARTESIAN_POINT('',(45.000000000004,31.642646717363,
    10.856819555442));
#567 = VECTOR('',#568,1.);
#568 = DIRECTION('',(0.,0.999958243993,9.138395397176E-03));
#569 = PCURVE('',#240,#570);
#570 = DEFINITIONAL_REPRESENTATION('',(#571),#575);
#571 = LINE('',#572,#573);
#572 = CARTESIAN_POINT('',(45.000000004177,1.194874899368E-15));
#573 = VECTOR('',#574,1.);
#574 = DIRECTION('',(0.,1.));
#575 = ( GEOMETRIC_REPRESENTATION_CONTEXT(2) 
PARAMETRIC_REPRESENTATION_CONTEXT() REPRESENTATION_CONTEXT('2D SPACE',''
  ) );
#576 = PCURVE('',#577,#582);
#577 = PLANE('',#578);
#578 = AXIS2_PLACEMENT_3D('',#579,#580,#581);
#579 = CARTESIAN_POINT('',(45.000000000004,-15.33345860135,
    8.027415186192));
#580 = DIRECTION('',(-1.,0.,0.));
#581 = DIRECTION('',(0.,0.999958243993,9.138395397176E-03));
#582 = DEFINITIONAL_REPRESENTATION('',(#583),#587);
#583 = LINE('',#584,#585);
#584 = CARTESIAN_POINT('',(47.,-2.4));
#585 = VECTOR('',#586,1.);
#586 = DIRECTION('',(1.,0.));
#587 = ( GEOMETRIC_REPRESENTATION_CONTEXT(2) 
PARAMETRIC_REPRESENTATION_CONTEXT() REPRESENTATION_CONTEXT('2D SPACE',''
  ) );
#588 = ORIENTED_EDGE('',*,*,#589,.T.);
#589 = EDGE_CURVE('',#562,#590,#592,.T.);
#590 = VERTEX_POINT('',#591);
#591 = CARTESIAN_POINT('',(41.999999983243,81.640558917013,
    11.313739325301));
#592 = SURFACE_CURVE('',#593,(#598,#605),.PCURVE_S1.);
#593 = CIRCLE('',#594,3.);
#594 = AXIS2_PLACEMENT_3D('',#595,#596,#597);
#595 = CARTESIAN_POINT('',(41.999999983243,78.640684185034,
    11.286324139109));
#596 = DIRECTION('',(0.,-9.138395397176E-03,0.999958243993));
#597 = DIRECTION('',(1.,0.,0.));
#598 = PCURVE('',#240,#599);
#599 = DEFINITIONAL_REPRESENTATION('',(#600),#604);
#600 = CIRCLE('',#601,3.);
#601 = AXIS2_PLACEMENT_2D('',#602,#603);
#602 = CARTESIAN_POINT('',(41.999999987416,47.));
#603 = DIRECTION('',(1.,0.));
#604 = ( GEOMETRIC_REPRESENTATION_CONTEXT(2) 
PARAMETRIC_REPRESENTATION_CONTEXT() REPRESENTATION_CONTEXT('2D SPACE',''
  ) );
#605 = PCURVE('',#606,#611);
#606 = CYLINDRICAL_SURFACE('',#607,3.);
#607 = AXIS2_PLACEMENT_3D('',#608,#609,#610);
#608 = CARTESIAN_POINT('',(41.999999983243,78.662616333988,
    8.886424353526));
#609 = DIRECTION('',(0.,9.138395397176E-03,-0.999958243993));
#610 = DIRECTION('',(1.,0.,0.));
#611 = DEFINITIONAL_REPRESENTATION('',(#612),#616);
#612 = LINE('',#613,#614);
#613 = CARTESIAN_POINT('',(-0.,-2.4));
#614 = VECTOR('',#615,1.);
#615 = DIRECTION('',(-1.,0.));
#616 = ( GEOMETRIC_REPRESENTATION_CONTEXT(2) 
PARAMETRIC_REPRESENTATION_CONTEXT() REPRESENTATION_CONTEXT('2D SPACE',''
  ) );
#617 = ORIENTED_EDGE('',*,*,#618,.F.);
#618 = EDGE_CURVE('',#619,#590,#621,.T.);
#619 = VERTEX_POINT('',#620);
#620 = CARTESIAN_POINT('',(32.121320343067,81.640558917013,
    11.313739325301));
#621 = SURFACE_CURVE('',#622,(#626,#633),.PCURVE_S1.);
#622 = LINE('',#623,#624);
#623 = CARTESIAN_POINT('',(3.545608251443E-12,81.640558917013,
    11.313739325301));
#624 = VECTOR('',#625,1.);
#625 = DIRECTION('',(1.,0.,0.));
#626 = PCURVE('',#240,#627);
#627 = DEFINITIONAL_REPRESENTATION('',(#628),#632);
#628 = LINE('',#629,#630);
#629 = CARTESIAN_POINT('',(4.176544879322E-09,50.));
#630 = VECTOR('',#631,1.);
#631 = DIRECTION('',(1.,0.));
#632 = ( GEOMETRIC_REPRESENTATION_CONTEXT(2) 
PARAMETRIC_REPRESENTATION_CONTEXT() REPRESENTATION_CONTEXT('2D SPACE',''
  ) );
#633 = PCURVE('',#634,#639);
#634 = PLANE('',#635);
#635 = AXIS2_PLACEMENT_3D('',#636,#637,#638);
#636 = CARTESIAN_POINT('',(-42.,81.662491065967,8.913839539718));
#637 = DIRECTION('',(0.,0.999958243993,9.138395397176E-03));
#638 = DIRECTION('',(1.,0.,0.));
#639 = DEFINITIONAL_REPRESENTATION('',(#640),#644);
#640 = LINE('',#641,#642);
#641 = CARTESIAN_POINT('',(42.000000000007,-2.4));
#642 = VECTOR('',#643,1.);
#643 = DIRECTION('',(1.,0.));
#644 = ( GEOMETRIC_REPRESENTATION_CONTEXT(2) 
PARAMETRIC_REPRESENTATION_CONTEXT() REPRESENTATION_CONTEXT('2D SPACE',''
  ) );
#645 = ORIENTED_EDGE('',*,*,#646,.F.);
#646 = EDGE_CURVE('',#647,#619,#649,.T.);
#647 = VERTEX_POINT('',#648);
#648 = CARTESIAN_POINT('',(30.646446608914,80.165746767699,
    11.300261345957));
#649 = SURFACE_CURVE('',#650,(#654,#661),.PCURVE_S1.);
#650 = LINE('',#651,#652);
#651 = CARTESIAN_POINT('',(30.646446608914,80.165746767699,
    11.300261345957));
#652 = VECTOR('',#653,1.);
#653 = DIRECTION('',(0.707106781187,0.707077255231,6.461821354507E-03));
#654 = PCURVE('',#240,#655);
#655 = DEFINITIONAL_REPRESENTATION('',(#656),#660);
#656 = LINE('',#657,#658);
#657 = CARTESIAN_POINT('',(30.646446613087,48.525126265847));
#658 = VECTOR('',#659,1.);
#659 = DIRECTION('',(0.707106781187,0.707106781187));
#660 = ( GEOMETRIC_REPRESENTATION_CONTEXT(2) 
PARAMETRIC_REPRESENTATION_CONTEXT() REPRESENTATION_CONTEXT('2D SPACE',''
  ) );
#661 = PCURVE('',#662,#667);
#662 = PLANE('',#663);
#663 = AXIS2_PLACEMENT_3D('',#664,#665,#666);
#664 = CARTESIAN_POINT('',(30.646446608914,80.165746767699,
    11.300261345957));
#665 = DIRECTION('',(0.707106781187,-0.707077255231,-6.461821354507E-03)
  );
#666 = DIRECTION('',(0.707106781187,0.707077255231,6.461821354507E-03));
#667 = DEFINITIONAL_REPRESENTATION('',(#668),#672);
#668 = LINE('',#669,#670);
#669 = CARTESIAN_POINT('',(0.,0.));
#670 = VECTOR('',#671,1.);
#671 = DIRECTION('',(1.,0.));
#672 = ( GEOMETRIC_REPRESENTATION_CONTEXT(2) 
PARAMETRIC_REPRESENTATION_CONTEXT() REPRESENTATION_CONTEXT('2D SPACE',''
  ) );
#673 = ORIENTED_EDGE('',*,*,#674,.T.);
#674 = EDGE_CURVE('',#647,#675,#677,.T.);
#675 = VERTEX_POINT('',#676);
#676 = CARTESIAN_POINT('',(28.144111326457,81.640558917013,
    11.313739325301));
#677 = SURFACE_CURVE('',#678,(#683,#694),.PCURVE_S1.);
#678 = CIRCLE('',#679,1.5);
#679 = AXIS2_PLACEMENT_3D('',#680,#681,#682);
#680 = CARTESIAN_POINT('',(29.585786437134,81.226362650545,
    11.309954077989));
#681 = DIRECTION('',(8.673617379884E-19,9.138395397176E-03,
    -0.999958243993));
#682 = DIRECTION('',(0.707106781187,0.707077255231,6.461821354507E-03));
#683 = PCURVE('',#240,#684);
#684 = DEFINITIONAL_REPRESENTATION('',(#685),#693);
#685 = ( BOUNDED_CURVE() B_SPLINE_CURVE(2,(#686,#687,#688,#689,#690,#691
,#692),.UNSPECIFIED.,.T.,.F.) B_SPLINE_CURVE_WITH_KNOTS((1,2,2,2,2,1),(
    -2.094395102393,0.,2.094395102393,4.188790204786,6.28318530718,
8.377580409573),.UNSPECIFIED.) CURVE() GEOMETRIC_REPRESENTATION_ITEM() 
RATIONAL_B_SPLINE_CURVE((1.,0.5,1.,0.5,1.,0.5,1.)) REPRESENTATION_ITEM(
  '') );
#686 = CARTESIAN_POINT('',(30.646446613087,50.646446609407));
#687 = CARTESIAN_POINT('',(32.483563920174,48.809329302319));
#688 = CARTESIAN_POINT('',(29.974015008961,48.136897698193));
#689 = CARTESIAN_POINT('',(27.464466097748,47.464466094067));
#690 = CARTESIAN_POINT('',(28.136897701874,49.974015005281));
#691 = CARTESIAN_POINT('',(28.809329306,52.483563916494));
#692 = CARTESIAN_POINT('',(30.646446613087,50.646446609407));
#693 = ( GEOMETRIC_REPRESENTATION_CONTEXT(2) 
PARAMETRIC_REPRESENTATION_CONTEXT() REPRESENTATION_CONTEXT('2D SPACE',''
  ) );
#694 = PCURVE('',#695,#700);
#695 = CYLINDRICAL_SURFACE('',#696,1.5);
#696 = AXIS2_PLACEMENT_3D('',#697,#698,#699);
#697 = CARTESIAN_POINT('',(29.585786437134,81.226362650545,
    11.309954077989));
#698 = DIRECTION('',(0.,-9.138395397176E-03,0.999958243993));
#699 = DIRECTION('',(0.707106781187,0.707077255231,6.461821354507E-03));
#700 = DEFINITIONAL_REPRESENTATION('',(#701),#705);
#701 = LINE('',#702,#703);
#702 = CARTESIAN_POINT('',(-0.,0.));
#703 = VECTOR('',#704,1.);
#704 = DIRECTION('',(-1.,0.));
#705 = ( GEOMETRIC_REPRESENTATION_CONTEXT(2) 
PARAMETRIC_REPRESENTATION_CONTEXT() REPRESENTATION_CONTEXT('2D SPACE',''
  ) );
#706 = ORIENTED_EDGE('',*,*,#707,.F.);
#707 = EDGE_CURVE('',#708,#675,#710,.T.);
#708 = VERTEX_POINT('',#709);
#709 = CARTESIAN_POINT('',(18.121320343067,81.640558917013,
    11.313739325301));
#710 = SURFACE_CURVE('',#711,(#715,#722),.PCURVE_S1.);
#711 = LINE('',#712,#713);
#712 = CARTESIAN_POINT('',(3.545608251443E-12,81.640558917013,
    11.313739325301));
#713 = VECTOR('',#714,1.);
#714 = DIRECTION('',(1.,0.,0.));
#715 = PCURVE('',#240,#716);
#716 = DEFINITIONAL_REPRESENTATION('',(#717),#721);
#717 = LINE('',#718,#719);
#718 = CARTESIAN_POINT('',(4.176544879322E-09,50.));
#719 = VECTOR('',#720,1.);
#720 = DIRECTION('',(1.,0.));
#721 = ( GEOMETRIC_REPRESENTATION_CONTEXT(2) 
PARAMETRIC_REPRESENTATION_CONTEXT() REPRESENTATION_CONTEXT('2D SPACE',''
  ) );
#722 = PCURVE('',#723,#728);
#723 = PLANE('',#724);
#724 = AXIS2_PLACEMENT_3D('',#725,#726,#727);
#725 = CARTESIAN_POINT('',(-42.,81.662491065967,8.913839539718));
#726 = DIRECTION('',(0.,0.999958243993,9.138395397176E-03));
#727 = DIRECTION('',(1.,0.,0.));
#728 = DEFINITIONAL_REPRESENTATION('',(#729),#733);
#729 = LINE('',#730,#731);
#730 = CARTESIAN_POINT('',(42.000000000007,-2.4));
#731 = VECTOR('',#732,1.);
#732 = DIRECTION('',(1.,0.));
#733 = ( GEOMETRIC_REPRESENTATION_CONTEXT(2) 
PARAMETRIC_REPRESENTATION_CONTEXT() REPRESENTATION_CONTEXT('2D SPACE',''
  ) );
#734 = ORIENTED_EDGE('',*,*,#735,.F.);
#735 = EDGE_CURVE('',#736,#708,#738,.T.);
#736 = VERTEX_POINT('',#737);
#737 = CARTESIAN_POINT('',(16.646446608914,80.165746767699,
    11.300261345957));
#738 = SURFACE_CURVE('',#739,(#743,#750),.PCURVE_S1.);
#739 = LINE('',#740,#741);
#740 = CARTESIAN_POINT('',(16.646446608914,80.165746767699,
    11.300261345957));
#741 = VECTOR('',#742,1.);
#742 = DIRECTION('',(0.707106781187,0.707077255231,6.461821354507E-03));
#743 = PCURVE('',#240,#744);
#744 = DEFINITIONAL_REPRESENTATION('',(#745),#749);
#745 = LINE('',#746,#747);
#746 = CARTESIAN_POINT('',(16.646446613087,48.525126265847));
#747 = VECTOR('',#748,1.);
#748 = DIRECTION('',(0.707106781187,0.707106781187));
#749 = ( GEOMETRIC_REPRESENTATION_CONTEXT(2) 
PARAMETRIC_REPRESENTATION_CONTEXT() REPRESENTATION_CONTEXT('2D SPACE',''
  ) );
#750 = PCURVE('',#751,#756);
#751 = PLANE('',#752);
#752 = AXIS2_PLACEMENT_3D('',#753,#754,#755);
#753 = CARTESIAN_POINT('',(16.646446608914,80.165746767699,
    11.300261345957));
#754 = DIRECTION('',(0.707106781187,-0.707077255231,-6.461821354507E-03)
  );
#755 = DIRECTION('',(0.707106781187,0.707077255231,6.461821354507E-03));
#756 = DEFINITIONAL_REPRESENTATION('',(#757),#761);
#757 = LINE('',#758,#759);
#758 = CARTESIAN_POINT('',(0.,0.));
#759 = VECTOR('',#760,1.);
#760 = DIRECTION('',(1.,0.));
#761 = ( GEOMETRIC_REPRESENTATION_CONTEXT(2) 
PARAMETRIC_REPRESENTATION_CONTEXT() REPRESENTATION_CONTEXT('2D SPACE',''
  ) );
#762 = ORIENTED_EDGE('',*,*,#763,.T.);
#763 = EDGE_CURVE('',#736,#764,#766,.T.);
#764 = VERTEX_POINT('',#765);
#765 = CARTESIAN_POINT('',(14.144111326457,81.640558917013,
    11.313739325301));
#766 = SURFACE_CURVE('',#767,(#772,#783),.PCURVE_S1.);
#767 = CIRCLE('',#768,1.5);
#768 = AXIS2_PLACEMENT_3D('',#769,#770,#771);
#769 = CARTESIAN_POINT('',(15.585786437134,81.226362650545,
    11.309954077989));
#770 = DIRECTION('',(8.673617379884E-19,9.138395397176E-03,
    -0.999958243993));
#771 = DIRECTION('',(0.707106781187,0.707077255231,6.461821354507E-03));
#772 = PCURVE('',#240,#773);
#773 = DEFINITIONAL_REPRESENTATION('',(#774),#782);
#774 = ( BOUNDED_CURVE() B_SPLINE_CURVE(2,(#775,#776,#777,#778,#779,#780
,#781),.UNSPECIFIED.,.T.,.F.) B_SPLINE_CURVE_WITH_KNOTS((1,2,2,2,2,1),(
    -2.094395102393,0.,2.094395102393,4.188790204786,6.28318530718,
8.377580409573),.UNSPECIFIED.) CURVE() GEOMETRIC_REPRESENTATION_ITEM() 
RATIONAL_B_SPLINE_CURVE((1.,0.5,1.,0.5,1.,0.5,1.)) REPRESENTATION_ITEM(
  '') );
#775 = CARTESIAN_POINT('',(16.646446613087,50.646446609407));
#776 = CARTESIAN_POINT('',(18.483563920174,48.809329302319));
#777 = CARTESIAN_POINT('',(15.974015008961,48.136897698193));
#778 = CARTESIAN_POINT('',(13.464466097748,47.464466094067));
#779 = CARTESIAN_POINT('',(14.136897701874,49.974015005281));
#780 = CARTESIAN_POINT('',(14.809329306,52.483563916494));
#781 = CARTESIAN_POINT('',(16.646446613087,50.646446609407));
#782 = ( GEOMETRIC_REPRESENTATION_CONTEXT(2) 
PARAMETRIC_REPRESENTATION_CONTEXT() REPRESENTATION_CONTEXT('2D SPACE',''
  ) );
#783 = PCURVE('',#784,#789);
#784 = CYLINDRICAL_SURFACE('',#785,1.5);
#785 = AXIS2_PLACEMENT_3D('',#786,#787,#788);
#786 = CARTESIAN_POINT('',(15.585786437134,81.226362650545,
    11.309954077989));
#787 = DIRECTION('',(0.,-9.138395397176E-03,0.999958243993));
#788 = DIRECTION('',(0.707106781187,0.707077255231,6.461821354507E-03));
#789 = DEFINITIONAL_REPRESENTATION('',(#790),#794);
#790 = LINE('',#791,#792);
#791 = CARTESIAN_POINT('',(-0.,0.));
#792 = VECTOR('',#793,1.);
#793 = DIRECTION('',(-1.,0.));
#794 = ( GEOMETRIC_REPRESENTATION_CONTEXT(2) 
PARAMETRIC_REPRESENTATION_CONTEXT() REPRESENTATION_CONTEXT('2D SPACE',''
  ) );
#795 = ORIENTED_EDGE('',*,*,#796,.F.);
#796 = EDGE_CURVE('',#797,#764,#799,.T.);
#797 = VERTEX_POINT('',#798);
#798 = CARTESIAN_POINT('',(4.121320343067,81.640558917013,
    11.313739325301));
#799 = SURFACE_CURVE('',#800,(#804,#811),.PCURVE_S1.);
#800 = LINE('',#801,#802);
#801 = CARTESIAN_POINT('',(3.545608251443E-12,81.640558917013,
    11.313739325301));
#802 = VECTOR('',#803,1.);
#803 = DIRECTION('',(1.,0.,0.));
#804 = PCURVE('',#240,#805);
#805 = DEFINITIONAL_REPRESENTATION('',(#806),#810);
#806 = LINE('',#807,#808);
#807 = CARTESIAN_POINT('',(4.176544879322E-09,50.));
#808 = VECTOR('',#809,1.);
#809 = DIRECTION('',(1.,0.));
#810 = ( GEOMETRIC_REPRESENTATION_CONTEXT(2) 
PARAMETRIC_REPRESENTATION_CONTEXT() REPRESENTATION_CONTEXT('2D SPACE',''
  ) );
#811 = PCURVE('',#812,#817);
#812 = PLANE('',#813);
#813 = AXIS2_PLACEMENT_3D('',#814,#815,#816);
#814 = CARTESIAN_POINT('',(-42.,81.662491065967,8.913839539718));
#815 = DIRECTION('',(0.,0.999958243993,9.138395397176E-03));
#816 = DIRECTION('',(1.,0.,0.));
#817 = DEFINITIONAL_REPRESENTATION('',(#818),#822);
#818 = LINE('',#819,#820);
#819 = CARTESIAN_POINT('',(42.000000000007,-2.4));
#820 = VECTOR('',#821,1.);
#821 = DIRECTION('',(1.,0.));
#822 = ( GEOMETRIC_REPRESENTATION_CONTEXT(2) 
PARAMETRIC_REPRESENTATION_CONTEXT() REPRESENTATION_CONTEXT('2D SPACE',''
  ) );
#823 = ORIENTED_EDGE('',*,*,#824,.F.);
#824 = EDGE_CURVE('',#825,#797,#827,.T.);
#825 = VERTEX_POINT('',#826);
#826 = CARTESIAN_POINT('',(2.646446608914,80.165746767699,
    11.300261345957));
#827 = SURFACE_CURVE('',#828,(#832,#839),.PCURVE_S1.);
#828 = LINE('',#829,#830);
#829 = CARTESIAN_POINT('',(2.646446608914,80.165746767699,
    11.300261345957));
#830 = VECTOR('',#831,1.);
#831 = DIRECTION('',(0.707106781187,0.707077255231,6.461821354507E-03));
#832 = PCURVE('',#240,#833);
#833 = DEFINITIONAL_REPRESENTATION('',(#834),#838);
#834 = LINE('',#835,#836);
#835 = CARTESIAN_POINT('',(2.646446613087,48.525126265847));
#836 = VECTOR('',#837,1.);
#837 = DIRECTION('',(0.707106781187,0.707106781187));
#838 = ( GEOMETRIC_REPRESENTATION_CONTEXT(2) 
PARAMETRIC_REPRESENTATION_CONTEXT() REPRESENTATION_CONTEXT('2D SPACE',''
  ) );
#839 = PCURVE('',#840,#845);
#840 = PLANE('',#841);
#841 = AXIS2_PLACEMENT_3D('',#842,#843,#844);
#842 = CARTESIAN_POINT('',(2.646446608914,80.165746767699,
    11.300261345957));
#843 = DIRECTION('',(0.707106781187,-0.707077255231,-6.461821354507E-03)
  );
#844 = DIRECTION('',(0.707106781187,0.707077255231,6.461821354507E-03));
#845 = DEFINITIONAL_REPRESENTATION('',(#846),#850);
#846 = LINE('',#847,#848);
#847 = CARTESIAN_POINT('',(0.,0.));
#848 = VECTOR('',#849,1.);
#849 = DIRECTION('',(1.,0.));
#850 = ( GEOMETRIC_REPRESENTATION_CONTEXT(2) 
PARAMETRIC_REPRESENTATION_CONTEXT() REPRESENTATION_CONTEXT('2D SPACE',''
  ) );
#851 = ORIENTED_EDGE('',*,*,#852,.T.);
#852 = EDGE_CURVE('',#825,#853,#855,.T.);
#853 = VERTEX_POINT('',#854);
#854 = CARTESIAN_POINT('',(0.144111326457,81.640558917013,
    11.313739325301));
#855 = SURFACE_CURVE('',#856,(#861,#872),.PCURVE_S1.);
#856 = CIRCLE('',#857,1.5);
#857 = AXIS2_PLACEMENT_3D('',#858,#859,#860);
#858 = CARTESIAN_POINT('',(1.585786437134,81.226362650545,
    11.309954077989));
#859 = DIRECTION('',(8.673617379884E-19,9.138395397176E-03,
    -0.999958243993));
#860 = DIRECTION('',(0.707106781187,0.707077255231,6.461821354507E-03));
#861 = PCURVE('',#240,#862);
#862 = DEFINITIONAL_REPRESENTATION('',(#863),#871);
#863 = ( BOUNDED_CURVE() B_SPLINE_CURVE(2,(#864,#865,#866,#867,#868,#869
,#870),.UNSPECIFIED.,.T.,.F.) B_SPLINE_CURVE_WITH_KNOTS((1,2,2,2,2,1),(
    -2.094395102393,0.,2.094395102393,4.188790204786,6.28318530718,
8.377580409573),.UNSPECIFIED.) CURVE() GEOMETRIC_REPRESENTATION_ITEM() 
RATIONAL_B_SPLINE_CURVE((1.,0.5,1.,0.5,1.,0.5,1.)) REPRESENTATION_ITEM(
  '') );
#864 = CARTESIAN_POINT('',(2.646446613087,50.646446609407));
#865 = CARTESIAN_POINT('',(4.483563920174,48.809329302319));
#866 = CARTESIAN_POINT('',(1.974015008961,48.136897698193));
#867 = CARTESIAN_POINT('',(-0.535533902252,47.464466094067));
#868 = CARTESIAN_POINT('',(0.136897701874,49.974015005281));
#869 = CARTESIAN_POINT('',(0.809329306,52.483563916494));
#870 = CARTESIAN_POINT('',(2.646446613087,50.646446609407));
#871 = ( GEOMETRIC_REPRESENTATION_CONTEXT(2) 
PARAMETRIC_REPRESENTATION_CONTEXT() REPRESENTATION_CONTEXT('2D SPACE',''
  ) );
#872 = PCURVE('',#873,#878);
#873 = CYLINDRICAL_SURFACE('',#874,1.5);
#874 = AXIS2_PLACEMENT_3D('',#875,#876,#877);
#875 = CARTESIAN_POINT('',(1.585786437134,81.226362650545,
    11.309954077989));
#876 = DIRECTION('',(0.,-9.138395397176E-03,0.999958243993));
#877 = DIRECTION('',(0.707106781187,0.707077255231,6.461821354507E-03));
#878 = DEFINITIONAL_REPRESENTATION('',(#879),#883);
#879 = LINE('',#880,#881);
#880 = CARTESIAN_POINT('',(-0.,0.));
#881 = VECTOR('',#882,1.);
#882 = DIRECTION('',(-1.,0.));
#883 = ( GEOMETRIC_REPRESENTATION_CONTEXT(2) 
PARAMETRIC_REPRESENTATION_CONTEXT() REPRESENTATION_CONTEXT('2D SPACE',''
  ) );
#884 = ORIENTED_EDGE('',*,*,#885,.F.);
#885 = EDGE_CURVE('',#886,#853,#888,.T.);
#886 = VERTEX_POINT('',#887);
#887 = CARTESIAN_POINT('',(-9.878679656933,81.640558917013,
    11.313739325301));
#888 = SURFACE_CURVE('',#889,(#893,#900),.PCURVE_S1.);
#889 = LINE('',#890,#891);
#890 = CARTESIAN_POINT('',(3.545608251443E-12,81.640558917013,
    11.313739325301));
#891 = VECTOR('',#892,1.);
#892 = DIRECTION('',(1.,0.,0.));
#893 = PCURVE('',#240,#894);
#894 = DEFINITIONAL_REPRESENTATION('',(#895),#899);
#895 = LINE('',#896,#897);
#896 = CARTESIAN_POINT('',(4.176544879322E-09,50.));
#897 = VECTOR('',#898,1.);
#898 = DIRECTION('',(1.,0.));
#899 = ( GEOMETRIC_REPRESENTATION_CONTEXT(2) 
PARAMETRIC_REPRESENTATION_CONTEXT() REPRESENTATION_CONTEXT('2D SPACE',''
  ) );
#900 = PCURVE('',#901,#906);
#901 = PLANE('',#902);
#902 = AXIS2_PLACEMENT_3D('',#903,#904,#905);
#903 = CARTESIAN_POINT('',(-42.,81.662491065967,8.913839539718));
#904 = DIRECTION('',(0.,0.999958243993,9.138395397176E-03));
#905 = DIRECTION('',(1.,0.,0.));
#906 = DEFINITIONAL_REPRESENTATION('',(#907),#911);
#907 = LINE('',#908,#909);
#908 = CARTESIAN_POINT('',(42.000000000007,-2.4));
#909 = VECTOR('',#910,1.);
#910 = DIRECTION('',(1.,0.));
#911 = ( GEOMETRIC_REPRESENTATION_CONTEXT(2) 
PARAMETRIC_REPRESENTATION_CONTEXT() REPRESENTATION_CONTEXT('2D SPACE',''
  ) );
#912 = ORIENTED_EDGE('',*,*,#913,.F.);
#913 = EDGE_CURVE('',#914,#886,#916,.T.);
#914 = VERTEX_POINT('',#915);
#915 = CARTESIAN_POINT('',(-11.35355339108,80.165746767699,
    11.300261345957));
#916 = SURFACE_CURVE('',#917,(#921,#928),.PCURVE_S1.);
#917 = LINE('',#918,#919);
#918 = CARTESIAN_POINT('',(-11.35355339108,80.165746767699,
    11.300261345957));
#919 = VECTOR('',#920,1.);
#920 = DIRECTION('',(0.707106781187,0.707077255231,6.461821354507E-03));
#921 = PCURVE('',#240,#922);
#922 = DEFINITIONAL_REPRESENTATION('',(#923),#927);
#923 = LINE('',#924,#925);
#924 = CARTESIAN_POINT('',(-11.35355338691,48.525126265847));
#925 = VECTOR('',#926,1.);
#926 = DIRECTION('',(0.707106781187,0.707106781187));
#927 = ( GEOMETRIC_REPRESENTATION_CONTEXT(2) 
PARAMETRIC_REPRESENTATION_CONTEXT() REPRESENTATION_CONTEXT('2D SPACE',''
  ) );
#928 = PCURVE('',#929,#934);
#929 = PLANE('',#930);
#930 = AXIS2_PLACEMENT_3D('',#931,#932,#933);
#931 = CARTESIAN_POINT('',(-11.35355339108,80.165746767699,
    11.300261345957));
#932 = DIRECTION('',(0.707106781187,-0.707077255231,-6.461821354507E-03)
  );
#933 = DIRECTION('',(0.707106781187,0.707077255231,6.461821354507E-03));
#934 = DEFINITIONAL_REPRESENTATION('',(#935),#939);
#935 = LINE('',#936,#937);
#936 = CARTESIAN_POINT('',(0.,0.));
#937 = VECTOR('',#938,1.);
#938 = DIRECTION('',(1.,0.));
#939 = ( GEOMETRIC_REPRESENTATION_CONTEXT(2) 
PARAMETRIC_REPRESENTATION_CONTEXT() REPRESENTATION_CONTEXT('2D SPACE',''
  ) );
#940 = ORIENTED_EDGE('',*,*,#941,.T.);
#941 = EDGE_CURVE('',#914,#942,#944,.T.);
#942 = VERTEX_POINT('',#943);
#943 = CARTESIAN_POINT('',(-13.85588867354,81.640558917013,
    11.313739325301));
#944 = SURFACE_CURVE('',#945,(#950,#961),.PCURVE_S1.);
#945 = CIRCLE('',#946,1.5);
#946 = AXIS2_PLACEMENT_3D('',#947,#948,#949);
#947 = CARTESIAN_POINT('',(-12.41421356286,81.226362650545,
    11.309954077989));
#948 = DIRECTION('',(8.673617379884E-19,9.138395397176E-03,
    -0.999958243993));
#949 = DIRECTION('',(0.707106781187,0.707077255231,6.461821354507E-03));
#950 = PCURVE('',#240,#951);
#951 = DEFINITIONAL_REPRESENTATION('',(#952),#960);
#952 = ( BOUNDED_CURVE() B_SPLINE_CURVE(2,(#953,#954,#955,#956,#957,#958
,#959),.UNSPECIFIED.,.T.,.F.) B_SPLINE_CURVE_WITH_KNOTS((1,2,2,2,2,1),(
    -2.094395102393,0.,2.094395102393,4.188790204786,6.28318530718,
8.377580409573),.UNSPECIFIED.) CURVE() GEOMETRIC_REPRESENTATION_ITEM() 
RATIONAL_B_SPLINE_CURVE((1.,0.5,1.,0.5,1.,0.5,1.)) REPRESENTATION_ITEM(
  '') );
#953 = CARTESIAN_POINT('',(-11.35355338691,50.646446609407));
#954 = CARTESIAN_POINT('',(-9.516436079826,48.809329302319));
#955 = CARTESIAN_POINT('',(-12.02598499103,48.136897698193));
#956 = CARTESIAN_POINT('',(-14.53553390225,47.464466094067));
#957 = CARTESIAN_POINT('',(-13.86310229812,49.974015005281));
#958 = CARTESIAN_POINT('',(-13.190670694,52.483563916494));
#959 = CARTESIAN_POINT('',(-11.35355338691,50.646446609407));
#960 = ( GEOMETRIC_REPRESENTATION_CONTEXT(2) 
PARAMETRIC_REPRESENTATION_CONTEXT() REPRESENTATION_CONTEXT('2D SPACE',''
  ) );
#961 = PCURVE('',#962,#967);
#962 = CYLINDRICAL_SURFACE('',#963,1.5);
#963 = AXIS2_PLACEMENT_3D('',#964,#965,#966);
#964 = CARTESIAN_POINT('',(-12.41421356286,81.226362650545,
    11.309954077989));
#965 = DIRECTION('',(0.,-9.138395397176E-03,0.999958243993));
#966 = DIRECTION('',(0.707106781187,0.707077255231,6.461821354507E-03));
#967 = DEFINITIONAL_REPRESENTATION('',(#968),#972);
#968 = LINE('',#969,#970);
#969 = CARTESIAN_POINT('',(-0.,0.));
#970 = VECTOR('',#971,1.);
#971 = DIRECTION('',(-1.,0.));
#972 = ( GEOMETRIC_REPRESENTATION_CONTEXT(2) 
PARAMETRIC_REPRESENTATION_CONTEXT() REPRESENTATION_CONTEXT('2D SPACE',''
  ) );
#973 = ORIENTED_EDGE('',*,*,#974,.F.);
#974 = EDGE_CURVE('',#975,#942,#977,.T.);
#975 = VERTEX_POINT('',#976);
#976 = CARTESIAN_POINT('',(-23.87867965693,81.640558917013,
    11.313739325301));
#977 = SURFACE_CURVE('',#978,(#982,#989),.PCURVE_S1.);
#978 = LINE('',#979,#980);
#979 = CARTESIAN_POINT('',(3.545608251443E-12,81.640558917013,
    11.313739325301));
#980 = VECTOR('',#981,1.);
#981 = DIRECTION('',(1.,0.,0.));
#982 = PCURVE('',#240,#983);
#983 = DEFINITIONAL_REPRESENTATION('',(#984),#988);
#984 = LINE('',#985,#986);
#985 = CARTESIAN_POINT('',(4.176544879322E-09,50.));
#986 = VECTOR('',#987,1.);
#987 = DIRECTION('',(1.,0.));
#988 = ( GEOMETRIC_REPRESENTATION_CONTEXT(2) 
PARAMETRIC_REPRESENTATION_CONTEXT() REPRESENTATION_CONTEXT('2D SPACE',''
  ) );
#989 = PCURVE('',#990,#995);
#990 = PLANE('',#991);
#991 = AXIS2_PLACEMENT_3D('',#992,#993,#994);
#992 = CARTESIAN_POINT('',(-42.,81.662491065967,8.913839539718));
#993 = DIRECTION('',(0.,0.999958243993,9.138395397176E-03));
#994 = DIRECTION('',(1.,0.,0.));
#995 = DEFINITIONAL_REPRESENTATION('',(#996),#1000);
#996 = LINE('',#997,#998);
#997 = CARTESIAN_POINT('',(42.000000000007,-2.4));
#998 = VECTOR('',#999,1.);
#999 = DIRECTION('',(1.,0.));
#1000 = ( GEOMETRIC_REPRESENTATION_CONTEXT(2) 
PARAMETRIC_REPRESENTATION_CONTEXT() REPRESENTATION_CONTEXT('2D SPACE',''
  ) );
#1001 = ORIENTED_EDGE('',*,*,#1002,.F.);
#1002 = EDGE_CURVE('',#1003,#975,#1005,.T.);
#1003 = VERTEX_POINT('',#1004);
#1004 = CARTESIAN_POINT('',(-25.35355339108,80.165746767699,
    11.300261345957));
#1005 = SURFACE_CURVE('',#1006,(#1010,#1017),.PCURVE_S1.);
#1006 = LINE('',#1007,#1008);
#1007 = CARTESIAN_POINT('',(-25.35355339108,80.165746767699,
    11.300261345957));
#1008 = VECTOR('',#1009,1.);
#1009 = DIRECTION('',(0.707106781187,0.707077255231,6.461821354507E-03)
  );
#1010 = PCURVE('',#240,#1011);
#1011 = DEFINITIONAL_REPRESENTATION('',(#1012),#1016);
#1012 = LINE('',#1013,#1014);
#1013 = CARTESIAN_POINT('',(-25.35355338691,48.525126265847));
#1014 = VECTOR('',#1015,1.);
#1015 = DIRECTION('',(0.707106781187,0.707106781187));
#1016 = ( GEOMETRIC_REPRESENTATION_CONTEXT(2) 
PARAMETRIC_REPRESENTATION_CONTEXT() REPRESENTATION_CONTEXT('2D SPACE',''
  ) );
#1017 = PCURVE('',#1018,#1023);
#1018 = PLANE('',#1019);
#1019 = AXIS2_PLACEMENT_3D('',#1020,#1021,#1022);
#1020 = CARTESIAN_POINT('',(-25.35355339108,80.165746767699,
    11.300261345957));
#1021 = DIRECTION('',(0.707106781187,-0.707077255231,-6.461821354507E-03
    ));
#1022 = DIRECTION('',(0.707106781187,0.707077255231,6.461821354507E-03)
  );
#1023 = DEFINITIONAL_REPRESENTATION('',(#1024),#1028);
#1024 = LINE('',#1025,#1026);
#1025 = CARTESIAN_POINT('',(0.,0.));
#1026 = VECTOR('',#1027,1.);
#1027 = DIRECTION('',(1.,0.));
#1028 = ( GEOMETRIC_REPRESENTATION_CONTEXT(2) 
PARAMETRIC_REPRESENTATION_CONTEXT() REPRESENTATION_CONTEXT('2D SPACE',''
  ) );
#1029 = ORIENTED_EDGE('',*,*,#1030,.T.);
#1030 = EDGE_CURVE('',#1003,#1031,#1033,.T.);
#1031 = VERTEX_POINT('',#1032);
#1032 = CARTESIAN_POINT('',(-27.85588867354,81.640558917013,
    11.313739325301));
#1033 = SURFACE_CURVE('',#1034,(#1039,#1050),.PCURVE_S1.);
#1034 = CIRCLE('',#1035,1.5);
#1035 = AXIS2_PLACEMENT_3D('',#1036,#1037,#1038);
#1036 = CARTESIAN_POINT('',(-26.41421356286,81.226362650545,
    11.309954077989));
#1037 = DIRECTION('',(8.673617379884E-19,9.138395397176E-03,
    -0.999958243993));
#1038 = DIRECTION('',(0.707106781187,0.707077255231,6.461821354507E-03)
  );
#1039 = PCURVE('',#240,#1040);
#1040 = DEFINITIONAL_REPRESENTATION('',(#1041),#1049);
#1041 = ( BOUNDED_CURVE() B_SPLINE_CURVE(2,(#1042,#1043,#1044,#1045,
#1046,#1047,#1048),.UNSPECIFIED.,.T.,.F.) B_SPLINE_CURVE_WITH_KNOTS((1,2
    ,2,2,2,1),(-2.094395102393,0.,2.094395102393,4.188790204786,
6.28318530718,8.377580409573),.UNSPECIFIED.) CURVE() 
GEOMETRIC_REPRESENTATION_ITEM() RATIONAL_B_SPLINE_CURVE((1.,0.5,1.,0.5,
1.,0.5,1.)) REPRESENTATION_ITEM('') );
#1042 = CARTESIAN_POINT('',(-25.35355338691,50.646446609407));
#1043 = CARTESIAN_POINT('',(-23.51643607982,48.809329302319));
#1044 = CARTESIAN_POINT('',(-26.02598499103,48.136897698193));
#1045 = CARTESIAN_POINT('',(-28.53553390225,47.464466094067));
#1046 = CARTESIAN_POINT('',(-27.86310229812,49.974015005281));
#1047 = CARTESIAN_POINT('',(-27.190670694,52.483563916494));
#1048 = CARTESIAN_POINT('',(-25.35355338691,50.646446609407));
#1049 = ( GEOMETRIC_REPRESENTATION_CONTEXT(2) 
PARAMETRIC_REPRESENTATION_CONTEXT() REPRESENTATION_CONTEXT('2D SPACE',''
  ) );
#1050 = PCURVE('',#1051,#1056);
#1051 = CYLINDRICAL_SURFACE('',#1052,1.5);
#1052 = AXIS2_PLACEMENT_3D('',#1053,#1054,#1055);
#1053 = CARTESIAN_POINT('',(-26.41421356286,81.226362650545,
    11.309954077989));
#1054 = DIRECTION('',(0.,-9.138395397176E-03,0.999958243993));
#1055 = DIRECTION('',(0.707106781187,0.707077255231,6.461821354507E-03)
  );
#1056 = DEFINITIONAL_REPRESENTATION('',(#1057),#1061);
#1057 = LINE('',#1058,#1059);
#1058 = CARTESIAN_POINT('',(-0.,0.));
#1059 = VECTOR('',#1060,1.);
#1060 = DIRECTION('',(-1.,0.));
#1061 = ( GEOMETRIC_REPRESENTATION_CONTEXT(2) 
PARAMETRIC_REPRESENTATION_CONTEXT() REPRESENTATION_CONTEXT('2D SPACE',''
  ) );
#1062 = ORIENTED_EDGE('',*,*,#1063,.F.);
#1063 = EDGE_CURVE('',#1064,#1031,#1066,.T.);
#1064 = VERTEX_POINT('',#1065);
#1065 = CARTESIAN_POINT('',(-42.,81.640558917013,11.313739325301));
#1066 = SURFACE_CURVE('',#1067,(#1071,#1078),.PCURVE_S1.);
#1067 = LINE('',#1068,#1069);
#1068 = CARTESIAN_POINT('',(3.545608251443E-12,81.640558917013,
    11.313739325301));
#1069 = VECTOR('',#1070,1.);
#1070 = DIRECTION('',(1.,0.,0.));
#1071 = PCURVE('',#240,#1072);
#1072 = DEFINITIONAL_REPRESENTATION('',(#1073),#1077);
#1073 = LINE('',#1074,#1075);
#1074 = CARTESIAN_POINT('',(4.176544879322E-09,50.));
#1075 = VECTOR('',#1076,1.);
#1076 = DIRECTION('',(1.,0.));
#1077 = ( GEOMETRIC_REPRESENTATION_CONTEXT(2) 
PARAMETRIC_REPRESENTATION_CONTEXT() REPRESENTATION_CONTEXT('2D SPACE',''
  ) );
#1078 = PCURVE('',#1079,#1084);
#1079 = PLANE('',#1080);
#1080 = AXIS2_PLACEMENT_3D('',#1081,#1082,#1083);
#1081 = CARTESIAN_POINT('',(-42.,81.662491065967,8.913839539718));
#1082 = DIRECTION('',(0.,0.999958243993,9.138395397176E-03));
#1083 = DIRECTION('',(1.,0.,0.));
#1084 = DEFINITIONAL_REPRESENTATION('',(#1085),#1089);
#1085 = LINE('',#1086,#1087);
#1086 = CARTESIAN_POINT('',(42.000000000007,-2.4));
#1087 = VECTOR('',#1088,1.);
#1088 = DIRECTION('',(1.,0.));
#1089 = ( GEOMETRIC_REPRESENTATION_CONTEXT(2) 
PARAMETRIC_REPRESENTATION_CONTEXT() REPRESENTATION_CONTEXT('2D SPACE',''
  ) );
#1090 = ORIENTED_EDGE('',*,*,#1091,.T.);
#1091 = EDGE_CURVE('',#1064,#457,#1092,.T.);
#1092 = SURFACE_CURVE('',#1093,(#1098,#1105),.PCURVE_S1.);
#1093 = CIRCLE('',#1094,3.);
#1094 = AXIS2_PLACEMENT_3D('',#1095,#1096,#1097);
#1095 = CARTESIAN_POINT('',(-42.,78.640684185034,11.286324139109));
#1096 = DIRECTION('',(0.,-9.138395397176E-03,0.999958243993));
#1097 = DIRECTION('',(1.,0.,0.));
#1098 = PCURVE('',#240,#1099);
#1099 = DEFINITIONAL_REPRESENTATION('',(#1100),#1104);
#1100 = CIRCLE('',#1101,3.);
#1101 = AXIS2_PLACEMENT_2D('',#1102,#1103);
#1102 = CARTESIAN_POINT('',(-41.99999999583,47.));
#1103 = DIRECTION('',(1.,0.));
#1104 = ( GEOMETRIC_REPRESENTATION_CONTEXT(2) 
PARAMETRIC_REPRESENTATION_CONTEXT() REPRESENTATION_CONTEXT('2D SPACE',''
  ) );
#1105 = PCURVE('',#1106,#1111);
#1106 = CYLINDRICAL_SURFACE('',#1107,3.);
#1107 = AXIS2_PLACEMENT_3D('',#1108,#1109,#1110);
#1108 = CARTESIAN_POINT('',(-42.,78.662616333988,8.886424353526));
#1109 = DIRECTION('',(0.,9.138395397176E-03,-0.999958243993));
#1110 = DIRECTION('',(1.,0.,0.));
#1111 = DEFINITIONAL_REPRESENTATION('',(#1112),#1116);
#1112 = LINE('',#1113,#1114);
#1113 = CARTESIAN_POINT('',(-0.,-2.4));
#1114 = VECTOR('',#1115,1.);
#1115 = DIRECTION('',(-1.,0.));
#1116 = ( GEOMETRIC_REPRESENTATION_CONTEXT(2) 
PARAMETRIC_REPRESENTATION_CONTEXT() REPRESENTATION_CONTEXT('2D SPACE',''
  ) );
#1117 = FACE_BOUND('',#1118,.T.);
#1118 = EDGE_LOOP('',(#1119,#1149,#1182,#1210));
#1119 = ORIENTED_EDGE('',*,*,#1120,.F.);
#1120 = EDGE_CURVE('',#1121,#1123,#1125,.T.);
#1121 = VERTEX_POINT('',#1122);
#1122 = CARTESIAN_POINT('',(-24.64644660989,61.116289698482,
    11.126172605907));
#1123 = VERTEX_POINT('',#1124);
#1124 = CARTESIAN_POINT('',(-27.47487373464,58.287980677559,
    11.100325320489));
#1125 = SURFACE_CURVE('',#1126,(#1130,#1137),.PCURVE_S1.);
#1126 = LINE('',#1127,#1128);
#1127 = CARTESIAN_POINT('',(-24.64644660989,61.116289698482,
    11.126172605907));
#1128 = VECTOR('',#1129,1.);
#1129 = DIRECTION('',(-0.707106781187,-0.707077255231,
    -6.461821354507E-03));
#1130 = PCURVE('',#240,#1131);
#1131 = DEFINITIONAL_REPRESENTATION('',(#1132),#1136);
#1132 = LINE('',#1133,#1134);
#1133 = CARTESIAN_POINT('',(-24.64644660572,29.474873734153));
#1134 = VECTOR('',#1135,1.);
#1135 = DIRECTION('',(-0.707106781187,-0.707106781187));
#1136 = ( GEOMETRIC_REPRESENTATION_CONTEXT(2) 
PARAMETRIC_REPRESENTATION_CONTEXT() REPRESENTATION_CONTEXT('2D SPACE',''
  ) );
#1137 = PCURVE('',#1138,#1143);
#1138 = PLANE('',#1139);
#1139 = AXIS2_PLACEMENT_3D('',#1140,#1141,#1142);
#1140 = CARTESIAN_POINT('',(-24.64644660989,61.116289698482,
    11.126172605907));
#1141 = DIRECTION('',(-0.707106781187,0.707077255231,6.461821354507E-03)
  );
#1142 = DIRECTION('',(-0.707106781187,-0.707077255231,
    -6.461821354507E-03));
#1143 = DEFINITIONAL_REPRESENTATION('',(#1144),#1148);
#1144 = LINE('',#1145,#1146);
#1145 = CARTESIAN_POINT('',(0.,0.));
#1146 = VECTOR('',#1147,1.);
#1147 = DIRECTION('',(1.,0.));
#1148 = ( GEOMETRIC_REPRESENTATION_CONTEXT(2) 
PARAMETRIC_REPRESENTATION_CONTEXT() REPRESENTATION_CONTEXT('2D SPACE',''
  ) );
#1149 = ORIENTED_EDGE('',*,*,#1150,.T.);
#1150 = EDGE_CURVE('',#1121,#1151,#1153,.T.);
#1151 = VERTEX_POINT('',#1152);
#1152 = CARTESIAN_POINT('',(-22.52512626634,58.99505793279,
    11.106787141843));
#1153 = SURFACE_CURVE('',#1154,(#1159,#1170),.PCURVE_S1.);
#1154 = CIRCLE('',#1155,1.5);
#1155 = AXIS2_PLACEMENT_3D('',#1156,#1157,#1158);
#1156 = CARTESIAN_POINT('',(-23.58578643812,60.055673815636,
    11.116479873875));
#1157 = DIRECTION('',(8.673617379884E-19,9.138395397176E-03,
    -0.999958243993));
#1158 = DIRECTION('',(-0.707106781187,-0.707077255231,
    -6.461821354507E-03));
#1159 = PCURVE('',#240,#1160);
#1160 = DEFINITIONAL_REPRESENTATION('',(#1161),#1169);
#1161 = ( BOUNDED_CURVE() B_SPLINE_CURVE(2,(#1162,#1163,#1164,#1165,
#1166,#1167,#1168),.UNSPECIFIED.,.T.,.F.) B_SPLINE_CURVE_WITH_KNOTS((1,2
    ,2,2,2,1),(-2.094395102393,0.,2.094395102393,4.188790204786,
6.28318530718,8.377580409573),.UNSPECIFIED.) CURVE() 
GEOMETRIC_REPRESENTATION_ITEM() RATIONAL_B_SPLINE_CURVE((1.,0.5,1.,0.5,
1.,0.5,1.)) REPRESENTATION_ITEM('') );
#1162 = CARTESIAN_POINT('',(-24.64644660572,27.353553390593));
#1163 = CARTESIAN_POINT('',(-26.48356391281,29.190670697681));
#1164 = CARTESIAN_POINT('',(-23.9740150016,29.863102301807));
#1165 = CARTESIAN_POINT('',(-21.46446609038,30.535533905933));
#1166 = CARTESIAN_POINT('',(-22.13689769451,28.025984994719));
#1167 = CARTESIAN_POINT('',(-22.80932929863,25.516436083506));
#1168 = CARTESIAN_POINT('',(-24.64644660572,27.353553390593));
#1169 = ( GEOMETRIC_REPRESENTATION_CONTEXT(2) 
PARAMETRIC_REPRESENTATION_CONTEXT() REPRESENTATION_CONTEXT('2D SPACE',''
  ) );
#1170 = PCURVE('',#1171,#1176);
#1171 = CYLINDRICAL_SURFACE('',#1172,1.5);
#1172 = AXIS2_PLACEMENT_3D('',#1173,#1174,#1175);
#1173 = CARTESIAN_POINT('',(-23.58578643812,60.055673815636,
    11.116479873875));
#1174 = DIRECTION('',(0.,-9.138395397176E-03,0.999958243993));
#1175 = DIRECTION('',(-0.707106781187,-0.707077255231,
    -6.461821354507E-03));
#1176 = DEFINITIONAL_REPRESENTATION('',(#1177),#1181);
#1177 = LINE('',#1178,#1179);
#1178 = CARTESIAN_POINT('',(-0.,0.));
#1179 = VECTOR('',#1180,1.);
#1180 = DIRECTION('',(-1.,0.));
#1181 = ( GEOMETRIC_REPRESENTATION_CONTEXT(2) 
PARAMETRIC_REPRESENTATION_CONTEXT() REPRESENTATION_CONTEXT('2D SPACE',''
  ) );
#1182 = ORIENTED_EDGE('',*,*,#1183,.F.);
#1183 = EDGE_CURVE('',#1184,#1151,#1186,.T.);
#1184 = VERTEX_POINT('',#1185);
#1185 = CARTESIAN_POINT('',(-25.35355339108,56.166748911867,
    11.080939856425));
#1186 = SURFACE_CURVE('',#1187,(#1191,#1198),.PCURVE_S1.);
#1187 = LINE('',#1188,#1189);
#1188 = CARTESIAN_POINT('',(-25.35355339108,56.166748911867,
    11.080939856425));
#1189 = VECTOR('',#1190,1.);
#1190 = DIRECTION('',(0.707106781187,0.707077255231,6.461821354507E-03)
  );
#1191 = PCURVE('',#240,#1192);
#1192 = DEFINITIONAL_REPRESENTATION('',(#1193),#1197);
#1193 = LINE('',#1194,#1195);
#1194 = CARTESIAN_POINT('',(-25.35355338691,24.525126265847));
#1195 = VECTOR('',#1196,1.);
#1196 = DIRECTION('',(0.707106781187,0.707106781187));
#1197 = ( GEOMETRIC_REPRESENTATION_CONTEXT(2) 
PARAMETRIC_REPRESENTATION_CONTEXT() REPRESENTATION_CONTEXT('2D SPACE',''
  ) );
#1198 = PCURVE('',#1199,#1204);
#1199 = PLANE('',#1200);
#1200 = AXIS2_PLACEMENT_3D('',#1201,#1202,#1203);
#1201 = CARTESIAN_POINT('',(-25.35355339108,56.166748911867,
    11.080939856425));
#1202 = DIRECTION('',(0.707106781187,-0.707077255231,-6.461821354507E-03
    ));
#1203 = DIRECTION('',(0.707106781187,0.707077255231,6.461821354507E-03)
  );
#1204 = DEFINITIONAL_REPRESENTATION('',(#1205),#1209);
#1205 = LINE('',#1206,#1207);
#1206 = CARTESIAN_POINT('',(0.,0.));
#1207 = VECTOR('',#1208,1.);
#1208 = DIRECTION('',(1.,0.));
#1209 = ( GEOMETRIC_REPRESENTATION_CONTEXT(2) 
PARAMETRIC_REPRESENTATION_CONTEXT() REPRESENTATION_CONTEXT('2D SPACE',''
  ) );
#1210 = ORIENTED_EDGE('',*,*,#1211,.T.);
#1211 = EDGE_CURVE('',#1184,#1123,#1212,.T.);
#1212 = SURFACE_CURVE('',#1213,(#1218,#1229),.PCURVE_S1.);
#1213 = CIRCLE('',#1214,1.5);
#1214 = AXIS2_PLACEMENT_3D('',#1215,#1216,#1217);
#1215 = CARTESIAN_POINT('',(-26.41421356286,57.227364794713,
    11.090632588457));
#1216 = DIRECTION('',(8.673617379884E-19,9.138395397176E-03,
    -0.999958243993));
#1217 = DIRECTION('',(0.707106781187,0.707077255231,6.461821354507E-03)
  );
#1218 = PCURVE('',#240,#1219);
#1219 = DEFINITIONAL_REPRESENTATION('',(#1220),#1228);
#1220 = ( BOUNDED_CURVE() B_SPLINE_CURVE(2,(#1221,#1222,#1223,#1224,
#1225,#1226,#1227),.UNSPECIFIED.,.T.,.F.) B_SPLINE_CURVE_WITH_KNOTS((1,2
    ,2,2,2,1),(-2.094395102393,0.,2.094395102393,4.188790204786,
6.28318530718,8.377580409573),.UNSPECIFIED.) CURVE() 
GEOMETRIC_REPRESENTATION_ITEM() RATIONAL_B_SPLINE_CURVE((1.,0.5,1.,0.5,
1.,0.5,1.)) REPRESENTATION_ITEM('') );
#1221 = CARTESIAN_POINT('',(-25.35355338691,26.646446609407));
#1222 = CARTESIAN_POINT('',(-23.51643607982,24.809329302319));
#1223 = CARTESIAN_POINT('',(-26.02598499103,24.136897698193));
#1224 = CARTESIAN_POINT('',(-28.53553390225,23.464466094067));
#1225 = CARTESIAN_POINT('',(-27.86310229812,25.974015005281));
#1226 = CARTESIAN_POINT('',(-27.190670694,28.483563916494));
#1227 = CARTESIAN_POINT('',(-25.35355338691,26.646446609407));
#1228 = ( GEOMETRIC_REPRESENTATION_CONTEXT(2) 
PARAMETRIC_REPRESENTATION_CONTEXT() REPRESENTATION_CONTEXT('2D SPACE',''
  ) );
#1229 = PCURVE('',#1230,#1235);
#1230 = CYLINDRICAL_SURFACE('',#1231,1.5);
#1231 = AXIS2_PLACEMENT_3D('',#1232,#1233,#1234);
#1232 = CARTESIAN_POINT('',(-26.41421356286,57.227364794713,
    11.090632588457));
#1233 = DIRECTION('',(0.,-9.138395397176E-03,0.999958243993));
#1234 = DIRECTION('',(0.707106781187,0.707077255231,6.461821354507E-03)
  );
#1235 = DEFINITIONAL_REPRESENTATION('',(#1236),#1240);
#1236 = LINE('',#1237,#1238);
#1237 = CARTESIAN_POINT('',(-0.,0.));
#1238 = VECTOR('',#1239,1.);
#1239 = DIRECTION('',(-1.,0.));
#1240 = ( GEOMETRIC_REPRESENTATION_CONTEXT(2) 
PARAMETRIC_REPRESENTATION_CONTEXT() REPRESENTATION_CONTEXT('2D SPACE',''
  ) );
#1241 = FACE_BOUND('',#1242,.T.);
#1242 = EDGE_LOOP('',(#1243,#1273,#1306,#1334));
#1243 = ORIENTED_EDGE('',*,*,#1244,.F.);
#1244 = EDGE_CURVE('',#1245,#1247,#1249,.T.);
#1245 = VERTEX_POINT('',#1246);
#1246 = CARTESIAN_POINT('',(-30.64644660989,73.115788626398,
    11.235833350673));
#1247 = VERTEX_POINT('',#1248);
#1248 = CARTESIAN_POINT('',(-33.47487373464,70.287479605475,
    11.209986065255));
#1249 = SURFACE_CURVE('',#1250,(#1254,#1261),.PCURVE_S1.);
#1250 = LINE('',#1251,#1252);
#1251 = CARTESIAN_POINT('',(-30.64644660989,73.115788626398,
    11.235833350673));
#1252 = VECTOR('',#1253,1.);
#1253 = DIRECTION('',(-0.707106781187,-0.707077255231,
    -6.461821354507E-03));
#1254 = PCURVE('',#240,#1255);
#1255 = DEFINITIONAL_REPRESENTATION('',(#1256),#1260);
#1256 = LINE('',#1257,#1258);
#1257 = CARTESIAN_POINT('',(-30.64644660572,41.474873734153));
#1258 = VECTOR('',#1259,1.);
#1259 = DIRECTION('',(-0.707106781187,-0.707106781187));
#1260 = ( GEOMETRIC_REPRESENTATION_CONTEXT(2) 
PARAMETRIC_REPRESENTATION_CONTEXT() REPRESENTATION_CONTEXT('2D SPACE',''
  ) );
#1261 = PCURVE('',#1262,#1267);
#1262 = PLANE('',#1263);
#1263 = AXIS2_PLACEMENT_3D('',#1264,#1265,#1266);
#1264 = CARTESIAN_POINT('',(-30.64644660989,73.115788626398,
    11.235833350673));
#1265 = DIRECTION('',(-0.707106781187,0.707077255231,6.461821354507E-03)
  );
#1266 = DIRECTION('',(-0.707106781187,-0.707077255231,
    -6.461821354507E-03));
#1267 = DEFINITIONAL_REPRESENTATION('',(#1268),#1272);
#1268 = LINE('',#1269,#1270);
#1269 = CARTESIAN_POINT('',(0.,0.));
#1270 = VECTOR('',#1271,1.);
#1271 = DIRECTION('',(1.,0.));
#1272 = ( GEOMETRIC_REPRESENTATION_CONTEXT(2) 
PARAMETRIC_REPRESENTATION_CONTEXT() REPRESENTATION_CONTEXT('2D SPACE',''
  ) );
#1273 = ORIENTED_EDGE('',*,*,#1274,.T.);
#1274 = EDGE_CURVE('',#1245,#1275,#1277,.T.);
#1275 = VERTEX_POINT('',#1276);
#1276 = CARTESIAN_POINT('',(-28.52512626634,70.994556860706,
    11.216447886609));
#1277 = SURFACE_CURVE('',#1278,(#1283,#1294),.PCURVE_S1.);
#1278 = CIRCLE('',#1279,1.5);
#1279 = AXIS2_PLACEMENT_3D('',#1280,#1281,#1282);
#1280 = CARTESIAN_POINT('',(-29.58578643812,72.055172743552,
    11.226140618641));
#1281 = DIRECTION('',(8.673617379884E-19,9.138395397176E-03,
    -0.999958243993));
#1282 = DIRECTION('',(-0.707106781187,-0.707077255231,
    -6.461821354507E-03));
#1283 = PCURVE('',#240,#1284);
#1284 = DEFINITIONAL_REPRESENTATION('',(#1285),#1293);
#1285 = ( BOUNDED_CURVE() B_SPLINE_CURVE(2,(#1286,#1287,#1288,#1289,
#1290,#1291,#1292),.UNSPECIFIED.,.T.,.F.) B_SPLINE_CURVE_WITH_KNOTS((1,2
    ,2,2,2,1),(-2.094395102393,0.,2.094395102393,4.188790204786,
6.28318530718,8.377580409573),.UNSPECIFIED.) CURVE() 
GEOMETRIC_REPRESENTATION_ITEM() RATIONAL_B_SPLINE_CURVE((1.,0.5,1.,0.5,
1.,0.5,1.)) REPRESENTATION_ITEM('') );
#1286 = CARTESIAN_POINT('',(-30.64644660572,39.353553390593));
#1287 = CARTESIAN_POINT('',(-32.48356391281,41.190670697681));
#1288 = CARTESIAN_POINT('',(-29.9740150016,41.863102301807));
#1289 = CARTESIAN_POINT('',(-27.46446609038,42.535533905933));
#1290 = CARTESIAN_POINT('',(-28.13689769451,40.025984994719));
#1291 = CARTESIAN_POINT('',(-28.80932929863,37.516436083506));
#1292 = CARTESIAN_POINT('',(-30.64644660572,39.353553390593));
#1293 = ( GEOMETRIC_REPRESENTATION_CONTEXT(2) 
PARAMETRIC_REPRESENTATION_CONTEXT() REPRESENTATION_CONTEXT('2D SPACE',''
  ) );
#1294 = PCURVE('',#1295,#1300);
#1295 = CYLINDRICAL_SURFACE('',#1296,1.5);
#1296 = AXIS2_PLACEMENT_3D('',#1297,#1298,#1299);
#1297 = CARTESIAN_POINT('',(-29.58578643812,72.055172743552,
    11.226140618641));
#1298 = DIRECTION('',(0.,-9.138395397176E-03,0.999958243993));
#1299 = DIRECTION('',(-0.707106781187,-0.707077255231,
    -6.461821354507E-03));
#1300 = DEFINITIONAL_REPRESENTATION('',(#1301),#1305);
#1301 = LINE('',#1302,#1303);
#1302 = CARTESIAN_POINT('',(-0.,0.));
#1303 = VECTOR('',#1304,1.);
#1304 = DIRECTION('',(-1.,0.));
#1305 = ( GEOMETRIC_REPRESENTATION_CONTEXT(2) 
PARAMETRIC_REPRESENTATION_CONTEXT() REPRESENTATION_CONTEXT('2D SPACE',''
  ) );
#1306 = ORIENTED_EDGE('',*,*,#1307,.F.);
#1307 = EDGE_CURVE('',#1308,#1275,#1310,.T.);
#1308 = VERTEX_POINT('',#1309);
#1309 = CARTESIAN_POINT('',(-31.35355339108,68.166247839783,
    11.190600601191));
#1310 = SURFACE_CURVE('',#1311,(#1315,#1322),.PCURVE_S1.);
#1311 = LINE('',#1312,#1313);
#1312 = CARTESIAN_POINT('',(-31.35355339108,68.166247839783,
    11.190600601191));
#1313 = VECTOR('',#1314,1.);
#1314 = DIRECTION('',(0.707106781187,0.707077255231,6.461821354507E-03)
  );
#1315 = PCURVE('',#240,#1316);
#1316 = DEFINITIONAL_REPRESENTATION('',(#1317),#1321);
#1317 = LINE('',#1318,#1319);
#1318 = CARTESIAN_POINT('',(-31.35355338691,36.525126265847));
#1319 = VECTOR('',#1320,1.);
#1320 = DIRECTION('',(0.707106781187,0.707106781187));
#1321 = ( GEOMETRIC_REPRESENTATION_CONTEXT(2) 
PARAMETRIC_REPRESENTATION_CONTEXT() REPRESENTATION_CONTEXT('2D SPACE',''
  ) );
#1322 = PCURVE('',#1323,#1328);
#1323 = PLANE('',#1324);
#1324 = AXIS2_PLACEMENT_3D('',#1325,#1326,#1327);
#1325 = CARTESIAN_POINT('',(-31.35355339108,68.166247839783,
    11.190600601191));
#1326 = DIRECTION('',(0.707106781187,-0.707077255231,-6.461821354507E-03
    ));
#1327 = DIRECTION('',(0.707106781187,0.707077255231,6.461821354507E-03)
  );
#1328 = DEFINITIONAL_REPRESENTATION('',(#1329),#1333);
#1329 = LINE('',#1330,#1331);
#1330 = CARTESIAN_POINT('',(0.,0.));
#1331 = VECTOR('',#1332,1.);
#1332 = DIRECTION('',(1.,0.));
#1333 = ( GEOMETRIC_REPRESENTATION_CONTEXT(2) 
PARAMETRIC_REPRESENTATION_CONTEXT() REPRESENTATION_CONTEXT('2D SPACE',''
  ) );
#1334 = ORIENTED_EDGE('',*,*,#1335,.T.);
#1335 = EDGE_CURVE('',#1308,#1247,#1336,.T.);
#1336 = SURFACE_CURVE('',#1337,(#1342,#1353),.PCURVE_S1.);
#1337 = CIRCLE('',#1338,1.5);
#1338 = AXIS2_PLACEMENT_3D('',#1339,#1340,#1341);
#1339 = CARTESIAN_POINT('',(-32.41421356286,69.226863722629,
    11.200293333223));
#1340 = DIRECTION('',(8.673617379884E-19,9.138395397176E-03,
    -0.999958243993));
#1341 = DIRECTION('',(0.707106781187,0.707077255231,6.461821354507E-03)
  );
#1342 = PCURVE('',#240,#1343);
#1343 = DEFINITIONAL_REPRESENTATION('',(#1344),#1352);
#1344 = ( BOUNDED_CURVE() B_SPLINE_CURVE(2,(#1345,#1346,#1347,#1348,
#1349,#1350,#1351),.UNSPECIFIED.,.T.,.F.) B_SPLINE_CURVE_WITH_KNOTS((1,2
    ,2,2,2,1),(-2.094395102393,0.,2.094395102393,4.188790204786,
6.28318530718,8.377580409573),.UNSPECIFIED.) CURVE() 
GEOMETRIC_REPRESENTATION_ITEM() RATIONAL_B_SPLINE_CURVE((1.,0.5,1.,0.5,
1.,0.5,1.)) REPRESENTATION_ITEM('') );
#1345 = CARTESIAN_POINT('',(-31.35355338691,38.646446609407));
#1346 = CARTESIAN_POINT('',(-29.51643607982,36.809329302319));
#1347 = CARTESIAN_POINT('',(-32.02598499103,36.136897698193));
#1348 = CARTESIAN_POINT('',(-34.53553390225,35.464466094067));
#1349 = CARTESIAN_POINT('',(-33.86310229812,37.974015005281));
#1350 = CARTESIAN_POINT('',(-33.190670694,40.483563916494));
#1351 = CARTESIAN_POINT('',(-31.35355338691,38.646446609407));
#1352 = ( GEOMETRIC_REPRESENTATION_CONTEXT(2) 
PARAMETRIC_REPRESENTATION_CONTEXT() REPRESENTATION_CONTEXT('2D SPACE',''
  ) );
#1353 = PCURVE('',#1354,#1359);
#1354 = CYLINDRICAL_SURFACE('',#1355,1.5);
#1355 = AXIS2_PLACEMENT_3D('',#1356,#1357,#1358);
#1356 = CARTESIAN_POINT('',(-32.41421356286,69.226863722629,
    11.200293333223));
#1357 = DIRECTION('',(0.,-9.138395397176E-03,0.999958243993));
#1358 = DIRECTION('',(0.707106781187,0.707077255231,6.461821354507E-03)
  );
#1359 = DEFINITIONAL_REPRESENTATION('',(#1360),#1364);
#1360 = LINE('',#1361,#1362);
#1361 = CARTESIAN_POINT('',(-0.,0.));
#1362 = VECTOR('',#1363,1.);
#1363 = DIRECTION('',(-1.,0.));
#1364 = ( GEOMETRIC_REPRESENTATION_CONTEXT(2) 
PARAMETRIC_REPRESENTATION_CONTEXT() REPRESENTATION_CONTEXT('2D SPACE',''
  ) );
#1365 = FACE_BOUND('',#1366,.T.);
#1366 = EDGE_LOOP('',(#1367,#1397,#1430,#1458));
#1367 = ORIENTED_EDGE('',*,*,#1368,.F.);
#1368 = EDGE_CURVE('',#1369,#1371,#1373,.T.);
#1369 = VERTEX_POINT('',#1370);
#1370 = CARTESIAN_POINT('',(-16.64644660989,73.115788626398,
    11.235833350673));
#1371 = VERTEX_POINT('',#1372);
#1372 = CARTESIAN_POINT('',(-19.47487373464,70.287479605475,
    11.209986065255));
#1373 = SURFACE_CURVE('',#1374,(#1378,#1385),.PCURVE_S1.);
#1374 = LINE('',#1375,#1376);
#1375 = CARTESIAN_POINT('',(-16.64644660989,73.115788626398,
    11.235833350673));
#1376 = VECTOR('',#1377,1.);
#1377 = DIRECTION('',(-0.707106781187,-0.707077255231,
    -6.461821354507E-03));
#1378 = PCURVE('',#240,#1379);
#1379 = DEFINITIONAL_REPRESENTATION('',(#1380),#1384);
#1380 = LINE('',#1381,#1382);
#1381 = CARTESIAN_POINT('',(-16.64644660572,41.474873734153));
#1382 = VECTOR('',#1383,1.);
#1383 = DIRECTION('',(-0.707106781187,-0.707106781187));
#1384 = ( GEOMETRIC_REPRESENTATION_CONTEXT(2) 
PARAMETRIC_REPRESENTATION_CONTEXT() REPRESENTATION_CONTEXT('2D SPACE',''
  ) );
#1385 = PCURVE('',#1386,#1391);
#1386 = PLANE('',#1387);
#1387 = AXIS2_PLACEMENT_3D('',#1388,#1389,#1390);
#1388 = CARTESIAN_POINT('',(-16.64644660989,73.115788626398,
    11.235833350673));
#1389 = DIRECTION('',(-0.707106781187,0.707077255231,6.461821354507E-03)
  );
#1390 = DIRECTION('',(-0.707106781187,-0.707077255231,
    -6.461821354507E-03));
#1391 = DEFINITIONAL_REPRESENTATION('',(#1392),#1396);
#1392 = LINE('',#1393,#1394);
#1393 = CARTESIAN_POINT('',(0.,0.));
#1394 = VECTOR('',#1395,1.);
#1395 = DIRECTION('',(1.,0.));
#1396 = ( GEOMETRIC_REPRESENTATION_CONTEXT(2) 
PARAMETRIC_REPRESENTATION_CONTEXT() REPRESENTATION_CONTEXT('2D SPACE',''
  ) );
#1397 = ORIENTED_EDGE('',*,*,#1398,.T.);
#1398 = EDGE_CURVE('',#1369,#1399,#1401,.T.);
#1399 = VERTEX_POINT('',#1400);
#1400 = CARTESIAN_POINT('',(-14.52512626634,70.994556860706,
    11.216447886609));
#1401 = SURFACE_CURVE('',#1402,(#1407,#1418),.PCURVE_S1.);
#1402 = CIRCLE('',#1403,1.5);
#1403 = AXIS2_PLACEMENT_3D('',#1404,#1405,#1406);
#1404 = CARTESIAN_POINT('',(-15.58578643812,72.055172743552,
    11.226140618641));
#1405 = DIRECTION('',(8.673617379884E-19,9.138395397176E-03,
    -0.999958243993));
#1406 = DIRECTION('',(-0.707106781187,-0.707077255231,
    -6.461821354507E-03));
#1407 = PCURVE('',#240,#1408);
#1408 = DEFINITIONAL_REPRESENTATION('',(#1409),#1417);
#1409 = ( BOUNDED_CURVE() B_SPLINE_CURVE(2,(#1410,#1411,#1412,#1413,
#1414,#1415,#1416),.UNSPECIFIED.,.T.,.F.) B_SPLINE_CURVE_WITH_KNOTS((1,2
    ,2,2,2,1),(-2.094395102393,0.,2.094395102393,4.188790204786,
6.28318530718,8.377580409573),.UNSPECIFIED.) CURVE() 
GEOMETRIC_REPRESENTATION_ITEM() RATIONAL_B_SPLINE_CURVE((1.,0.5,1.,0.5,
1.,0.5,1.)) REPRESENTATION_ITEM('') );
#1410 = CARTESIAN_POINT('',(-16.64644660572,39.353553390593));
#1411 = CARTESIAN_POINT('',(-18.48356391281,41.190670697681));
#1412 = CARTESIAN_POINT('',(-15.9740150016,41.863102301807));
#1413 = CARTESIAN_POINT('',(-13.46446609038,42.535533905933));
#1414 = CARTESIAN_POINT('',(-14.13689769451,40.025984994719));
#1415 = CARTESIAN_POINT('',(-14.80932929863,37.516436083506));
#1416 = CARTESIAN_POINT('',(-16.64644660572,39.353553390593));
#1417 = ( GEOMETRIC_REPRESENTATION_CONTEXT(2) 
PARAMETRIC_REPRESENTATION_CONTEXT() REPRESENTATION_CONTEXT('2D SPACE',''
  ) );
#1418 = PCURVE('',#1419,#1424);
#1419 = CYLINDRICAL_SURFACE('',#1420,1.5);
#1420 = AXIS2_PLACEMENT_3D('',#1421,#1422,#1423);
#1421 = CARTESIAN_POINT('',(-15.58578643812,72.055172743552,
    11.226140618641));
#1422 = DIRECTION('',(0.,-9.138395397176E-03,0.999958243993));
#1423 = DIRECTION('',(-0.707106781187,-0.707077255231,
    -6.461821354507E-03));
#1424 = DEFINITIONAL_REPRESENTATION('',(#1425),#1429);
#1425 = LINE('',#1426,#1427);
#1426 = CARTESIAN_POINT('',(-0.,0.));
#1427 = VECTOR('',#1428,1.);
#1428 = DIRECTION('',(-1.,0.));
#1429 = ( GEOMETRIC_REPRESENTATION_CONTEXT(2) 
PARAMETRIC_REPRESENTATION_CONTEXT() REPRESENTATION_CONTEXT('2D SPACE',''
  ) );
#1430 = ORIENTED_EDGE('',*,*,#1431,.F.);
#1431 = EDGE_CURVE('',#1432,#1399,#1434,.T.);
#1432 = VERTEX_POINT('',#1433);
#1433 = CARTESIAN_POINT('',(-17.35355339108,68.166247839783,
    11.190600601191));
#1434 = SURFACE_CURVE('',#1435,(#1439,#1446),.PCURVE_S1.);
#1435 = LINE('',#1436,#1437);
#1436 = CARTESIAN_POINT('',(-17.35355339108,68.166247839783,
    11.190600601191));
#1437 = VECTOR('',#1438,1.);
#1438 = DIRECTION('',(0.707106781187,0.707077255231,6.461821354507E-03)
  );
#1439 = PCURVE('',#240,#1440);
#1440 = DEFINITIONAL_REPRESENTATION('',(#1441),#1445);
#1441 = LINE('',#1442,#1443);
#1442 = CARTESIAN_POINT('',(-17.35355338691,36.525126265847));
#1443 = VECTOR('',#1444,1.);
#1444 = DIRECTION('',(0.707106781187,0.707106781187));
#1445 = ( GEOMETRIC_REPRESENTATION_CONTEXT(2) 
PARAMETRIC_REPRESENTATION_CONTEXT() REPRESENTATION_CONTEXT('2D SPACE',''
  ) );
#1446 = PCURVE('',#1447,#1452);
#1447 = PLANE('',#1448);
#1448 = AXIS2_PLACEMENT_3D('',#1449,#1450,#1451);
#1449 = CARTESIAN_POINT('',(-17.35355339108,68.166247839783,
    11.190600601191));
#1450 = DIRECTION('',(0.707106781187,-0.707077255231,-6.461821354507E-03
    ));
#1451 = DIRECTION('',(0.707106781187,0.707077255231,6.461821354507E-03)
  );
#1452 = DEFINITIONAL_REPRESENTATION('',(#1453),#1457);
#1453 = LINE('',#1454,#1455);
#1454 = CARTESIAN_POINT('',(0.,0.));
#1455 = VECTOR('',#1456,1.);
#1456 = DIRECTION('',(1.,0.));
#1457 = ( GEOMETRIC_REPRESENTATION_CONTEXT(2) 
PARAMETRIC_REPRESENTATION_CONTEXT() REPRESENTATION_CONTEXT('2D SPACE',''
  ) );
#1458 = ORIENTED_EDGE('',*,*,#1459,.T.);
#1459 = EDGE_CURVE('',#1432,#1371,#1460,.T.);
#1460 = SURFACE_CURVE('',#1461,(#1466,#1477),.PCURVE_S1.);
#1461 = CIRCLE('',#1462,1.5);
#1462 = AXIS2_PLACEMENT_3D('',#1463,#1464,#1465);
#1463 = CARTESIAN_POINT('',(-18.41421356286,69.226863722629,
    11.200293333223));
#1464 = DIRECTION('',(8.673617379884E-19,9.138395397176E-03,
    -0.999958243993));
#1465 = DIRECTION('',(0.707106781187,0.707077255231,6.461821354507E-03)
  );
#1466 = PCURVE('',#240,#1467);
#1467 = DEFINITIONAL_REPRESENTATION('',(#1468),#1476);
#1468 = ( BOUNDED_CURVE() B_SPLINE_CURVE(2,(#1469,#1470,#1471,#1472,
#1473,#1474,#1475),.UNSPECIFIED.,.T.,.F.) B_SPLINE_CURVE_WITH_KNOTS((1,2
    ,2,2,2,1),(-2.094395102393,0.,2.094395102393,4.188790204786,
6.28318530718,8.377580409573),.UNSPECIFIED.) CURVE() 
GEOMETRIC_REPRESENTATION_ITEM() RATIONAL_B_SPLINE_CURVE((1.,0.5,1.,0.5,
1.,0.5,1.)) REPRESENTATION_ITEM('') );
#1469 = CARTESIAN_POINT('',(-17.35355338691,38.646446609407));
#1470 = CARTESIAN_POINT('',(-15.51643607982,36.809329302319));
#1471 = CARTESIAN_POINT('',(-18.02598499103,36.136897698193));
#1472 = CARTESIAN_POINT('',(-20.53553390225,35.464466094067));
#1473 = CARTESIAN_POINT('',(-19.86310229812,37.974015005281));
#1474 = CARTESIAN_POINT('',(-19.190670694,40.483563916494));
#1475 = CARTESIAN_POINT('',(-17.35355338691,38.646446609407));
#1476 = ( GEOMETRIC_REPRESENTATION_CONTEXT(2) 
PARAMETRIC_REPRESENTATION_CONTEXT() REPRESENTATION_CONTEXT('2D SPACE',''
  ) );
#1477 = PCURVE('',#1478,#1483);
#1478 = CYLINDRICAL_SURFACE('',#1479,1.5);
#1479 = AXIS2_PLACEMENT_3D('',#1480,#1481,#1482);
#1480 = CARTESIAN_POINT('',(-18.41421356286,69.226863722629,
    11.200293333223));
#1481 = DIRECTION('',(0.,-9.138395397176E-03,0.999958243993));
#1482 = DIRECTION('',(0.707106781187,0.707077255231,6.461821354507E-03)
  );
#1483 = DEFINITIONAL_REPRESENTATION('',(#1484),#1488);
#1484 = LINE('',#1485,#1486);
#1485 = CARTESIAN_POINT('',(-0.,0.));
#1486 = VECTOR('',#1487,1.);
#1487 = DIRECTION('',(-1.,0.));
#1488 = ( GEOMETRIC_REPRESENTATION_CONTEXT(2) 
PARAMETRIC_REPRESENTATION_CONTEXT() REPRESENTATION_CONTEXT('2D SPACE',''
  ) );
#1489 = FACE_BOUND('',#1490,.T.);
#1490 = EDGE_LOOP('',(#1491,#1521,#1554,#1582));
#1491 = ORIENTED_EDGE('',*,*,#1492,.F.);
#1492 = EDGE_CURVE('',#1493,#1495,#1497,.T.);
#1493 = VERTEX_POINT('',#1494);
#1494 = CARTESIAN_POINT('',(-10.64644660989,61.116289698482,
    11.126172605907));
#1495 = VERTEX_POINT('',#1496);
#1496 = CARTESIAN_POINT('',(-13.47487373464,58.287980677559,
    11.100325320489));
#1497 = SURFACE_CURVE('',#1498,(#1502,#1509),.PCURVE_S1.);
#1498 = LINE('',#1499,#1500);
#1499 = CARTESIAN_POINT('',(-10.64644660989,61.116289698482,
    11.126172605907));
#1500 = VECTOR('',#1501,1.);
#1501 = DIRECTION('',(-0.707106781187,-0.707077255231,
    -6.461821354507E-03));
#1502 = PCURVE('',#240,#1503);
#1503 = DEFINITIONAL_REPRESENTATION('',(#1504),#1508);
#1504 = LINE('',#1505,#1506);
#1505 = CARTESIAN_POINT('',(-10.64644660572,29.474873734153));
#1506 = VECTOR('',#1507,1.);
#1507 = DIRECTION('',(-0.707106781187,-0.707106781187));
#1508 = ( GEOMETRIC_REPRESENTATION_CONTEXT(2) 
PARAMETRIC_REPRESENTATION_CONTEXT() REPRESENTATION_CONTEXT('2D SPACE',''
  ) );
#1509 = PCURVE('',#1510,#1515);
#1510 = PLANE('',#1511);
#1511 = AXIS2_PLACEMENT_3D('',#1512,#1513,#1514);
#1512 = CARTESIAN_POINT('',(-10.64644660989,61.116289698482,
    11.126172605907));
#1513 = DIRECTION('',(-0.707106781187,0.707077255231,6.461821354507E-03)
  );
#1514 = DIRECTION('',(-0.707106781187,-0.707077255231,
    -6.461821354507E-03));
#1515 = DEFINITIONAL_REPRESENTATION('',(#1516),#1520);
#1516 = LINE('',#1517,#1518);
#1517 = CARTESIAN_POINT('',(0.,0.));
#1518 = VECTOR('',#1519,1.);
#1519 = DIRECTION('',(1.,0.));
#1520 = ( GEOMETRIC_REPRESENTATION_CONTEXT(2) 
PARAMETRIC_REPRESENTATION_CONTEXT() REPRESENTATION_CONTEXT('2D SPACE',''
  ) );
#1521 = ORIENTED_EDGE('',*,*,#1522,.T.);
#1522 = EDGE_CURVE('',#1493,#1523,#1525,.T.);
#1523 = VERTEX_POINT('',#1524);
#1524 = CARTESIAN_POINT('',(-8.52512626634,58.99505793279,
    11.106787141843));
#1525 = SURFACE_CURVE('',#1526,(#1531,#1542),.PCURVE_S1.);
#1526 = CIRCLE('',#1527,1.5);
#1527 = AXIS2_PLACEMENT_3D('',#1528,#1529,#1530);
#1528 = CARTESIAN_POINT('',(-9.58578643812,60.055673815636,
    11.116479873875));
#1529 = DIRECTION('',(8.673617379884E-19,9.138395397176E-03,
    -0.999958243993));
#1530 = DIRECTION('',(-0.707106781187,-0.707077255231,
    -6.461821354507E-03));
#1531 = PCURVE('',#240,#1532);
#1532 = DEFINITIONAL_REPRESENTATION('',(#1533),#1541);
#1533 = ( BOUNDED_CURVE() B_SPLINE_CURVE(2,(#1534,#1535,#1536,#1537,
#1538,#1539,#1540),.UNSPECIFIED.,.T.,.F.) B_SPLINE_CURVE_WITH_KNOTS((1,2
    ,2,2,2,1),(-2.094395102393,0.,2.094395102393,4.188790204786,
6.28318530718,8.377580409573),.UNSPECIFIED.) CURVE() 
GEOMETRIC_REPRESENTATION_ITEM() RATIONAL_B_SPLINE_CURVE((1.,0.5,1.,0.5,
1.,0.5,1.)) REPRESENTATION_ITEM('') );
#1534 = CARTESIAN_POINT('',(-10.64644660572,27.353553390593));
#1535 = CARTESIAN_POINT('',(-12.48356391281,29.190670697681));
#1536 = CARTESIAN_POINT('',(-9.9740150016,29.863102301807));
#1537 = CARTESIAN_POINT('',(-7.464466090387,30.535533905933));
#1538 = CARTESIAN_POINT('',(-8.136897694513,28.025984994719));
#1539 = CARTESIAN_POINT('',(-8.809329298639,25.516436083506));
#1540 = CARTESIAN_POINT('',(-10.64644660572,27.353553390593));
#1541 = ( GEOMETRIC_REPRESENTATION_CONTEXT(2) 
PARAMETRIC_REPRESENTATION_CONTEXT() REPRESENTATION_CONTEXT('2D SPACE',''
  ) );
#1542 = PCURVE('',#1543,#1548);
#1543 = CYLINDRICAL_SURFACE('',#1544,1.5);
#1544 = AXIS2_PLACEMENT_3D('',#1545,#1546,#1547);
#1545 = CARTESIAN_POINT('',(-9.58578643812,60.055673815636,
    11.116479873875));
#1546 = DIRECTION('',(0.,-9.138395397176E-03,0.999958243993));
#1547 = DIRECTION('',(-0.707106781187,-0.707077255231,
    -6.461821354507E-03));
#1548 = DEFINITIONAL_REPRESENTATION('',(#1549),#1553);
#1549 = LINE('',#1550,#1551);
#1550 = CARTESIAN_POINT('',(-0.,0.));
#1551 = VECTOR('',#1552,1.);
#1552 = DIRECTION('',(-1.,0.));
#1553 = ( GEOMETRIC_REPRESENTATION_CONTEXT(2) 
PARAMETRIC_REPRESENTATION_CONTEXT() REPRESENTATION_CONTEXT('2D SPACE',''
  ) );
#1554 = ORIENTED_EDGE('',*,*,#1555,.F.);
#1555 = EDGE_CURVE('',#1556,#1523,#1558,.T.);
#1556 = VERTEX_POINT('',#1557);
#1557 = CARTESIAN_POINT('',(-11.35355339108,56.166748911867,
    11.080939856425));
#1558 = SURFACE_CURVE('',#1559,(#1563,#1570),.PCURVE_S1.);
#1559 = LINE('',#1560,#1561);
#1560 = CARTESIAN_POINT('',(-11.35355339108,56.166748911867,
    11.080939856425));
#1561 = VECTOR('',#1562,1.);
#1562 = DIRECTION('',(0.707106781187,0.707077255231,6.461821354507E-03)
  );
#1563 = PCURVE('',#240,#1564);
#1564 = DEFINITIONAL_REPRESENTATION('',(#1565),#1569);
#1565 = LINE('',#1566,#1567);
#1566 = CARTESIAN_POINT('',(-11.35355338691,24.525126265847));
#1567 = VECTOR('',#1568,1.);
#1568 = DIRECTION('',(0.707106781187,0.707106781187));
#1569 = ( GEOMETRIC_REPRESENTATION_CONTEXT(2) 
PARAMETRIC_REPRESENTATION_CONTEXT() REPRESENTATION_CONTEXT('2D SPACE',''
  ) );
#1570 = PCURVE('',#1571,#1576);
#1571 = PLANE('',#1572);
#1572 = AXIS2_PLACEMENT_3D('',#1573,#1574,#1575);
#1573 = CARTESIAN_POINT('',(-11.35355339108,56.166748911867,
    11.080939856425));
#1574 = DIRECTION('',(0.707106781187,-0.707077255231,-6.461821354507E-03
    ));
#1575 = DIRECTION('',(0.707106781187,0.707077255231,6.461821354507E-03)
  );
#1576 = DEFINITIONAL_REPRESENTATION('',(#1577),#1581);
#1577 = LINE('',#1578,#1579);
#1578 = CARTESIAN_POINT('',(0.,0.));
#1579 = VECTOR('',#1580,1.);
#1580 = DIRECTION('',(1.,0.));
#1581 = ( GEOMETRIC_REPRESENTATION_CONTEXT(2) 
PARAMETRIC_REPRESENTATION_CONTEXT() REPRESENTATION_CONTEXT('2D SPACE',''
  ) );
#1582 = ORIENTED_EDGE('',*,*,#1583,.T.);
#1583 = EDGE_CURVE('',#1556,#1495,#1584,.T.);
#1584 = SURFACE_CURVE('',#1585,(#1590,#1601),.PCURVE_S1.);
#1585 = CIRCLE('',#1586,1.5);
#1586 = AXIS2_PLACEMENT_3D('',#1587,#1588,#1589);
#1587 = CARTESIAN_POINT('',(-12.41421356286,57.227364794713,
    11.090632588457));
#1588 = DIRECTION('',(8.673617379884E-19,9.138395397176E-03,
    -0.999958243993));
#1589 = DIRECTION('',(0.707106781187,0.707077255231,6.461821354507E-03)
  );
#1590 = PCURVE('',#240,#1591);
#1591 = DEFINITIONAL_REPRESENTATION('',(#1592),#1600);
#1592 = ( BOUNDED_CURVE() B_SPLINE_CURVE(2,(#1593,#1594,#1595,#1596,
#1597,#1598,#1599),.UNSPECIFIED.,.T.,.F.) B_SPLINE_CURVE_WITH_KNOTS((1,2
    ,2,2,2,1),(-2.094395102393,0.,2.094395102393,4.188790204786,
6.28318530718,8.377580409573),.UNSPECIFIED.) CURVE() 
GEOMETRIC_REPRESENTATION_ITEM() RATIONAL_B_SPLINE_CURVE((1.,0.5,1.,0.5,
1.,0.5,1.)) REPRESENTATION_ITEM('') );
#1593 = CARTESIAN_POINT('',(-11.35355338691,26.646446609407));
#1594 = CARTESIAN_POINT('',(-9.516436079826,24.809329302319));
#1595 = CARTESIAN_POINT('',(-12.02598499103,24.136897698193));
#1596 = CARTESIAN_POINT('',(-14.53553390225,23.464466094067));
#1597 = CARTESIAN_POINT('',(-13.86310229812,25.974015005281));
#1598 = CARTESIAN_POINT('',(-13.190670694,28.483563916494));
#1599 = CARTESIAN_POINT('',(-11.35355338691,26.646446609407));
#1600 = ( GEOMETRIC_REPRESENTATION_CONTEXT(2) 
PARAMETRIC_REPRESENTATION_CONTEXT() REPRESENTATION_CONTEXT('2D SPACE',''
  ) );
#1601 = PCURVE('',#1602,#1607);
#1602 = CYLINDRICAL_SURFACE('',#1603,1.5);
#1603 = AXIS2_PLACEMENT_3D('',#1604,#1605,#1606);
#1604 = CARTESIAN_POINT('',(-12.41421356286,57.227364794713,
    11.090632588457));
#1605 = DIRECTION('',(0.,-9.138395397176E-03,0.999958243993));
#1606 = DIRECTION('',(0.707106781187,0.707077255231,6.461821354507E-03)
  );
#1607 = DEFINITIONAL_REPRESENTATION('',(#1608),#1612);
#1608 = LINE('',#1609,#1610);
#1609 = CARTESIAN_POINT('',(-0.,0.));
#1610 = VECTOR('',#1611,1.);
#1611 = DIRECTION('',(-1.,0.));
#1612 = ( GEOMETRIC_REPRESENTATION_CONTEXT(2) 
PARAMETRIC_REPRESENTATION_CONTEXT() REPRESENTATION_CONTEXT('2D SPACE',''
  ) );
#1613 = FACE_BOUND('',#1614,.T.);
#1614 = EDGE_LOOP('',(#1615,#1645,#1678,#1706));
#1615 = ORIENTED_EDGE('',*,*,#1616,.F.);
#1616 = EDGE_CURVE('',#1617,#1619,#1621,.T.);
#1617 = VERTEX_POINT('',#1618);
#1618 = CARTESIAN_POINT('',(-2.646446609899,73.115788626398,
    11.235833350673));
#1619 = VERTEX_POINT('',#1620);
#1620 = CARTESIAN_POINT('',(-5.474873734646,70.287479605475,
    11.209986065255));
#1621 = SURFACE_CURVE('',#1622,(#1626,#1633),.PCURVE_S1.);
#1622 = LINE('',#1623,#1624);
#1623 = CARTESIAN_POINT('',(-2.646446609899,73.115788626398,
    11.235833350673));
#1624 = VECTOR('',#1625,1.);
#1625 = DIRECTION('',(-0.707106781187,-0.707077255231,
    -6.461821354507E-03));
#1626 = PCURVE('',#240,#1627);
#1627 = DEFINITIONAL_REPRESENTATION('',(#1628),#1632);
#1628 = LINE('',#1629,#1630);
#1629 = CARTESIAN_POINT('',(-2.646446605726,41.474873734153));
#1630 = VECTOR('',#1631,1.);
#1631 = DIRECTION('',(-0.707106781187,-0.707106781187));
#1632 = ( GEOMETRIC_REPRESENTATION_CONTEXT(2) 
PARAMETRIC_REPRESENTATION_CONTEXT() REPRESENTATION_CONTEXT('2D SPACE',''
  ) );
#1633 = PCURVE('',#1634,#1639);
#1634 = PLANE('',#1635);
#1635 = AXIS2_PLACEMENT_3D('',#1636,#1637,#1638);
#1636 = CARTESIAN_POINT('',(-2.646446609899,73.115788626398,
    11.235833350673));
#1637 = DIRECTION('',(-0.707106781187,0.707077255231,6.461821354507E-03)
  );
#1638 = DIRECTION('',(-0.707106781187,-0.707077255231,
    -6.461821354507E-03));
#1639 = DEFINITIONAL_REPRESENTATION('',(#1640),#1644);
#1640 = LINE('',#1641,#1642);
#1641 = CARTESIAN_POINT('',(0.,0.));
#1642 = VECTOR('',#1643,1.);
#1643 = DIRECTION('',(1.,0.));
#1644 = ( GEOMETRIC_REPRESENTATION_CONTEXT(2) 
PARAMETRIC_REPRESENTATION_CONTEXT() REPRESENTATION_CONTEXT('2D SPACE',''
  ) );
#1645 = ORIENTED_EDGE('',*,*,#1646,.T.);
#1646 = EDGE_CURVE('',#1617,#1647,#1649,.T.);
#1647 = VERTEX_POINT('',#1648);
#1648 = CARTESIAN_POINT('',(-0.52512626634,70.994556860706,
    11.216447886609));
#1649 = SURFACE_CURVE('',#1650,(#1655,#1666),.PCURVE_S1.);
#1650 = CIRCLE('',#1651,1.5);
#1651 = AXIS2_PLACEMENT_3D('',#1652,#1653,#1654);
#1652 = CARTESIAN_POINT('',(-1.58578643812,72.055172743552,
    11.226140618641));
#1653 = DIRECTION('',(8.673617379884E-19,9.138395397176E-03,
    -0.999958243993));
#1654 = DIRECTION('',(-0.707106781187,-0.707077255231,
    -6.461821354507E-03));
#1655 = PCURVE('',#240,#1656);
#1656 = DEFINITIONAL_REPRESENTATION('',(#1657),#1665);
#1657 = ( BOUNDED_CURVE() B_SPLINE_CURVE(2,(#1658,#1659,#1660,#1661,
#1662,#1663,#1664),.UNSPECIFIED.,.T.,.F.) B_SPLINE_CURVE_WITH_KNOTS((1,2
    ,2,2,2,1),(-2.094395102393,0.,2.094395102393,4.188790204786,
6.28318530718,8.377580409573),.UNSPECIFIED.) CURVE() 
GEOMETRIC_REPRESENTATION_ITEM() RATIONAL_B_SPLINE_CURVE((1.,0.5,1.,0.5,
1.,0.5,1.)) REPRESENTATION_ITEM('') );
#1658 = CARTESIAN_POINT('',(-2.646446605726,39.353553390593));
#1659 = CARTESIAN_POINT('',(-4.483563912814,41.190670697681));
#1660 = CARTESIAN_POINT('',(-1.9740150016,41.863102301807));
#1661 = CARTESIAN_POINT('',(0.535533909613,42.535533905933));
#1662 = CARTESIAN_POINT('',(-0.136897694513,40.025984994719));
#1663 = CARTESIAN_POINT('',(-0.809329298639,37.516436083506));
#1664 = CARTESIAN_POINT('',(-2.646446605726,39.353553390593));
#1665 = ( GEOMETRIC_REPRESENTATION_CONTEXT(2) 
PARAMETRIC_REPRESENTATION_CONTEXT() REPRESENTATION_CONTEXT('2D SPACE',''
  ) );
#1666 = PCURVE('',#1667,#1672);
#1667 = CYLINDRICAL_SURFACE('',#1668,1.5);
#1668 = AXIS2_PLACEMENT_3D('',#1669,#1670,#1671);
#1669 = CARTESIAN_POINT('',(-1.58578643812,72.055172743552,
    11.226140618641));
#1670 = DIRECTION('',(0.,-9.138395397176E-03,0.999958243993));
#1671 = DIRECTION('',(-0.707106781187,-0.707077255231,
    -6.461821354507E-03));
#1672 = DEFINITIONAL_REPRESENTATION('',(#1673),#1677);
#1673 = LINE('',#1674,#1675);
#1674 = CARTESIAN_POINT('',(-0.,0.));
#1675 = VECTOR('',#1676,1.);
#1676 = DIRECTION('',(-1.,0.));
#1677 = ( GEOMETRIC_REPRESENTATION_CONTEXT(2) 
PARAMETRIC_REPRESENTATION_CONTEXT() REPRESENTATION_CONTEXT('2D SPACE',''
  ) );
#1678 = ORIENTED_EDGE('',*,*,#1679,.F.);
#1679 = EDGE_CURVE('',#1680,#1647,#1682,.T.);
#1680 = VERTEX_POINT('',#1681);
#1681 = CARTESIAN_POINT('',(-3.353553391086,68.166247839783,
    11.190600601191));
#1682 = SURFACE_CURVE('',#1683,(#1687,#1694),.PCURVE_S1.);
#1683 = LINE('',#1684,#1685);
#1684 = CARTESIAN_POINT('',(-3.353553391086,68.166247839783,
    11.190600601191));
#1685 = VECTOR('',#1686,1.);
#1686 = DIRECTION('',(0.707106781187,0.707077255231,6.461821354507E-03)
  );
#1687 = PCURVE('',#240,#1688);
#1688 = DEFINITIONAL_REPRESENTATION('',(#1689),#1693);
#1689 = LINE('',#1690,#1691);
#1690 = CARTESIAN_POINT('',(-3.353553386913,36.525126265847));
#1691 = VECTOR('',#1692,1.);
#1692 = DIRECTION('',(0.707106781187,0.707106781187));
#1693 = ( GEOMETRIC_REPRESENTATION_CONTEXT(2) 
PARAMETRIC_REPRESENTATION_CONTEXT() REPRESENTATION_CONTEXT('2D SPACE',''
  ) );
#1694 = PCURVE('',#1695,#1700);
#1695 = PLANE('',#1696);
#1696 = AXIS2_PLACEMENT_3D('',#1697,#1698,#1699);
#1697 = CARTESIAN_POINT('',(-3.353553391086,68.166247839783,
    11.190600601191));
#1698 = DIRECTION('',(0.707106781187,-0.707077255231,-6.461821354507E-03
    ));
#1699 = DIRECTION('',(0.707106781187,0.707077255231,6.461821354507E-03)
  );
#1700 = DEFINITIONAL_REPRESENTATION('',(#1701),#1705);
#1701 = LINE('',#1702,#1703);
#1702 = CARTESIAN_POINT('',(0.,0.));
#1703 = VECTOR('',#1704,1.);
#1704 = DIRECTION('',(1.,0.));
#1705 = ( GEOMETRIC_REPRESENTATION_CONTEXT(2) 
PARAMETRIC_REPRESENTATION_CONTEXT() REPRESENTATION_CONTEXT('2D SPACE',''
  ) );
#1706 = ORIENTED_EDGE('',*,*,#1707,.T.);
#1707 = EDGE_CURVE('',#1680,#1619,#1708,.T.);
#1708 = SURFACE_CURVE('',#1709,(#1714,#1725),.PCURVE_S1.);
#1709 = CIRCLE('',#1710,1.5);
#1710 = AXIS2_PLACEMENT_3D('',#1711,#1712,#1713);
#1711 = CARTESIAN_POINT('',(-4.414213562866,69.226863722629,
    11.200293333223));
#1712 = DIRECTION('',(8.673617379884E-19,9.138395397176E-03,
    -0.999958243993));
#1713 = DIRECTION('',(0.707106781187,0.707077255231,6.461821354507E-03)
  );
#1714 = PCURVE('',#240,#1715);
#1715 = DEFINITIONAL_REPRESENTATION('',(#1716),#1724);
#1716 = ( BOUNDED_CURVE() B_SPLINE_CURVE(2,(#1717,#1718,#1719,#1720,
#1721,#1722,#1723),.UNSPECIFIED.,.T.,.F.) B_SPLINE_CURVE_WITH_KNOTS((1,2
    ,2,2,2,1),(-2.094395102393,0.,2.094395102393,4.188790204786,
6.28318530718,8.377580409573),.UNSPECIFIED.) CURVE() 
GEOMETRIC_REPRESENTATION_ITEM() RATIONAL_B_SPLINE_CURVE((1.,0.5,1.,0.5,
1.,0.5,1.)) REPRESENTATION_ITEM('') );
#1717 = CARTESIAN_POINT('',(-3.353553386913,38.646446609407));
#1718 = CARTESIAN_POINT('',(-1.516436079826,36.809329302319));
#1719 = CARTESIAN_POINT('',(-4.025984991039,36.136897698193));
#1720 = CARTESIAN_POINT('',(-6.535533902252,35.464466094067));
#1721 = CARTESIAN_POINT('',(-5.863102298126,37.974015005281));
#1722 = CARTESIAN_POINT('',(-5.190670694,40.483563916494));
#1723 = CARTESIAN_POINT('',(-3.353553386913,38.646446609407));
#1724 = ( GEOMETRIC_REPRESENTATION_CONTEXT(2) 
PARAMETRIC_REPRESENTATION_CONTEXT() REPRESENTATION_CONTEXT('2D SPACE',''
  ) );
#1725 = PCURVE('',#1726,#1731);
#1726 = CYLINDRICAL_SURFACE('',#1727,1.5);
#1727 = AXIS2_PLACEMENT_3D('',#1728,#1729,#1730);
#1728 = CARTESIAN_POINT('',(-4.414213562866,69.226863722629,
    11.200293333223));
#1729 = DIRECTION('',(0.,-9.138395397176E-03,0.999958243993));
#1730 = DIRECTION('',(0.707106781187,0.707077255231,6.461821354507E-03)
  );
#1731 = DEFINITIONAL_REPRESENTATION('',(#1732),#1736);
#1732 = LINE('',#1733,#1734);
#1733 = CARTESIAN_POINT('',(-0.,0.));
#1734 = VECTOR('',#1735,1.);
#1735 = DIRECTION('',(-1.,0.));
#1736 = ( GEOMETRIC_REPRESENTATION_CONTEXT(2) 
PARAMETRIC_REPRESENTATION_CONTEXT() REPRESENTATION_CONTEXT('2D SPACE',''
  ) );
#1737 = FACE_BOUND('',#1738,.T.);
#1738 = EDGE_LOOP('',(#1739,#1769,#1802,#1830));
#1739 = ORIENTED_EDGE('',*,*,#1740,.F.);
#1740 = EDGE_CURVE('',#1741,#1743,#1745,.T.);
#1741 = VERTEX_POINT('',#1742);
#1742 = CARTESIAN_POINT('',(3.353553390101,61.116289698482,
    11.126172605907));
#1743 = VERTEX_POINT('',#1744);
#1744 = CARTESIAN_POINT('',(0.525126265354,58.287980677559,
    11.100325320489));
#1745 = SURFACE_CURVE('',#1746,(#1750,#1757),.PCURVE_S1.);
#1746 = LINE('',#1747,#1748);
#1747 = CARTESIAN_POINT('',(3.353553390101,61.116289698482,
    11.126172605907));
#1748 = VECTOR('',#1749,1.);
#1749 = DIRECTION('',(-0.707106781187,-0.707077255231,
    -6.461821354507E-03));
#1750 = PCURVE('',#240,#1751);
#1751 = DEFINITIONAL_REPRESENTATION('',(#1752),#1756);
#1752 = LINE('',#1753,#1754);
#1753 = CARTESIAN_POINT('',(3.353553394274,29.474873734153));
#1754 = VECTOR('',#1755,1.);
#1755 = DIRECTION('',(-0.707106781187,-0.707106781187));
#1756 = ( GEOMETRIC_REPRESENTATION_CONTEXT(2) 
PARAMETRIC_REPRESENTATION_CONTEXT() REPRESENTATION_CONTEXT('2D SPACE',''
  ) );
#1757 = PCURVE('',#1758,#1763);
#1758 = PLANE('',#1759);
#1759 = AXIS2_PLACEMENT_3D('',#1760,#1761,#1762);
#1760 = CARTESIAN_POINT('',(3.353553390101,61.116289698482,
    11.126172605907));
#1761 = DIRECTION('',(-0.707106781187,0.707077255231,6.461821354507E-03)
  );
#1762 = DIRECTION('',(-0.707106781187,-0.707077255231,
    -6.461821354507E-03));
#1763 = DEFINITIONAL_REPRESENTATION('',(#1764),#1768);
#1764 = LINE('',#1765,#1766);
#1765 = CARTESIAN_POINT('',(0.,0.));
#1766 = VECTOR('',#1767,1.);
#1767 = DIRECTION('',(1.,0.));
#1768 = ( GEOMETRIC_REPRESENTATION_CONTEXT(2) 
PARAMETRIC_REPRESENTATION_CONTEXT() REPRESENTATION_CONTEXT('2D SPACE',''
  ) );
#1769 = ORIENTED_EDGE('',*,*,#1770,.T.);
#1770 = EDGE_CURVE('',#1741,#1771,#1773,.T.);
#1771 = VERTEX_POINT('',#1772);
#1772 = CARTESIAN_POINT('',(5.47487373366,58.99505793279,11.106787141843
    ));
#1773 = SURFACE_CURVE('',#1774,(#1779,#1790),.PCURVE_S1.);
#1774 = CIRCLE('',#1775,1.5);
#1775 = AXIS2_PLACEMENT_3D('',#1776,#1777,#1778);
#1776 = CARTESIAN_POINT('',(4.41421356188,60.055673815636,
    11.116479873875));
#1777 = DIRECTION('',(8.673617379884E-19,9.138395397176E-03,
    -0.999958243993));
#1778 = DIRECTION('',(-0.707106781187,-0.707077255231,
    -6.461821354507E-03));
#1779 = PCURVE('',#240,#1780);
#1780 = DEFINITIONAL_REPRESENTATION('',(#1781),#1789);
#1781 = ( BOUNDED_CURVE() B_SPLINE_CURVE(2,(#1782,#1783,#1784,#1785,
#1786,#1787,#1788),.UNSPECIFIED.,.T.,.F.) B_SPLINE_CURVE_WITH_KNOTS((1,2
    ,2,2,2,1),(-2.094395102393,0.,2.094395102393,4.188790204786,
6.28318530718,8.377580409573),.UNSPECIFIED.) CURVE() 
GEOMETRIC_REPRESENTATION_ITEM() RATIONAL_B_SPLINE_CURVE((1.,0.5,1.,0.5,
1.,0.5,1.)) REPRESENTATION_ITEM('') );
#1782 = CARTESIAN_POINT('',(3.353553394274,27.353553390593));
#1783 = CARTESIAN_POINT('',(1.516436087186,29.190670697681));
#1784 = CARTESIAN_POINT('',(4.0259849984,29.863102301807));
#1785 = CARTESIAN_POINT('',(6.535533909613,30.535533905933));
#1786 = CARTESIAN_POINT('',(5.863102305487,28.025984994719));
#1787 = CARTESIAN_POINT('',(5.190670701361,25.516436083506));
#1788 = CARTESIAN_POINT('',(3.353553394274,27.353553390593));
#1789 = ( GEOMETRIC_REPRESENTATION_CONTEXT(2) 
PARAMETRIC_REPRESENTATION_CONTEXT() REPRESENTATION_CONTEXT('2D SPACE',''
  ) );
#1790 = PCURVE('',#1791,#1796);
#1791 = CYLINDRICAL_SURFACE('',#1792,1.5);
#1792 = AXIS2_PLACEMENT_3D('',#1793,#1794,#1795);
#1793 = CARTESIAN_POINT('',(4.41421356188,60.055673815636,
    11.116479873875));
#1794 = DIRECTION('',(0.,-9.138395397176E-03,0.999958243993));
#1795 = DIRECTION('',(-0.707106781187,-0.707077255231,
    -6.461821354507E-03));
#1796 = DEFINITIONAL_REPRESENTATION('',(#1797),#1801);
#1797 = LINE('',#1798,#1799);
#1798 = CARTESIAN_POINT('',(-0.,0.));
#1799 = VECTOR('',#1800,1.);
#1800 = DIRECTION('',(-1.,0.));
#1801 = ( GEOMETRIC_REPRESENTATION_CONTEXT(2) 
PARAMETRIC_REPRESENTATION_CONTEXT() REPRESENTATION_CONTEXT('2D SPACE',''
  ) );
#1802 = ORIENTED_EDGE('',*,*,#1803,.F.);
#1803 = EDGE_CURVE('',#1804,#1771,#1806,.T.);
#1804 = VERTEX_POINT('',#1805);
#1805 = CARTESIAN_POINT('',(2.646446608914,56.166748911867,
    11.080939856425));
#1806 = SURFACE_CURVE('',#1807,(#1811,#1818),.PCURVE_S1.);
#1807 = LINE('',#1808,#1809);
#1808 = CARTESIAN_POINT('',(2.646446608914,56.166748911867,
    11.080939856425));
#1809 = VECTOR('',#1810,1.);
#1810 = DIRECTION('',(0.707106781187,0.707077255231,6.461821354507E-03)
  );
#1811 = PCURVE('',#240,#1812);
#1812 = DEFINITIONAL_REPRESENTATION('',(#1813),#1817);
#1813 = LINE('',#1814,#1815);
#1814 = CARTESIAN_POINT('',(2.646446613087,24.525126265847));
#1815 = VECTOR('',#1816,1.);
#1816 = DIRECTION('',(0.707106781187,0.707106781187));
#1817 = ( GEOMETRIC_REPRESENTATION_CONTEXT(2) 
PARAMETRIC_REPRESENTATION_CONTEXT() REPRESENTATION_CONTEXT('2D SPACE',''
  ) );
#1818 = PCURVE('',#1819,#1824);
#1819 = PLANE('',#1820);
#1820 = AXIS2_PLACEMENT_3D('',#1821,#1822,#1823);
#1821 = CARTESIAN_POINT('',(2.646446608914,56.166748911867,
    11.080939856425));
#1822 = DIRECTION('',(0.707106781187,-0.707077255231,-6.461821354507E-03
    ));
#1823 = DIRECTION('',(0.707106781187,0.707077255231,6.461821354507E-03)
  );
#1824 = DEFINITIONAL_REPRESENTATION('',(#1825),#1829);
#1825 = LINE('',#1826,#1827);
#1826 = CARTESIAN_POINT('',(0.,0.));
#1827 = VECTOR('',#1828,1.);
#1828 = DIRECTION('',(1.,0.));
#1829 = ( GEOMETRIC_REPRESENTATION_CONTEXT(2) 
PARAMETRIC_REPRESENTATION_CONTEXT() REPRESENTATION_CONTEXT('2D SPACE',''
  ) );
#1830 = ORIENTED_EDGE('',*,*,#1831,.T.);
#1831 = EDGE_CURVE('',#1804,#1743,#1832,.T.);
#1832 = SURFACE_CURVE('',#1833,(#1838,#1849),.PCURVE_S1.);
#1833 = CIRCLE('',#1834,1.5);
#1834 = AXIS2_PLACEMENT_3D('',#1835,#1836,#1837);
#1835 = CARTESIAN_POINT('',(1.585786437134,57.227364794713,
    11.090632588457));
#1836 = DIRECTION('',(8.673617379884E-19,9.138395397176E-03,
    -0.999958243993));
#1837 = DIRECTION('',(0.707106781187,0.707077255231,6.461821354507E-03)
  );
#1838 = PCURVE('',#240,#1839);
#1839 = DEFINITIONAL_REPRESENTATION('',(#1840),#1848);
#1840 = ( BOUNDED_CURVE() B_SPLINE_CURVE(2,(#1841,#1842,#1843,#1844,
#1845,#1846,#1847),.UNSPECIFIED.,.T.,.F.) B_SPLINE_CURVE_WITH_KNOTS((1,2
    ,2,2,2,1),(-2.094395102393,0.,2.094395102393,4.188790204786,
6.28318530718,8.377580409573),.UNSPECIFIED.) CURVE() 
GEOMETRIC_REPRESENTATION_ITEM() RATIONAL_B_SPLINE_CURVE((1.,0.5,1.,0.5,
1.,0.5,1.)) REPRESENTATION_ITEM('') );
#1841 = CARTESIAN_POINT('',(2.646446613087,26.646446609407));
#1842 = CARTESIAN_POINT('',(4.483563920174,24.809329302319));
#1843 = CARTESIAN_POINT('',(1.974015008961,24.136897698193));
#1844 = CARTESIAN_POINT('',(-0.535533902252,23.464466094067));
#1845 = CARTESIAN_POINT('',(0.136897701874,25.974015005281));
#1846 = CARTESIAN_POINT('',(0.809329306,28.483563916494));
#1847 = CARTESIAN_POINT('',(2.646446613087,26.646446609407));
#1848 = ( GEOMETRIC_REPRESENTATION_CONTEXT(2) 
PARAMETRIC_REPRESENTATION_CONTEXT() REPRESENTATION_CONTEXT('2D SPACE',''
  ) );
#1849 = PCURVE('',#1850,#1855);
#1850 = CYLINDRICAL_SURFACE('',#1851,1.5);
#1851 = AXIS2_PLACEMENT_3D('',#1852,#1853,#1854);
#1852 = CARTESIAN_POINT('',(1.585786437134,57.227364794713,
    11.090632588457));
#1853 = DIRECTION('',(0.,-9.138395397176E-03,0.999958243993));
#1854 = DIRECTION('',(0.707106781187,0.707077255231,6.461821354507E-03)
  );
#1855 = DEFINITIONAL_REPRESENTATION('',(#1856),#1860);
#1856 = LINE('',#1857,#1858);
#1857 = CARTESIAN_POINT('',(-0.,0.));
#1858 = VECTOR('',#1859,1.);
#1859 = DIRECTION('',(-1.,0.));
#1860 = ( GEOMETRIC_REPRESENTATION_CONTEXT(2) 
PARAMETRIC_REPRESENTATION_CONTEXT() REPRESENTATION_CONTEXT('2D SPACE',''
  ) );
#1861 = FACE_BOUND('',#1862,.T.);
#1862 = EDGE_LOOP('',(#1863,#1893,#1926,#1954));
#1863 = ORIENTED_EDGE('',*,*,#1864,.F.);
#1864 = EDGE_CURVE('',#1865,#1867,#1869,.T.);
#1865 = VERTEX_POINT('',#1866);
#1866 = CARTESIAN_POINT('',(11.353553390101,73.115788626398,
    11.235833350673));
#1867 = VERTEX_POINT('',#1868);
#1868 = CARTESIAN_POINT('',(8.525126265354,70.287479605475,
    11.209986065255));
#1869 = SURFACE_CURVE('',#1870,(#1874,#1881),.PCURVE_S1.);
#1870 = LINE('',#1871,#1872);
#1871 = CARTESIAN_POINT('',(11.353553390101,73.115788626398,
    11.235833350673));
#1872 = VECTOR('',#1873,1.);
#1873 = DIRECTION('',(-0.707106781187,-0.707077255231,
    -6.461821354507E-03));
#1874 = PCURVE('',#240,#1875);
#1875 = DEFINITIONAL_REPRESENTATION('',(#1876),#1880);
#1876 = LINE('',#1877,#1878);
#1877 = CARTESIAN_POINT('',(11.353553394274,41.474873734153));
#1878 = VECTOR('',#1879,1.);
#1879 = DIRECTION('',(-0.707106781187,-0.707106781187));
#1880 = ( GEOMETRIC_REPRESENTATION_CONTEXT(2) 
PARAMETRIC_REPRESENTATION_CONTEXT() REPRESENTATION_CONTEXT('2D SPACE',''
  ) );
#1881 = PCURVE('',#1882,#1887);
#1882 = PLANE('',#1883);
#1883 = AXIS2_PLACEMENT_3D('',#1884,#1885,#1886);
#1884 = CARTESIAN_POINT('',(11.353553390101,73.115788626398,
    11.235833350673));
#1885 = DIRECTION('',(-0.707106781187,0.707077255231,6.461821354507E-03)
  );
#1886 = DIRECTION('',(-0.707106781187,-0.707077255231,
    -6.461821354507E-03));
#1887 = DEFINITIONAL_REPRESENTATION('',(#1888),#1892);
#1888 = LINE('',#1889,#1890);
#1889 = CARTESIAN_POINT('',(0.,0.));
#1890 = VECTOR('',#1891,1.);
#1891 = DIRECTION('',(1.,0.));
#1892 = ( GEOMETRIC_REPRESENTATION_CONTEXT(2) 
PARAMETRIC_REPRESENTATION_CONTEXT() REPRESENTATION_CONTEXT('2D SPACE',''
  ) );
#1893 = ORIENTED_EDGE('',*,*,#1894,.T.);
#1894 = EDGE_CURVE('',#1865,#1895,#1897,.T.);
#1895 = VERTEX_POINT('',#1896);
#1896 = CARTESIAN_POINT('',(13.47487373366,70.994556860706,
    11.216447886609));
#1897 = SURFACE_CURVE('',#1898,(#1903,#1914),.PCURVE_S1.);
#1898 = CIRCLE('',#1899,1.5);
#1899 = AXIS2_PLACEMENT_3D('',#1900,#1901,#1902);
#1900 = CARTESIAN_POINT('',(12.41421356188,72.055172743552,
    11.226140618641));
#1901 = DIRECTION('',(8.673617379884E-19,9.138395397176E-03,
    -0.999958243993));
#1902 = DIRECTION('',(-0.707106781187,-0.707077255231,
    -6.461821354507E-03));
#1903 = PCURVE('',#240,#1904);
#1904 = DEFINITIONAL_REPRESENTATION('',(#1905),#1913);
#1905 = ( BOUNDED_CURVE() B_SPLINE_CURVE(2,(#1906,#1907,#1908,#1909,
#1910,#1911,#1912),.UNSPECIFIED.,.T.,.F.) B_SPLINE_CURVE_WITH_KNOTS((1,2
    ,2,2,2,1),(-2.094395102393,0.,2.094395102393,4.188790204786,
6.28318530718,8.377580409573),.UNSPECIFIED.) CURVE() 
GEOMETRIC_REPRESENTATION_ITEM() RATIONAL_B_SPLINE_CURVE((1.,0.5,1.,0.5,
1.,0.5,1.)) REPRESENTATION_ITEM('') );
#1906 = CARTESIAN_POINT('',(11.353553394274,39.353553390593));
#1907 = CARTESIAN_POINT('',(9.516436087186,41.190670697681));
#1908 = CARTESIAN_POINT('',(12.0259849984,41.863102301807));
#1909 = CARTESIAN_POINT('',(14.535533909613,42.535533905933));
#1910 = CARTESIAN_POINT('',(13.863102305487,40.025984994719));
#1911 = CARTESIAN_POINT('',(13.190670701361,37.516436083506));
#1912 = CARTESIAN_POINT('',(11.353553394274,39.353553390593));
#1913 = ( GEOMETRIC_REPRESENTATION_CONTEXT(2) 
PARAMETRIC_REPRESENTATION_CONTEXT() REPRESENTATION_CONTEXT('2D SPACE',''
  ) );
#1914 = PCURVE('',#1915,#1920);
#1915 = CYLINDRICAL_SURFACE('',#1916,1.5);
#1916 = AXIS2_PLACEMENT_3D('',#1917,#1918,#1919);
#1917 = CARTESIAN_POINT('',(12.41421356188,72.055172743552,
    11.226140618641));
#1918 = DIRECTION('',(0.,-9.138395397176E-03,0.999958243993));
#1919 = DIRECTION('',(-0.707106781187,-0.707077255231,
    -6.461821354507E-03));
#1920 = DEFINITIONAL_REPRESENTATION('',(#1921),#1925);
#1921 = LINE('',#1922,#1923);
#1922 = CARTESIAN_POINT('',(-0.,0.));
#1923 = VECTOR('',#1924,1.);
#1924 = DIRECTION('',(-1.,0.));
#1925 = ( GEOMETRIC_REPRESENTATION_CONTEXT(2) 
PARAMETRIC_REPRESENTATION_CONTEXT() REPRESENTATION_CONTEXT('2D SPACE',''
  ) );
#1926 = ORIENTED_EDGE('',*,*,#1927,.F.);
#1927 = EDGE_CURVE('',#1928,#1895,#1930,.T.);
#1928 = VERTEX_POINT('',#1929);
#1929 = CARTESIAN_POINT('',(10.646446608914,68.166247839783,
    11.190600601191));
#1930 = SURFACE_CURVE('',#1931,(#1935,#1942),.PCURVE_S1.);
#1931 = LINE('',#1932,#1933);
#1932 = CARTESIAN_POINT('',(10.646446608914,68.166247839783,
    11.190600601191));
#1933 = VECTOR('',#1934,1.);
#1934 = DIRECTION('',(0.707106781187,0.707077255231,6.461821354507E-03)
  );
#1935 = PCURVE('',#240,#1936);
#1936 = DEFINITIONAL_REPRESENTATION('',(#1937),#1941);
#1937 = LINE('',#1938,#1939);
#1938 = CARTESIAN_POINT('',(10.646446613087,36.525126265847));
#1939 = VECTOR('',#1940,1.);
#1940 = DIRECTION('',(0.707106781187,0.707106781187));
#1941 = ( GEOMETRIC_REPRESENTATION_CONTEXT(2) 
PARAMETRIC_REPRESENTATION_CONTEXT() REPRESENTATION_CONTEXT('2D SPACE',''
  ) );
#1942 = PCURVE('',#1943,#1948);
#1943 = PLANE('',#1944);
#1944 = AXIS2_PLACEMENT_3D('',#1945,#1946,#1947);
#1945 = CARTESIAN_POINT('',(10.646446608914,68.166247839783,
    11.190600601191));
#1946 = DIRECTION('',(0.707106781187,-0.707077255231,-6.461821354507E-03
    ));
#1947 = DIRECTION('',(0.707106781187,0.707077255231,6.461821354507E-03)
  );
#1948 = DEFINITIONAL_REPRESENTATION('',(#1949),#1953);
#1949 = LINE('',#1950,#1951);
#1950 = CARTESIAN_POINT('',(0.,0.));
#1951 = VECTOR('',#1952,1.);
#1952 = DIRECTION('',(1.,0.));
#1953 = ( GEOMETRIC_REPRESENTATION_CONTEXT(2) 
PARAMETRIC_REPRESENTATION_CONTEXT() REPRESENTATION_CONTEXT('2D SPACE',''
  ) );
#1954 = ORIENTED_EDGE('',*,*,#1955,.T.);
#1955 = EDGE_CURVE('',#1928,#1867,#1956,.T.);
#1956 = SURFACE_CURVE('',#1957,(#1962,#1973),.PCURVE_S1.);
#1957 = CIRCLE('',#1958,1.5);
#1958 = AXIS2_PLACEMENT_3D('',#1959,#1960,#1961);
#1959 = CARTESIAN_POINT('',(9.585786437134,69.226863722629,
    11.200293333223));
#1960 = DIRECTION('',(8.673617379884E-19,9.138395397176E-03,
    -0.999958243993));
#1961 = DIRECTION('',(0.707106781187,0.707077255231,6.461821354507E-03)
  );
#1962 = PCURVE('',#240,#1963);
#1963 = DEFINITIONAL_REPRESENTATION('',(#1964),#1972);
#1964 = ( BOUNDED_CURVE() B_SPLINE_CURVE(2,(#1965,#1966,#1967,#1968,
#1969,#1970,#1971),.UNSPECIFIED.,.T.,.F.) B_SPLINE_CURVE_WITH_KNOTS((1,2
    ,2,2,2,1),(-2.094395102393,0.,2.094395102393,4.188790204786,
6.28318530718,8.377580409573),.UNSPECIFIED.) CURVE() 
GEOMETRIC_REPRESENTATION_ITEM() RATIONAL_B_SPLINE_CURVE((1.,0.5,1.,0.5,
1.,0.5,1.)) REPRESENTATION_ITEM('') );
#1965 = CARTESIAN_POINT('',(10.646446613087,38.646446609407));
#1966 = CARTESIAN_POINT('',(12.483563920174,36.809329302319));
#1967 = CARTESIAN_POINT('',(9.974015008961,36.136897698193));
#1968 = CARTESIAN_POINT('',(7.464466097748,35.464466094067));
#1969 = CARTESIAN_POINT('',(8.136897701874,37.974015005281));
#1970 = CARTESIAN_POINT('',(8.809329306,40.483563916494));
#1971 = CARTESIAN_POINT('',(10.646446613087,38.646446609407));
#1972 = ( GEOMETRIC_REPRESENTATION_CONTEXT(2) 
PARAMETRIC_REPRESENTATION_CONTEXT() REPRESENTATION_CONTEXT('2D SPACE',''
  ) );
#1973 = PCURVE('',#1974,#1979);
#1974 = CYLINDRICAL_SURFACE('',#1975,1.5);
#1975 = AXIS2_PLACEMENT_3D('',#1976,#1977,#1978);
#1976 = CARTESIAN_POINT('',(9.585786437134,69.226863722629,
    11.200293333223));
#1977 = DIRECTION('',(0.,-9.138395397176E-03,0.999958243993));
#1978 = DIRECTION('',(0.707106781187,0.707077255231,6.461821354507E-03)
  );
#1979 = DEFINITIONAL_REPRESENTATION('',(#1980),#1984);
#1980 = LINE('',#1981,#1982);
#1981 = CARTESIAN_POINT('',(-0.,0.));
#1982 = VECTOR('',#1983,1.);
#1983 = DIRECTION('',(-1.,0.));
#1984 = ( GEOMETRIC_REPRESENTATION_CONTEXT(2) 
PARAMETRIC_REPRESENTATION_CONTEXT() REPRESENTATION_CONTEXT('2D SPACE',''
  ) );
#1985 = FACE_BOUND('',#1986,.T.);
#1986 = EDGE_LOOP('',(#1987,#2017,#2050,#2078));
#1987 = ORIENTED_EDGE('',*,*,#1988,.F.);
#1988 = EDGE_CURVE('',#1989,#1991,#1993,.T.);
#1989 = VERTEX_POINT('',#1990);
#1990 = CARTESIAN_POINT('',(17.353553390101,61.116289698482,
    11.126172605907));
#1991 = VERTEX_POINT('',#1992);
#1992 = CARTESIAN_POINT('',(14.525126265354,58.287980677559,
    11.100325320489));
#1993 = SURFACE_CURVE('',#1994,(#1998,#2005),.PCURVE_S1.);
#1994 = LINE('',#1995,#1996);
#1995 = CARTESIAN_POINT('',(17.353553390101,61.116289698482,
    11.126172605907));
#1996 = VECTOR('',#1997,1.);
#1997 = DIRECTION('',(-0.707106781187,-0.707077255231,
    -6.461821354507E-03));
#1998 = PCURVE('',#240,#1999);
#1999 = DEFINITIONAL_REPRESENTATION('',(#2000),#2004);
#2000 = LINE('',#2001,#2002);
#2001 = CARTESIAN_POINT('',(17.353553394274,29.474873734153));
#2002 = VECTOR('',#2003,1.);
#2003 = DIRECTION('',(-0.707106781187,-0.707106781187));
#2004 = ( GEOMETRIC_REPRESENTATION_CONTEXT(2) 
PARAMETRIC_REPRESENTATION_CONTEXT() REPRESENTATION_CONTEXT('2D SPACE',''
  ) );
#2005 = PCURVE('',#2006,#2011);
#2006 = PLANE('',#2007);
#2007 = AXIS2_PLACEMENT_3D('',#2008,#2009,#2010);
#2008 = CARTESIAN_POINT('',(17.353553390101,61.116289698482,
    11.126172605907));
#2009 = DIRECTION('',(-0.707106781187,0.707077255231,6.461821354507E-03)
  );
#2010 = DIRECTION('',(-0.707106781187,-0.707077255231,
    -6.461821354507E-03));
#2011 = DEFINITIONAL_REPRESENTATION('',(#2012),#2016);
#2012 = LINE('',#2013,#2014);
#2013 = CARTESIAN_POINT('',(0.,0.));
#2014 = VECTOR('',#2015,1.);
#2015 = DIRECTION('',(1.,0.));
#2016 = ( GEOMETRIC_REPRESENTATION_CONTEXT(2) 
PARAMETRIC_REPRESENTATION_CONTEXT() REPRESENTATION_CONTEXT('2D SPACE',''
  ) );
#2017 = ORIENTED_EDGE('',*,*,#2018,.T.);
#2018 = EDGE_CURVE('',#1989,#2019,#2021,.T.);
#2019 = VERTEX_POINT('',#2020);
#2020 = CARTESIAN_POINT('',(19.47487373366,58.99505793279,
    11.106787141843));
#2021 = SURFACE_CURVE('',#2022,(#2027,#2038),.PCURVE_S1.);
#2022 = CIRCLE('',#2023,1.5);
#2023 = AXIS2_PLACEMENT_3D('',#2024,#2025,#2026);
#2024 = CARTESIAN_POINT('',(18.41421356188,60.055673815636,
    11.116479873875));
#2025 = DIRECTION('',(8.673617379884E-19,9.138395397176E-03,
    -0.999958243993));
#2026 = DIRECTION('',(-0.707106781187,-0.707077255231,
    -6.461821354507E-03));
#2027 = PCURVE('',#240,#2028);
#2028 = DEFINITIONAL_REPRESENTATION('',(#2029),#2037);
#2029 = ( BOUNDED_CURVE() B_SPLINE_CURVE(2,(#2030,#2031,#2032,#2033,
#2034,#2035,#2036),.UNSPECIFIED.,.T.,.F.) B_SPLINE_CURVE_WITH_KNOTS((1,2
    ,2,2,2,1),(-2.094395102393,0.,2.094395102393,4.188790204786,
6.28318530718,8.377580409573),.UNSPECIFIED.) CURVE() 
GEOMETRIC_REPRESENTATION_ITEM() RATIONAL_B_SPLINE_CURVE((1.,0.5,1.,0.5,
1.,0.5,1.)) REPRESENTATION_ITEM('') );
#2030 = CARTESIAN_POINT('',(17.353553394274,27.353553390593));
#2031 = CARTESIAN_POINT('',(15.516436087186,29.190670697681));
#2032 = CARTESIAN_POINT('',(18.0259849984,29.863102301807));
#2033 = CARTESIAN_POINT('',(20.535533909613,30.535533905933));
#2034 = CARTESIAN_POINT('',(19.863102305487,28.025984994719));
#2035 = CARTESIAN_POINT('',(19.190670701361,25.516436083506));
#2036 = CARTESIAN_POINT('',(17.353553394274,27.353553390593));
#2037 = ( GEOMETRIC_REPRESENTATION_CONTEXT(2) 
PARAMETRIC_REPRESENTATION_CONTEXT() REPRESENTATION_CONTEXT('2D SPACE',''
  ) );
#2038 = PCURVE('',#2039,#2044);
#2039 = CYLINDRICAL_SURFACE('',#2040,1.5);
#2040 = AXIS2_PLACEMENT_3D('',#2041,#2042,#2043);
#2041 = CARTESIAN_POINT('',(18.41421356188,60.055673815636,
    11.116479873875));
#2042 = DIRECTION('',(0.,-9.138395397176E-03,0.999958243993));
#2043 = DIRECTION('',(-0.707106781187,-0.707077255231,
    -6.461821354507E-03));
#2044 = DEFINITIONAL_REPRESENTATION('',(#2045),#2049);
#2045 = LINE('',#2046,#2047);
#2046 = CARTESIAN_POINT('',(-0.,0.));
#2047 = VECTOR('',#2048,1.);
#2048 = DIRECTION('',(-1.,0.));
#2049 = ( GEOMETRIC_REPRESENTATION_CONTEXT(2) 
PARAMETRIC_REPRESENTATION_CONTEXT() REPRESENTATION_CONTEXT('2D SPACE',''
  ) );
#2050 = ORIENTED_EDGE('',*,*,#2051,.F.);
#2051 = EDGE_CURVE('',#2052,#2019,#2054,.T.);
#2052 = VERTEX_POINT('',#2053);
#2053 = CARTESIAN_POINT('',(16.646446608914,56.166748911867,
    11.080939856425));
#2054 = SURFACE_CURVE('',#2055,(#2059,#2066),.PCURVE_S1.);
#2055 = LINE('',#2056,#2057);
#2056 = CARTESIAN_POINT('',(16.646446608914,56.166748911867,
    11.080939856425));
#2057 = VECTOR('',#2058,1.);
#2058 = DIRECTION('',(0.707106781187,0.707077255231,6.461821354507E-03)
  );
#2059 = PCURVE('',#240,#2060);
#2060 = DEFINITIONAL_REPRESENTATION('',(#2061),#2065);
#2061 = LINE('',#2062,#2063);
#2062 = CARTESIAN_POINT('',(16.646446613087,24.525126265847));
#2063 = VECTOR('',#2064,1.);
#2064 = DIRECTION('',(0.707106781187,0.707106781187));
#2065 = ( GEOMETRIC_REPRESENTATION_CONTEXT(2) 
PARAMETRIC_REPRESENTATION_CONTEXT() REPRESENTATION_CONTEXT('2D SPACE',''
  ) );
#2066 = PCURVE('',#2067,#2072);
#2067 = PLANE('',#2068);
#2068 = AXIS2_PLACEMENT_3D('',#2069,#2070,#2071);
#2069 = CARTESIAN_POINT('',(16.646446608914,56.166748911867,
    11.080939856425));
#2070 = DIRECTION('',(0.707106781187,-0.707077255231,-6.461821354507E-03
    ));
#2071 = DIRECTION('',(0.707106781187,0.707077255231,6.461821354507E-03)
  );
#2072 = DEFINITIONAL_REPRESENTATION('',(#2073),#2077);
#2073 = LINE('',#2074,#2075);
#2074 = CARTESIAN_POINT('',(0.,0.));
#2075 = VECTOR('',#2076,1.);
#2076 = DIRECTION('',(1.,0.));
#2077 = ( GEOMETRIC_REPRESENTATION_CONTEXT(2) 
PARAMETRIC_REPRESENTATION_CONTEXT() REPRESENTATION_CONTEXT('2D SPACE',''
  ) );
#2078 = ORIENTED_EDGE('',*,*,#2079,.T.);
#2079 = EDGE_CURVE('',#2052,#1991,#2080,.T.);
#2080 = SURFACE_CURVE('',#2081,(#2086,#2097),.PCURVE_S1.);
#2081 = CIRCLE('',#2082,1.5);
#2082 = AXIS2_PLACEMENT_3D('',#2083,#2084,#2085);
#2083 = CARTESIAN_POINT('',(15.585786437134,57.227364794713,
    11.090632588457));
#2084 = DIRECTION('',(8.673617379884E-19,9.138395397176E-03,
    -0.999958243993));
#2085 = DIRECTION('',(0.707106781187,0.707077255231,6.461821354507E-03)
  );
#2086 = PCURVE('',#240,#2087);
#2087 = DEFINITIONAL_REPRESENTATION('',(#2088),#2096);
#2088 = ( BOUNDED_CURVE() B_SPLINE_CURVE(2,(#2089,#2090,#2091,#2092,
#2093,#2094,#2095),.UNSPECIFIED.,.T.,.F.) B_SPLINE_CURVE_WITH_KNOTS((1,2
    ,2,2,2,1),(-2.094395102393,0.,2.094395102393,4.188790204786,
6.28318530718,8.377580409573),.UNSPECIFIED.) CURVE() 
GEOMETRIC_REPRESENTATION_ITEM() RATIONAL_B_SPLINE_CURVE((1.,0.5,1.,0.5,
1.,0.5,1.)) REPRESENTATION_ITEM('') );
#2089 = CARTESIAN_POINT('',(16.646446613087,26.646446609407));
#2090 = CARTESIAN_POINT('',(18.483563920174,24.809329302319));
#2091 = CARTESIAN_POINT('',(15.974015008961,24.136897698193));
#2092 = CARTESIAN_POINT('',(13.464466097748,23.464466094067));
#2093 = CARTESIAN_POINT('',(14.136897701874,25.974015005281));
#2094 = CARTESIAN_POINT('',(14.809329306,28.483563916494));
#2095 = CARTESIAN_POINT('',(16.646446613087,26.646446609407));
#2096 = ( GEOMETRIC_REPRESENTATION_CONTEXT(2) 
PARAMETRIC_REPRESENTATION_CONTEXT() REPRESENTATION_CONTEXT('2D SPACE',''
  ) );
#2097 = PCURVE('',#2098,#2103);
#2098 = CYLINDRICAL_SURFACE('',#2099,1.5);
#2099 = AXIS2_PLACEMENT_3D('',#2100,#2101,#2102);
#2100 = CARTESIAN_POINT('',(15.585786437134,57.227364794713,
    11.090632588457));
#2101 = DIRECTION('',(0.,-9.138395397176E-03,0.999958243993));
#2102 = DIRECTION('',(0.707106781187,0.707077255231,6.461821354507E-03)
  );
#2103 = DEFINITIONAL_REPRESENTATION('',(#2104),#2108);
#2104 = LINE('',#2105,#2106);
#2105 = CARTESIAN_POINT('',(-0.,0.));
#2106 = VECTOR('',#2107,1.);
#2107 = DIRECTION('',(-1.,0.));
#2108 = ( GEOMETRIC_REPRESENTATION_CONTEXT(2) 
PARAMETRIC_REPRESENTATION_CONTEXT() REPRESENTATION_CONTEXT('2D SPACE',''
  ) );
#2109 = FACE_BOUND('',#2110,.T.);
#2110 = EDGE_LOOP('',(#2111,#2141,#2174,#2202));
#2111 = ORIENTED_EDGE('',*,*,#2112,.F.);
#2112 = EDGE_CURVE('',#2113,#2115,#2117,.T.);
#2113 = VERTEX_POINT('',#2114);
#2114 = CARTESIAN_POINT('',(31.353553390101,61.116289698482,
    11.126172605907));
#2115 = VERTEX_POINT('',#2116);
#2116 = CARTESIAN_POINT('',(28.525126265354,58.287980677559,
    11.100325320489));
#2117 = SURFACE_CURVE('',#2118,(#2122,#2129),.PCURVE_S1.);
#2118 = LINE('',#2119,#2120);
#2119 = CARTESIAN_POINT('',(31.353553390101,61.116289698482,
    11.126172605907));
#2120 = VECTOR('',#2121,1.);
#2121 = DIRECTION('',(-0.707106781187,-0.707077255231,
    -6.461821354507E-03));
#2122 = PCURVE('',#240,#2123);
#2123 = DEFINITIONAL_REPRESENTATION('',(#2124),#2128);
#2124 = LINE('',#2125,#2126);
#2125 = CARTESIAN_POINT('',(31.353553394274,29.474873734153));
#2126 = VECTOR('',#2127,1.);
#2127 = DIRECTION('',(-0.707106781187,-0.707106781187));
#2128 = ( GEOMETRIC_REPRESENTATION_CONTEXT(2) 
PARAMETRIC_REPRESENTATION_CONTEXT() REPRESENTATION_CONTEXT('2D SPACE',''
  ) );
#2129 = PCURVE('',#2130,#2135);
#2130 = PLANE('',#2131);
#2131 = AXIS2_PLACEMENT_3D('',#2132,#2133,#2134);
#2132 = CARTESIAN_POINT('',(31.353553390101,61.116289698482,
    11.126172605907));
#2133 = DIRECTION('',(-0.707106781187,0.707077255231,6.461821354507E-03)
  );
#2134 = DIRECTION('',(-0.707106781187,-0.707077255231,
    -6.461821354507E-03));
#2135 = DEFINITIONAL_REPRESENTATION('',(#2136),#2140);
#2136 = LINE('',#2137,#2138);
#2137 = CARTESIAN_POINT('',(0.,0.));
#2138 = VECTOR('',#2139,1.);
#2139 = DIRECTION('',(1.,0.));
#2140 = ( GEOMETRIC_REPRESENTATION_CONTEXT(2) 
PARAMETRIC_REPRESENTATION_CONTEXT() REPRESENTATION_CONTEXT('2D SPACE',''
  ) );
#2141 = ORIENTED_EDGE('',*,*,#2142,.T.);
#2142 = EDGE_CURVE('',#2113,#2143,#2145,.T.);
#2143 = VERTEX_POINT('',#2144);
#2144 = CARTESIAN_POINT('',(33.47487373366,58.99505793279,
    11.106787141843));
#2145 = SURFACE_CURVE('',#2146,(#2151,#2162),.PCURVE_S1.);
#2146 = CIRCLE('',#2147,1.5);
#2147 = AXIS2_PLACEMENT_3D('',#2148,#2149,#2150);
#2148 = CARTESIAN_POINT('',(32.41421356188,60.055673815636,
    11.116479873875));
#2149 = DIRECTION('',(8.673617379884E-19,9.138395397176E-03,
    -0.999958243993));
#2150 = DIRECTION('',(-0.707106781187,-0.707077255231,
    -6.461821354507E-03));
#2151 = PCURVE('',#240,#2152);
#2152 = DEFINITIONAL_REPRESENTATION('',(#2153),#2161);
#2153 = ( BOUNDED_CURVE() B_SPLINE_CURVE(2,(#2154,#2155,#2156,#2157,
#2158,#2159,#2160),.UNSPECIFIED.,.T.,.F.) B_SPLINE_CURVE_WITH_KNOTS((1,2
    ,2,2,2,1),(-2.094395102393,0.,2.094395102393,4.188790204786,
6.28318530718,8.377580409573),.UNSPECIFIED.) CURVE() 
GEOMETRIC_REPRESENTATION_ITEM() RATIONAL_B_SPLINE_CURVE((1.,0.5,1.,0.5,
1.,0.5,1.)) REPRESENTATION_ITEM('') );
#2154 = CARTESIAN_POINT('',(31.353553394274,27.353553390593));
#2155 = CARTESIAN_POINT('',(29.516436087186,29.190670697681));
#2156 = CARTESIAN_POINT('',(32.0259849984,29.863102301807));
#2157 = CARTESIAN_POINT('',(34.535533909613,30.535533905933));
#2158 = CARTESIAN_POINT('',(33.863102305487,28.025984994719));
#2159 = CARTESIAN_POINT('',(33.190670701361,25.516436083506));
#2160 = CARTESIAN_POINT('',(31.353553394274,27.353553390593));
#2161 = ( GEOMETRIC_REPRESENTATION_CONTEXT(2) 
PARAMETRIC_REPRESENTATION_CONTEXT() REPRESENTATION_CONTEXT('2D SPACE',''
  ) );
#2162 = PCURVE('',#2163,#2168);
#2163 = CYLINDRICAL_SURFACE('',#2164,1.5);
#2164 = AXIS2_PLACEMENT_3D('',#2165,#2166,#2167);
#2165 = CARTESIAN_POINT('',(32.41421356188,60.055673815636,
    11.116479873875));
#2166 = DIRECTION('',(0.,-9.138395397176E-03,0.999958243993));
#2167 = DIRECTION('',(-0.707106781187,-0.707077255231,
    -6.461821354507E-03));
#2168 = DEFINITIONAL_REPRESENTATION('',(#2169),#2173);
#2169 = LINE('',#2170,#2171);
#2170 = CARTESIAN_POINT('',(-0.,0.));
#2171 = VECTOR('',#2172,1.);
#2172 = DIRECTION('',(-1.,0.));
#2173 = ( GEOMETRIC_REPRESENTATION_CONTEXT(2) 
PARAMETRIC_REPRESENTATION_CONTEXT() REPRESENTATION_CONTEXT('2D SPACE',''
  ) );
#2174 = ORIENTED_EDGE('',*,*,#2175,.F.);
#2175 = EDGE_CURVE('',#2176,#2143,#2178,.T.);
#2176 = VERTEX_POINT('',#2177);
#2177 = CARTESIAN_POINT('',(30.646446608914,56.166748911867,
    11.080939856425));
#2178 = SURFACE_CURVE('',#2179,(#2183,#2190),.PCURVE_S1.);
#2179 = LINE('',#2180,#2181);
#2180 = CARTESIAN_POINT('',(30.646446608914,56.166748911867,
    11.080939856425));
#2181 = VECTOR('',#2182,1.);
#2182 = DIRECTION('',(0.707106781187,0.707077255231,6.461821354507E-03)
  );
#2183 = PCURVE('',#240,#2184);
#2184 = DEFINITIONAL_REPRESENTATION('',(#2185),#2189);
#2185 = LINE('',#2186,#2187);
#2186 = CARTESIAN_POINT('',(30.646446613087,24.525126265847));
#2187 = VECTOR('',#2188,1.);
#2188 = DIRECTION('',(0.707106781187,0.707106781187));
#2189 = ( GEOMETRIC_REPRESENTATION_CONTEXT(2) 
PARAMETRIC_REPRESENTATION_CONTEXT() REPRESENTATION_CONTEXT('2D SPACE',''
  ) );
#2190 = PCURVE('',#2191,#2196);
#2191 = PLANE('',#2192);
#2192 = AXIS2_PLACEMENT_3D('',#2193,#2194,#2195);
#2193 = CARTESIAN_POINT('',(30.646446608914,56.166748911867,
    11.080939856425));
#2194 = DIRECTION('',(0.707106781187,-0.707077255231,-6.461821354507E-03
    ));
#2195 = DIRECTION('',(0.707106781187,0.707077255231,6.461821354507E-03)
  );
#2196 = DEFINITIONAL_REPRESENTATION('',(#2197),#2201);
#2197 = LINE('',#2198,#2199);
#2198 = CARTESIAN_POINT('',(0.,0.));
#2199 = VECTOR('',#2200,1.);
#2200 = DIRECTION('',(1.,0.));
#2201 = ( GEOMETRIC_REPRESENTATION_CONTEXT(2) 
PARAMETRIC_REPRESENTATION_CONTEXT() REPRESENTATION_CONTEXT('2D SPACE',''
  ) );
#2202 = ORIENTED_EDGE('',*,*,#2203,.T.);
#2203 = EDGE_CURVE('',#2176,#2115,#2204,.T.);
#2204 = SURFACE_CURVE('',#2205,(#2210,#2221),.PCURVE_S1.);
#2205 = CIRCLE('',#2206,1.5);
#2206 = AXIS2_PLACEMENT_3D('',#2207,#2208,#2209);
#2207 = CARTESIAN_POINT('',(29.585786437134,57.227364794713,
    11.090632588457));
#2208 = DIRECTION('',(8.673617379884E-19,9.138395397176E-03,
    -0.999958243993));
#2209 = DIRECTION('',(0.707106781187,0.707077255231,6.461821354507E-03)
  );
#2210 = PCURVE('',#240,#2211);
#2211 = DEFINITIONAL_REPRESENTATION('',(#2212),#2220);
#2212 = ( BOUNDED_CURVE() B_SPLINE_CURVE(2,(#2213,#2214,#2215,#2216,
#2217,#2218,#2219),.UNSPECIFIED.,.T.,.F.) B_SPLINE_CURVE_WITH_KNOTS((1,2
    ,2,2,2,1),(-2.094395102393,0.,2.094395102393,4.188790204786,
6.28318530718,8.377580409573),.UNSPECIFIED.) CURVE() 
GEOMETRIC_REPRESENTATION_ITEM() RATIONAL_B_SPLINE_CURVE((1.,0.5,1.,0.5,
1.,0.5,1.)) REPRESENTATION_ITEM('') );
#2213 = CARTESIAN_POINT('',(30.646446613087,26.646446609407));
#2214 = CARTESIAN_POINT('',(32.483563920174,24.809329302319));
#2215 = CARTESIAN_POINT('',(29.974015008961,24.136897698193));
#2216 = CARTESIAN_POINT('',(27.464466097748,23.464466094067));
#2217 = CARTESIAN_POINT('',(28.136897701874,25.974015005281));
#2218 = CARTESIAN_POINT('',(28.809329306,28.483563916494));
#2219 = CARTESIAN_POINT('',(30.646446613087,26.646446609407));
#2220 = ( GEOMETRIC_REPRESENTATION_CONTEXT(2) 
PARAMETRIC_REPRESENTATION_CONTEXT() REPRESENTATION_CONTEXT('2D SPACE',''
  ) );
#2221 = PCURVE('',#2222,#2227);
#2222 = CYLINDRICAL_SURFACE('',#2223,1.5);
#2223 = AXIS2_PLACEMENT_3D('',#2224,#2225,#2226);
#2224 = CARTESIAN_POINT('',(29.585786437134,57.227364794713,
    11.090632588457));
#2225 = DIRECTION('',(0.,-9.138395397176E-03,0.999958243993));
#2226 = DIRECTION('',(0.707106781187,0.707077255231,6.461821354507E-03)
  );
#2227 = DEFINITIONAL_REPRESENTATION('',(#2228),#2232);
#2228 = LINE('',#2229,#2230);
#2229 = CARTESIAN_POINT('',(-0.,0.));
#2230 = VECTOR('',#2231,1.);
#2231 = DIRECTION('',(-1.,0.));
#2232 = ( GEOMETRIC_REPRESENTATION_CONTEXT(2) 
PARAMETRIC_REPRESENTATION_CONTEXT() REPRESENTATION_CONTEXT('2D SPACE',''
  ) );
#2233 = ADVANCED_FACE('',(#2234),#2191,.F.);
#2234 = FACE_BOUND('',#2235,.F.);
#2235 = EDGE_LOOP('',(#2236,#2259,#2282,#2303));
#2236 = ORIENTED_EDGE('',*,*,#2237,.T.);
#2237 = EDGE_CURVE('',#2176,#2238,#2240,.T.);
#2238 = VERTEX_POINT('',#2239);
#2239 = CARTESIAN_POINT('',(30.646446608914,56.18868106082,
    8.681040070842));
#2240 = SURFACE_CURVE('',#2241,(#2245,#2252),.PCURVE_S1.);
#2241 = LINE('',#2242,#2243);
#2242 = CARTESIAN_POINT('',(30.646446608914,56.166748911867,
    11.080939856425));
#2243 = VECTOR('',#2244,1.);
#2244 = DIRECTION('',(0.,9.138395397176E-03,-0.999958243993));
#2245 = PCURVE('',#2191,#2246);
#2246 = DEFINITIONAL_REPRESENTATION('',(#2247),#2251);
#2247 = LINE('',#2248,#2249);
#2248 = CARTESIAN_POINT('',(-5.024295867788E-15,0.));
#2249 = VECTOR('',#2250,1.);
#2250 = DIRECTION('',(0.,-1.));
#2251 = ( GEOMETRIC_REPRESENTATION_CONTEXT(2) 
PARAMETRIC_REPRESENTATION_CONTEXT() REPRESENTATION_CONTEXT('2D SPACE',''
  ) );
#2252 = PCURVE('',#2222,#2253);
#2253 = DEFINITIONAL_REPRESENTATION('',(#2254),#2258);
#2254 = LINE('',#2255,#2256);
#2255 = CARTESIAN_POINT('',(-1.570796326795,0.));
#2256 = VECTOR('',#2257,1.);
#2257 = DIRECTION('',(-0.,-1.));
#2258 = ( GEOMETRIC_REPRESENTATION_CONTEXT(2) 
PARAMETRIC_REPRESENTATION_CONTEXT() REPRESENTATION_CONTEXT('2D SPACE',''
  ) );
#2259 = ORIENTED_EDGE('',*,*,#2260,.T.);
#2260 = EDGE_CURVE('',#2238,#2261,#2263,.T.);
#2261 = VERTEX_POINT('',#2262);
#2262 = CARTESIAN_POINT('',(33.47487373366,59.016990081743,8.70688735626
    ));
#2263 = SURFACE_CURVE('',#2264,(#2268,#2275),.PCURVE_S1.);
#2264 = LINE('',#2265,#2266);
#2265 = CARTESIAN_POINT('',(30.646446608914,56.18868106082,
    8.681040070842));
#2266 = VECTOR('',#2267,1.);
#2267 = DIRECTION('',(0.707106781187,0.707077255231,6.461821354507E-03)
  );
#2268 = PCURVE('',#2191,#2269);
#2269 = DEFINITIONAL_REPRESENTATION('',(#2270),#2274);
#2270 = LINE('',#2271,#2272);
#2271 = CARTESIAN_POINT('',(0.,-2.4));
#2272 = VECTOR('',#2273,1.);
#2273 = DIRECTION('',(1.,0.));
#2274 = ( GEOMETRIC_REPRESENTATION_CONTEXT(2) 
PARAMETRIC_REPRESENTATION_CONTEXT() REPRESENTATION_CONTEXT('2D SPACE',''
  ) );
#2275 = PCURVE('',#389,#2276);
#2276 = DEFINITIONAL_REPRESENTATION('',(#2277),#2281);
#2277 = LINE('',#2278,#2279);
#2278 = CARTESIAN_POINT('',(30.646446613087,24.525126265847));
#2279 = VECTOR('',#2280,1.);
#2280 = DIRECTION('',(0.707106781187,0.707106781187));
#2281 = ( GEOMETRIC_REPRESENTATION_CONTEXT(2) 
PARAMETRIC_REPRESENTATION_CONTEXT() REPRESENTATION_CONTEXT('2D SPACE',''
  ) );
#2282 = ORIENTED_EDGE('',*,*,#2283,.F.);
#2283 = EDGE_CURVE('',#2143,#2261,#2284,.T.);
#2284 = SURFACE_CURVE('',#2285,(#2289,#2296),.PCURVE_S1.);
#2285 = LINE('',#2286,#2287);
#2286 = CARTESIAN_POINT('',(33.47487373366,58.99505793279,
    11.106787141843));
#2287 = VECTOR('',#2288,1.);
#2288 = DIRECTION('',(0.,9.138395397176E-03,-0.999958243993));
#2289 = PCURVE('',#2191,#2290);
#2290 = DEFINITIONAL_REPRESENTATION('',(#2291),#2295);
#2291 = LINE('',#2292,#2293);
#2292 = CARTESIAN_POINT('',(4.,0.));
#2293 = VECTOR('',#2294,1.);
#2294 = DIRECTION('',(0.,-1.));
#2295 = ( GEOMETRIC_REPRESENTATION_CONTEXT(2) 
PARAMETRIC_REPRESENTATION_CONTEXT() REPRESENTATION_CONTEXT('2D SPACE',''
  ) );
#2296 = PCURVE('',#2163,#2297);
#2297 = DEFINITIONAL_REPRESENTATION('',(#2298),#2302);
#2298 = LINE('',#2299,#2300);
#2299 = CARTESIAN_POINT('',(-4.712388980385,0.));
#2300 = VECTOR('',#2301,1.);
#2301 = DIRECTION('',(-0.,-1.));
#2302 = ( GEOMETRIC_REPRESENTATION_CONTEXT(2) 
PARAMETRIC_REPRESENTATION_CONTEXT() REPRESENTATION_CONTEXT('2D SPACE',''
  ) );
#2303 = ORIENTED_EDGE('',*,*,#2175,.F.);
#2304 = ADVANCED_FACE('',(#2305),#2222,.F.);
#2305 = FACE_BOUND('',#2306,.T.);
#2306 = EDGE_LOOP('',(#2307,#2308,#2336,#2357));
#2307 = ORIENTED_EDGE('',*,*,#2237,.T.);
#2308 = ORIENTED_EDGE('',*,*,#2309,.T.);
#2309 = EDGE_CURVE('',#2238,#2310,#2312,.T.);
#2310 = VERTEX_POINT('',#2311);
#2311 = CARTESIAN_POINT('',(28.525126265354,58.309912826512,
    8.700425534905));
#2312 = SURFACE_CURVE('',#2313,(#2318,#2325),.PCURVE_S1.);
#2313 = CIRCLE('',#2314,1.5);
#2314 = AXIS2_PLACEMENT_3D('',#2315,#2316,#2317);
#2315 = CARTESIAN_POINT('',(29.585786437134,57.249296943666,
    8.690732802874));
#2316 = DIRECTION('',(8.673617379884E-19,9.138395397176E-03,
    -0.999958243993));
#2317 = DIRECTION('',(0.707106781187,0.707077255231,6.461821354507E-03)
  );
#2318 = PCURVE('',#2222,#2319);
#2319 = DEFINITIONAL_REPRESENTATION('',(#2320),#2324);
#2320 = LINE('',#2321,#2322);
#2321 = CARTESIAN_POINT('',(-0.,-2.4));
#2322 = VECTOR('',#2323,1.);
#2323 = DIRECTION('',(-1.,0.));
#2324 = ( GEOMETRIC_REPRESENTATION_CONTEXT(2) 
PARAMETRIC_REPRESENTATION_CONTEXT() REPRESENTATION_CONTEXT('2D SPACE',''
  ) );
#2325 = PCURVE('',#389,#2326);
#2326 = DEFINITIONAL_REPRESENTATION('',(#2327),#2335);
#2327 = ( BOUNDED_CURVE() B_SPLINE_CURVE(2,(#2328,#2329,#2330,#2331,
#2332,#2333,#2334),.UNSPECIFIED.,.T.,.F.) B_SPLINE_CURVE_WITH_KNOTS((1,2
    ,2,2,2,1),(-2.094395102393,0.,2.094395102393,4.188790204786,
6.28318530718,8.377580409573),.UNSPECIFIED.) CURVE() 
GEOMETRIC_REPRESENTATION_ITEM() RATIONAL_B_SPLINE_CURVE((1.,0.5,1.,0.5,
1.,0.5,1.)) REPRESENTATION_ITEM('') );
#2328 = CARTESIAN_POINT('',(30.646446613087,26.646446609407));
#2329 = CARTESIAN_POINT('',(32.483563920174,24.809329302319));
#2330 = CARTESIAN_POINT('',(29.974015008961,24.136897698193));
#2331 = CARTESIAN_POINT('',(27.464466097748,23.464466094067));
#2332 = CARTESIAN_POINT('',(28.136897701874,25.974015005281));
#2333 = CARTESIAN_POINT('',(28.809329306,28.483563916494));
#2334 = CARTESIAN_POINT('',(30.646446613087,26.646446609407));
#2335 = ( GEOMETRIC_REPRESENTATION_CONTEXT(2) 
PARAMETRIC_REPRESENTATION_CONTEXT() REPRESENTATION_CONTEXT('2D SPACE',''
  ) );
#2336 = ORIENTED_EDGE('',*,*,#2337,.F.);
#2337 = EDGE_CURVE('',#2115,#2310,#2338,.T.);
#2338 = SURFACE_CURVE('',#2339,(#2343,#2350),.PCURVE_S1.);
#2339 = LINE('',#2340,#2341);
#2340 = CARTESIAN_POINT('',(28.525126265354,58.287980677559,
    11.100325320489));
#2341 = VECTOR('',#2342,1.);
#2342 = DIRECTION('',(0.,9.138395397176E-03,-0.999958243993));
#2343 = PCURVE('',#2222,#2344);
#2344 = DEFINITIONAL_REPRESENTATION('',(#2345),#2349);
#2345 = LINE('',#2346,#2347);
#2346 = CARTESIAN_POINT('',(-4.712388980385,0.));
#2347 = VECTOR('',#2348,1.);
#2348 = DIRECTION('',(-0.,-1.));
#2349 = ( GEOMETRIC_REPRESENTATION_CONTEXT(2) 
PARAMETRIC_REPRESENTATION_CONTEXT() REPRESENTATION_CONTEXT('2D SPACE',''
  ) );
#2350 = PCURVE('',#2130,#2351);
#2351 = DEFINITIONAL_REPRESENTATION('',(#2352),#2356);
#2352 = LINE('',#2353,#2354);
#2353 = CARTESIAN_POINT('',(4.,0.));
#2354 = VECTOR('',#2355,1.);
#2355 = DIRECTION('',(0.,-1.));
#2356 = ( GEOMETRIC_REPRESENTATION_CONTEXT(2) 
PARAMETRIC_REPRESENTATION_CONTEXT() REPRESENTATION_CONTEXT('2D SPACE',''
  ) );
#2357 = ORIENTED_EDGE('',*,*,#2203,.F.);
#2358 = ADVANCED_FACE('',(#2359),#2163,.F.);
#2359 = FACE_BOUND('',#2360,.T.);
#2360 = EDGE_LOOP('',(#2361,#2384,#2410,#2411));
#2361 = ORIENTED_EDGE('',*,*,#2362,.T.);
#2362 = EDGE_CURVE('',#2113,#2363,#2365,.T.);
#2363 = VERTEX_POINT('',#2364);
#2364 = CARTESIAN_POINT('',(31.353553390101,61.138221847436,
    8.726272820323));
#2365 = SURFACE_CURVE('',#2366,(#2370,#2377),.PCURVE_S1.);
#2366 = LINE('',#2367,#2368);
#2367 = CARTESIAN_POINT('',(31.353553390101,61.116289698482,
    11.126172605907));
#2368 = VECTOR('',#2369,1.);
#2369 = DIRECTION('',(0.,9.138395397176E-03,-0.999958243993));
#2370 = PCURVE('',#2163,#2371);
#2371 = DEFINITIONAL_REPRESENTATION('',(#2372),#2376);
#2372 = LINE('',#2373,#2374);
#2373 = CARTESIAN_POINT('',(-1.570796326795,0.));
#2374 = VECTOR('',#2375,1.);
#2375 = DIRECTION('',(-0.,-1.));
#2376 = ( GEOMETRIC_REPRESENTATION_CONTEXT(2) 
PARAMETRIC_REPRESENTATION_CONTEXT() REPRESENTATION_CONTEXT('2D SPACE',''
  ) );
#2377 = PCURVE('',#2130,#2378);
#2378 = DEFINITIONAL_REPRESENTATION('',(#2379),#2383);
#2379 = LINE('',#2380,#2381);
#2380 = CARTESIAN_POINT('',(-5.024295867788E-15,0.));
#2381 = VECTOR('',#2382,1.);
#2382 = DIRECTION('',(0.,-1.));
#2383 = ( GEOMETRIC_REPRESENTATION_CONTEXT(2) 
PARAMETRIC_REPRESENTATION_CONTEXT() REPRESENTATION_CONTEXT('2D SPACE',''
  ) );
#2384 = ORIENTED_EDGE('',*,*,#2385,.T.);
#2385 = EDGE_CURVE('',#2363,#2261,#2386,.T.);
#2386 = SURFACE_CURVE('',#2387,(#2392,#2399),.PCURVE_S1.);
#2387 = CIRCLE('',#2388,1.5);
#2388 = AXIS2_PLACEMENT_3D('',#2389,#2390,#2391);
#2389 = CARTESIAN_POINT('',(32.41421356188,60.077605964589,
    8.716580088292));
#2390 = DIRECTION('',(8.673617379884E-19,9.138395397176E-03,
    -0.999958243993));
#2391 = DIRECTION('',(-0.707106781187,-0.707077255231,
    -6.461821354507E-03));
#2392 = PCURVE('',#2163,#2393);
#2393 = DEFINITIONAL_REPRESENTATION('',(#2394),#2398);
#2394 = LINE('',#2395,#2396);
#2395 = CARTESIAN_POINT('',(-0.,-2.4));
#2396 = VECTOR('',#2397,1.);
#2397 = DIRECTION('',(-1.,0.));
#2398 = ( GEOMETRIC_REPRESENTATION_CONTEXT(2) 
PARAMETRIC_REPRESENTATION_CONTEXT() REPRESENTATION_CONTEXT('2D SPACE',''
  ) );
#2399 = PCURVE('',#389,#2400);
#2400 = DEFINITIONAL_REPRESENTATION('',(#2401),#2409);
#2401 = ( BOUNDED_CURVE() B_SPLINE_CURVE(2,(#2402,#2403,#2404,#2405,
#2406,#2407,#2408),.UNSPECIFIED.,.T.,.F.) B_SPLINE_CURVE_WITH_KNOTS((1,2
    ,2,2,2,1),(-2.094395102393,0.,2.094395102393,4.188790204786,
6.28318530718,8.377580409573),.UNSPECIFIED.) CURVE() 
GEOMETRIC_REPRESENTATION_ITEM() RATIONAL_B_SPLINE_CURVE((1.,0.5,1.,0.5,
1.,0.5,1.)) REPRESENTATION_ITEM('') );
#2402 = CARTESIAN_POINT('',(31.353553394274,27.353553390593));
#2403 = CARTESIAN_POINT('',(29.516436087186,29.190670697681));
#2404 = CARTESIAN_POINT('',(32.0259849984,29.863102301807));
#2405 = CARTESIAN_POINT('',(34.535533909613,30.535533905933));
#2406 = CARTESIAN_POINT('',(33.863102305487,28.025984994719));
#2407 = CARTESIAN_POINT('',(33.190670701361,25.516436083506));
#2408 = CARTESIAN_POINT('',(31.353553394274,27.353553390593));
#2409 = ( GEOMETRIC_REPRESENTATION_CONTEXT(2) 
PARAMETRIC_REPRESENTATION_CONTEXT() REPRESENTATION_CONTEXT('2D SPACE',''
  ) );
#2410 = ORIENTED_EDGE('',*,*,#2283,.F.);
#2411 = ORIENTED_EDGE('',*,*,#2142,.F.);
#2412 = ADVANCED_FACE('',(#2413),#2130,.F.);
#2413 = FACE_BOUND('',#2414,.F.);
#2414 = EDGE_LOOP('',(#2415,#2416,#2437,#2438));
#2415 = ORIENTED_EDGE('',*,*,#2362,.T.);
#2416 = ORIENTED_EDGE('',*,*,#2417,.T.);
#2417 = EDGE_CURVE('',#2363,#2310,#2418,.T.);
#2418 = SURFACE_CURVE('',#2419,(#2423,#2430),.PCURVE_S1.);
#2419 = LINE('',#2420,#2421);
#2420 = CARTESIAN_POINT('',(31.353553390101,61.138221847436,
    8.726272820323));
#2421 = VECTOR('',#2422,1.);
#2422 = DIRECTION('',(-0.707106781187,-0.707077255231,
    -6.461821354507E-03));
#2423 = PCURVE('',#2130,#2424);
#2424 = DEFINITIONAL_REPRESENTATION('',(#2425),#2429);
#2425 = LINE('',#2426,#2427);
#2426 = CARTESIAN_POINT('',(-0.,-2.4));
#2427 = VECTOR('',#2428,1.);
#2428 = DIRECTION('',(1.,0.));
#2429 = ( GEOMETRIC_REPRESENTATION_CONTEXT(2) 
PARAMETRIC_REPRESENTATION_CONTEXT() REPRESENTATION_CONTEXT('2D SPACE',''
  ) );
#2430 = PCURVE('',#389,#2431);
#2431 = DEFINITIONAL_REPRESENTATION('',(#2432),#2436);
#2432 = LINE('',#2433,#2434);
#2433 = CARTESIAN_POINT('',(31.353553394274,29.474873734153));
#2434 = VECTOR('',#2435,1.);
#2435 = DIRECTION('',(-0.707106781187,-0.707106781187));
#2436 = ( GEOMETRIC_REPRESENTATION_CONTEXT(2) 
PARAMETRIC_REPRESENTATION_CONTEXT() REPRESENTATION_CONTEXT('2D SPACE',''
  ) );
#2437 = ORIENTED_EDGE('',*,*,#2337,.F.);
#2438 = ORIENTED_EDGE('',*,*,#2112,.F.);
#2439 = ADVANCED_FACE('',(#2440),#2067,.F.);
#2440 = FACE_BOUND('',#2441,.F.);
#2441 = EDGE_LOOP('',(#2442,#2465,#2488,#2509));
#2442 = ORIENTED_EDGE('',*,*,#2443,.T.);
#2443 = EDGE_CURVE('',#2052,#2444,#2446,.T.);
#2444 = VERTEX_POINT('',#2445);
#2445 = CARTESIAN_POINT('',(16.646446608914,56.18868106082,
    8.681040070842));
#2446 = SURFACE_CURVE('',#2447,(#2451,#2458),.PCURVE_S1.);
#2447 = LINE('',#2448,#2449);
#2448 = CARTESIAN_POINT('',(16.646446608914,56.166748911867,
    11.080939856425));
#2449 = VECTOR('',#2450,1.);
#2450 = DIRECTION('',(0.,9.138395397176E-03,-0.999958243993));
#2451 = PCURVE('',#2067,#2452);
#2452 = DEFINITIONAL_REPRESENTATION('',(#2453),#2457);
#2453 = LINE('',#2454,#2455);
#2454 = CARTESIAN_POINT('',(-5.024295867788E-15,0.));
#2455 = VECTOR('',#2456,1.);
#2456 = DIRECTION('',(0.,-1.));
#2457 = ( GEOMETRIC_REPRESENTATION_CONTEXT(2) 
PARAMETRIC_REPRESENTATION_CONTEXT() REPRESENTATION_CONTEXT('2D SPACE',''
  ) );
#2458 = PCURVE('',#2098,#2459);
#2459 = DEFINITIONAL_REPRESENTATION('',(#2460),#2464);
#2460 = LINE('',#2461,#2462);
#2461 = CARTESIAN_POINT('',(-1.570796326795,0.));
#2462 = VECTOR('',#2463,1.);
#2463 = DIRECTION('',(-0.,-1.));
#2464 = ( GEOMETRIC_REPRESENTATION_CONTEXT(2) 
PARAMETRIC_REPRESENTATION_CONTEXT() REPRESENTATION_CONTEXT('2D SPACE',''
  ) );
#2465 = ORIENTED_EDGE('',*,*,#2466,.T.);
#2466 = EDGE_CURVE('',#2444,#2467,#2469,.T.);
#2467 = VERTEX_POINT('',#2468);
#2468 = CARTESIAN_POINT('',(19.47487373366,59.016990081743,8.70688735626
    ));
#2469 = SURFACE_CURVE('',#2470,(#2474,#2481),.PCURVE_S1.);
#2470 = LINE('',#2471,#2472);
#2471 = CARTESIAN_POINT('',(16.646446608914,56.18868106082,
    8.681040070842));
#2472 = VECTOR('',#2473,1.);
#2473 = DIRECTION('',(0.707106781187,0.707077255231,6.461821354507E-03)
  );
#2474 = PCURVE('',#2067,#2475);
#2475 = DEFINITIONAL_REPRESENTATION('',(#2476),#2480);
#2476 = LINE('',#2477,#2478);
#2477 = CARTESIAN_POINT('',(0.,-2.4));
#2478 = VECTOR('',#2479,1.);
#2479 = DIRECTION('',(1.,0.));
#2480 = ( GEOMETRIC_REPRESENTATION_CONTEXT(2) 
PARAMETRIC_REPRESENTATION_CONTEXT() REPRESENTATION_CONTEXT('2D SPACE',''
  ) );
#2481 = PCURVE('',#389,#2482);
#2482 = DEFINITIONAL_REPRESENTATION('',(#2483),#2487);
#2483 = LINE('',#2484,#2485);
#2484 = CARTESIAN_POINT('',(16.646446613087,24.525126265847));
#2485 = VECTOR('',#2486,1.);
#2486 = DIRECTION('',(0.707106781187,0.707106781187));
#2487 = ( GEOMETRIC_REPRESENTATION_CONTEXT(2) 
PARAMETRIC_REPRESENTATION_CONTEXT() REPRESENTATION_CONTEXT('2D SPACE',''
  ) );
#2488 = ORIENTED_EDGE('',*,*,#2489,.F.);
#2489 = EDGE_CURVE('',#2019,#2467,#2490,.T.);
#2490 = SURFACE_CURVE('',#2491,(#2495,#2502),.PCURVE_S1.);
#2491 = LINE('',#2492,#2493);
#2492 = CARTESIAN_POINT('',(19.47487373366,58.99505793279,
    11.106787141843));
#2493 = VECTOR('',#2494,1.);
#2494 = DIRECTION('',(0.,9.138395397176E-03,-0.999958243993));
#2495 = PCURVE('',#2067,#2496);
#2496 = DEFINITIONAL_REPRESENTATION('',(#2497),#2501);
#2497 = LINE('',#2498,#2499);
#2498 = CARTESIAN_POINT('',(4.,0.));
#2499 = VECTOR('',#2500,1.);
#2500 = DIRECTION('',(0.,-1.));
#2501 = ( GEOMETRIC_REPRESENTATION_CONTEXT(2) 
PARAMETRIC_REPRESENTATION_CONTEXT() REPRESENTATION_CONTEXT('2D SPACE',''
  ) );
#2502 = PCURVE('',#2039,#2503);
#2503 = DEFINITIONAL_REPRESENTATION('',(#2504),#2508);
#2504 = LINE('',#2505,#2506);
#2505 = CARTESIAN_POINT('',(-4.712388980385,0.));
#2506 = VECTOR('',#2507,1.);
#2507 = DIRECTION('',(-0.,-1.));
#2508 = ( GEOMETRIC_REPRESENTATION_CONTEXT(2) 
PARAMETRIC_REPRESENTATION_CONTEXT() REPRESENTATION_CONTEXT('2D SPACE',''
  ) );
#2509 = ORIENTED_EDGE('',*,*,#2051,.F.);
#2510 = ADVANCED_FACE('',(#2511),#2098,.F.);
#2511 = FACE_BOUND('',#2512,.T.);
#2512 = EDGE_LOOP('',(#2513,#2514,#2542,#2563));
#2513 = ORIENTED_EDGE('',*,*,#2443,.T.);
#2514 = ORIENTED_EDGE('',*,*,#2515,.T.);
#2515 = EDGE_CURVE('',#2444,#2516,#2518,.T.);
#2516 = VERTEX_POINT('',#2517);
#2517 = CARTESIAN_POINT('',(14.525126265354,58.309912826512,
    8.700425534905));
#2518 = SURFACE_CURVE('',#2519,(#2524,#2531),.PCURVE_S1.);
#2519 = CIRCLE('',#2520,1.5);
#2520 = AXIS2_PLACEMENT_3D('',#2521,#2522,#2523);
#2521 = CARTESIAN_POINT('',(15.585786437134,57.249296943666,
    8.690732802874));
#2522 = DIRECTION('',(8.673617379884E-19,9.138395397176E-03,
    -0.999958243993));
#2523 = DIRECTION('',(0.707106781187,0.707077255231,6.461821354507E-03)
  );
#2524 = PCURVE('',#2098,#2525);
#2525 = DEFINITIONAL_REPRESENTATION('',(#2526),#2530);
#2526 = LINE('',#2527,#2528);
#2527 = CARTESIAN_POINT('',(-0.,-2.4));
#2528 = VECTOR('',#2529,1.);
#2529 = DIRECTION('',(-1.,0.));
#2530 = ( GEOMETRIC_REPRESENTATION_CONTEXT(2) 
PARAMETRIC_REPRESENTATION_CONTEXT() REPRESENTATION_CONTEXT('2D SPACE',''
  ) );
#2531 = PCURVE('',#389,#2532);
#2532 = DEFINITIONAL_REPRESENTATION('',(#2533),#2541);
#2533 = ( BOUNDED_CURVE() B_SPLINE_CURVE(2,(#2534,#2535,#2536,#2537,
#2538,#2539,#2540),.UNSPECIFIED.,.T.,.F.) B_SPLINE_CURVE_WITH_KNOTS((1,2
    ,2,2,2,1),(-2.094395102393,0.,2.094395102393,4.188790204786,
6.28318530718,8.377580409573),.UNSPECIFIED.) CURVE() 
GEOMETRIC_REPRESENTATION_ITEM() RATIONAL_B_SPLINE_CURVE((1.,0.5,1.,0.5,
1.,0.5,1.)) REPRESENTATION_ITEM('') );
#2534 = CARTESIAN_POINT('',(16.646446613087,26.646446609407));
#2535 = CARTESIAN_POINT('',(18.483563920174,24.809329302319));
#2536 = CARTESIAN_POINT('',(15.974015008961,24.136897698193));
#2537 = CARTESIAN_POINT('',(13.464466097748,23.464466094067));
#2538 = CARTESIAN_POINT('',(14.136897701874,25.974015005281));
#2539 = CARTESIAN_POINT('',(14.809329306,28.483563916494));
#2540 = CARTESIAN_POINT('',(16.646446613087,26.646446609407));
#2541 = ( GEOMETRIC_REPRESENTATION_CONTEXT(2) 
PARAMETRIC_REPRESENTATION_CONTEXT() REPRESENTATION_CONTEXT('2D SPACE',''
  ) );
#2542 = ORIENTED_EDGE('',*,*,#2543,.F.);
#2543 = EDGE_CURVE('',#1991,#2516,#2544,.T.);
#2544 = SURFACE_CURVE('',#2545,(#2549,#2556),.PCURVE_S1.);
#2545 = LINE('',#2546,#2547);
#2546 = CARTESIAN_POINT('',(14.525126265354,58.287980677559,
    11.100325320489));
#2547 = VECTOR('',#2548,1.);
#2548 = DIRECTION('',(0.,9.138395397176E-03,-0.999958243993));
#2549 = PCURVE('',#2098,#2550);
#2550 = DEFINITIONAL_REPRESENTATION('',(#2551),#2555);
#2551 = LINE('',#2552,#2553);
#2552 = CARTESIAN_POINT('',(-4.712388980385,0.));
#2553 = VECTOR('',#2554,1.);
#2554 = DIRECTION('',(-0.,-1.));
#2555 = ( GEOMETRIC_REPRESENTATION_CONTEXT(2) 
PARAMETRIC_REPRESENTATION_CONTEXT() REPRESENTATION_CONTEXT('2D SPACE',''
  ) );
#2556 = PCURVE('',#2006,#2557);
#2557 = DEFINITIONAL_REPRESENTATION('',(#2558),#2562);
#2558 = LINE('',#2559,#2560);
#2559 = CARTESIAN_POINT('',(4.,0.));
#2560 = VECTOR('',#2561,1.);
#2561 = DIRECTION('',(0.,-1.));
#2562 = ( GEOMETRIC_REPRESENTATION_CONTEXT(2) 
PARAMETRIC_REPRESENTATION_CONTEXT() REPRESENTATION_CONTEXT('2D SPACE',''
  ) );
#2563 = ORIENTED_EDGE('',*,*,#2079,.F.);
#2564 = ADVANCED_FACE('',(#2565),#2039,.F.);
#2565 = FACE_BOUND('',#2566,.T.);
#2566 = EDGE_LOOP('',(#2567,#2590,#2616,#2617));
#2567 = ORIENTED_EDGE('',*,*,#2568,.T.);
#2568 = EDGE_CURVE('',#1989,#2569,#2571,.T.);
#2569 = VERTEX_POINT('',#2570);
#2570 = CARTESIAN_POINT('',(17.353553390101,61.138221847436,
    8.726272820323));
#2571 = SURFACE_CURVE('',#2572,(#2576,#2583),.PCURVE_S1.);
#2572 = LINE('',#2573,#2574);
#2573 = CARTESIAN_POINT('',(17.353553390101,61.116289698482,
    11.126172605907));
#2574 = VECTOR('',#2575,1.);
#2575 = DIRECTION('',(0.,9.138395397176E-03,-0.999958243993));
#2576 = PCURVE('',#2039,#2577);
#2577 = DEFINITIONAL_REPRESENTATION('',(#2578),#2582);
#2578 = LINE('',#2579,#2580);
#2579 = CARTESIAN_POINT('',(-1.570796326795,0.));
#2580 = VECTOR('',#2581,1.);
#2581 = DIRECTION('',(-0.,-1.));
#2582 = ( GEOMETRIC_REPRESENTATION_CONTEXT(2) 
PARAMETRIC_REPRESENTATION_CONTEXT() REPRESENTATION_CONTEXT('2D SPACE',''
  ) );
#2583 = PCURVE('',#2006,#2584);
#2584 = DEFINITIONAL_REPRESENTATION('',(#2585),#2589);
#2585 = LINE('',#2586,#2587);
#2586 = CARTESIAN_POINT('',(-5.024295867788E-15,0.));
#2587 = VECTOR('',#2588,1.);
#2588 = DIRECTION('',(0.,-1.));
#2589 = ( GEOMETRIC_REPRESENTATION_CONTEXT(2) 
PARAMETRIC_REPRESENTATION_CONTEXT() REPRESENTATION_CONTEXT('2D SPACE',''
  ) );
#2590 = ORIENTED_EDGE('',*,*,#2591,.T.);
#2591 = EDGE_CURVE('',#2569,#2467,#2592,.T.);
#2592 = SURFACE_CURVE('',#2593,(#2598,#2605),.PCURVE_S1.);
#2593 = CIRCLE('',#2594,1.5);
#2594 = AXIS2_PLACEMENT_3D('',#2595,#2596,#2597);
#2595 = CARTESIAN_POINT('',(18.41421356188,60.077605964589,
    8.716580088292));
#2596 = DIRECTION('',(8.673617379884E-19,9.138395397176E-03,
    -0.999958243993));
#2597 = DIRECTION('',(-0.707106781187,-0.707077255231,
    -6.461821354507E-03));
#2598 = PCURVE('',#2039,#2599);
#2599 = DEFINITIONAL_REPRESENTATION('',(#2600),#2604);
#2600 = LINE('',#2601,#2602);
#2601 = CARTESIAN_POINT('',(-0.,-2.4));
#2602 = VECTOR('',#2603,1.);
#2603 = DIRECTION('',(-1.,0.));
#2604 = ( GEOMETRIC_REPRESENTATION_CONTEXT(2) 
PARAMETRIC_REPRESENTATION_CONTEXT() REPRESENTATION_CONTEXT('2D SPACE',''
  ) );
#2605 = PCURVE('',#389,#2606);
#2606 = DEFINITIONAL_REPRESENTATION('',(#2607),#2615);
#2607 = ( BOUNDED_CURVE() B_SPLINE_CURVE(2,(#2608,#2609,#2610,#2611,
#2612,#2613,#2614),.UNSPECIFIED.,.T.,.F.) B_SPLINE_CURVE_WITH_KNOTS((1,2
    ,2,2,2,1),(-2.094395102393,0.,2.094395102393,4.188790204786,
6.28318530718,8.377580409573),.UNSPECIFIED.) CURVE() 
GEOMETRIC_REPRESENTATION_ITEM() RATIONAL_B_SPLINE_CURVE((1.,0.5,1.,0.5,
1.,0.5,1.)) REPRESENTATION_ITEM('') );
#2608 = CARTESIAN_POINT('',(17.353553394274,27.353553390593));
#2609 = CARTESIAN_POINT('',(15.516436087186,29.190670697681));
#2610 = CARTESIAN_POINT('',(18.0259849984,29.863102301807));
#2611 = CARTESIAN_POINT('',(20.535533909613,30.535533905933));
#2612 = CARTESIAN_POINT('',(19.863102305487,28.025984994719));
#2613 = CARTESIAN_POINT('',(19.190670701361,25.516436083506));
#2614 = CARTESIAN_POINT('',(17.353553394274,27.353553390593));
#2615 = ( GEOMETRIC_REPRESENTATION_CONTEXT(2) 
PARAMETRIC_REPRESENTATION_CONTEXT() REPRESENTATION_CONTEXT('2D SPACE',''
  ) );
#2616 = ORIENTED_EDGE('',*,*,#2489,.F.);
#2617 = ORIENTED_EDGE('',*,*,#2018,.F.);
#2618 = ADVANCED_FACE('',(#2619),#2006,.F.);
#2619 = FACE_BOUND('',#2620,.F.);
#2620 = EDGE_LOOP('',(#2621,#2622,#2643,#2644));
#2621 = ORIENTED_EDGE('',*,*,#2568,.T.);
#2622 = ORIENTED_EDGE('',*,*,#2623,.T.);
#2623 = EDGE_CURVE('',#2569,#2516,#2624,.T.);
#2624 = SURFACE_CURVE('',#2625,(#2629,#2636),.PCURVE_S1.);
#2625 = LINE('',#2626,#2627);
#2626 = CARTESIAN_POINT('',(17.353553390101,61.138221847436,
    8.726272820323));
#2627 = VECTOR('',#2628,1.);
#2628 = DIRECTION('',(-0.707106781187,-0.707077255231,
    -6.461821354507E-03));
#2629 = PCURVE('',#2006,#2630);
#2630 = DEFINITIONAL_REPRESENTATION('',(#2631),#2635);
#2631 = LINE('',#2632,#2633);
#2632 = CARTESIAN_POINT('',(-0.,-2.4));
#2633 = VECTOR('',#2634,1.);
#2634 = DIRECTION('',(1.,0.));
#2635 = ( GEOMETRIC_REPRESENTATION_CONTEXT(2) 
PARAMETRIC_REPRESENTATION_CONTEXT() REPRESENTATION_CONTEXT('2D SPACE',''
  ) );
#2636 = PCURVE('',#389,#2637);
#2637 = DEFINITIONAL_REPRESENTATION('',(#2638),#2642);
#2638 = LINE('',#2639,#2640);
#2639 = CARTESIAN_POINT('',(17.353553394274,29.474873734153));
#2640 = VECTOR('',#2641,1.);
#2641 = DIRECTION('',(-0.707106781187,-0.707106781187));
#2642 = ( GEOMETRIC_REPRESENTATION_CONTEXT(2) 
PARAMETRIC_REPRESENTATION_CONTEXT() REPRESENTATION_CONTEXT('2D SPACE',''
  ) );
#2643 = ORIENTED_EDGE('',*,*,#2543,.F.);
#2644 = ORIENTED_EDGE('',*,*,#1988,.F.);
#2645 = ADVANCED_FACE('',(#2646),#1943,.F.);
#2646 = FACE_BOUND('',#2647,.F.);
#2647 = EDGE_LOOP('',(#2648,#2671,#2694,#2715));
#2648 = ORIENTED_EDGE('',*,*,#2649,.T.);
#2649 = EDGE_CURVE('',#1928,#2650,#2652,.T.);
#2650 = VERTEX_POINT('',#2651);
#2651 = CARTESIAN_POINT('',(10.646446608914,68.188179988736,
    8.790700815608));
#2652 = SURFACE_CURVE('',#2653,(#2657,#2664),.PCURVE_S1.);
#2653 = LINE('',#2654,#2655);
#2654 = CARTESIAN_POINT('',(10.646446608914,68.166247839783,
    11.190600601191));
#2655 = VECTOR('',#2656,1.);
#2656 = DIRECTION('',(0.,9.138395397176E-03,-0.999958243993));
#2657 = PCURVE('',#1943,#2658);
#2658 = DEFINITIONAL_REPRESENTATION('',(#2659),#2663);
#2659 = LINE('',#2660,#2661);
#2660 = CARTESIAN_POINT('',(-1.507288760336E-14,0.));
#2661 = VECTOR('',#2662,1.);
#2662 = DIRECTION('',(0.,-1.));
#2663 = ( GEOMETRIC_REPRESENTATION_CONTEXT(2) 
PARAMETRIC_REPRESENTATION_CONTEXT() REPRESENTATION_CONTEXT('2D SPACE',''
  ) );
#2664 = PCURVE('',#1974,#2665);
#2665 = DEFINITIONAL_REPRESENTATION('',(#2666),#2670);
#2666 = LINE('',#2667,#2668);
#2667 = CARTESIAN_POINT('',(-1.570796326795,0.));
#2668 = VECTOR('',#2669,1.);
#2669 = DIRECTION('',(-0.,-1.));
#2670 = ( GEOMETRIC_REPRESENTATION_CONTEXT(2) 
PARAMETRIC_REPRESENTATION_CONTEXT() REPRESENTATION_CONTEXT('2D SPACE',''
  ) );
#2671 = ORIENTED_EDGE('',*,*,#2672,.T.);
#2672 = EDGE_CURVE('',#2650,#2673,#2675,.T.);
#2673 = VERTEX_POINT('',#2674);
#2674 = CARTESIAN_POINT('',(13.47487373366,71.016489009659,
    8.816548101026));
#2675 = SURFACE_CURVE('',#2676,(#2680,#2687),.PCURVE_S1.);
#2676 = LINE('',#2677,#2678);
#2677 = CARTESIAN_POINT('',(10.646446608914,68.188179988736,
    8.790700815608));
#2678 = VECTOR('',#2679,1.);
#2679 = DIRECTION('',(0.707106781187,0.707077255231,6.461821354507E-03)
  );
#2680 = PCURVE('',#1943,#2681);
#2681 = DEFINITIONAL_REPRESENTATION('',(#2682),#2686);
#2682 = LINE('',#2683,#2684);
#2683 = CARTESIAN_POINT('',(0.,-2.4));
#2684 = VECTOR('',#2685,1.);
#2685 = DIRECTION('',(1.,0.));
#2686 = ( GEOMETRIC_REPRESENTATION_CONTEXT(2) 
PARAMETRIC_REPRESENTATION_CONTEXT() REPRESENTATION_CONTEXT('2D SPACE',''
  ) );
#2687 = PCURVE('',#389,#2688);
#2688 = DEFINITIONAL_REPRESENTATION('',(#2689),#2693);
#2689 = LINE('',#2690,#2691);
#2690 = CARTESIAN_POINT('',(10.646446613087,36.525126265847));
#2691 = VECTOR('',#2692,1.);
#2692 = DIRECTION('',(0.707106781187,0.707106781187));
#2693 = ( GEOMETRIC_REPRESENTATION_CONTEXT(2) 
PARAMETRIC_REPRESENTATION_CONTEXT() REPRESENTATION_CONTEXT('2D SPACE',''
  ) );
#2694 = ORIENTED_EDGE('',*,*,#2695,.F.);
#2695 = EDGE_CURVE('',#1895,#2673,#2696,.T.);
#2696 = SURFACE_CURVE('',#2697,(#2701,#2708),.PCURVE_S1.);
#2697 = LINE('',#2698,#2699);
#2698 = CARTESIAN_POINT('',(13.47487373366,70.994556860706,
    11.216447886609));
#2699 = VECTOR('',#2700,1.);
#2700 = DIRECTION('',(0.,9.138395397176E-03,-0.999958243993));
#2701 = PCURVE('',#1943,#2702);
#2702 = DEFINITIONAL_REPRESENTATION('',(#2703),#2707);
#2703 = LINE('',#2704,#2705);
#2704 = CARTESIAN_POINT('',(4.,0.));
#2705 = VECTOR('',#2706,1.);
#2706 = DIRECTION('',(0.,-1.));
#2707 = ( GEOMETRIC_REPRESENTATION_CONTEXT(2) 
PARAMETRIC_REPRESENTATION_CONTEXT() REPRESENTATION_CONTEXT('2D SPACE',''
  ) );
#2708 = PCURVE('',#1915,#2709);
#2709 = DEFINITIONAL_REPRESENTATION('',(#2710),#2714);
#2710 = LINE('',#2711,#2712);
#2711 = CARTESIAN_POINT('',(-4.712388980385,0.));
#2712 = VECTOR('',#2713,1.);
#2713 = DIRECTION('',(-0.,-1.));
#2714 = ( GEOMETRIC_REPRESENTATION_CONTEXT(2) 
PARAMETRIC_REPRESENTATION_CONTEXT() REPRESENTATION_CONTEXT('2D SPACE',''
  ) );
#2715 = ORIENTED_EDGE('',*,*,#1927,.F.);
#2716 = ADVANCED_FACE('',(#2717),#1974,.F.);
#2717 = FACE_BOUND('',#2718,.T.);
#2718 = EDGE_LOOP('',(#2719,#2720,#2748,#2769));
#2719 = ORIENTED_EDGE('',*,*,#2649,.T.);
#2720 = ORIENTED_EDGE('',*,*,#2721,.T.);
#2721 = EDGE_CURVE('',#2650,#2722,#2724,.T.);
#2722 = VERTEX_POINT('',#2723);
#2723 = CARTESIAN_POINT('',(8.525126265354,70.309411754428,
    8.810086279671));
#2724 = SURFACE_CURVE('',#2725,(#2730,#2737),.PCURVE_S1.);
#2725 = CIRCLE('',#2726,1.5);
#2726 = AXIS2_PLACEMENT_3D('',#2727,#2728,#2729);
#2727 = CARTESIAN_POINT('',(9.585786437134,69.248795871582,8.80039354764
    ));
#2728 = DIRECTION('',(8.673617379884E-19,9.138395397176E-03,
    -0.999958243993));
#2729 = DIRECTION('',(0.707106781187,0.707077255231,6.461821354507E-03)
  );
#2730 = PCURVE('',#1974,#2731);
#2731 = DEFINITIONAL_REPRESENTATION('',(#2732),#2736);
#2732 = LINE('',#2733,#2734);
#2733 = CARTESIAN_POINT('',(-0.,-2.4));
#2734 = VECTOR('',#2735,1.);
#2735 = DIRECTION('',(-1.,0.));
#2736 = ( GEOMETRIC_REPRESENTATION_CONTEXT(2) 
PARAMETRIC_REPRESENTATION_CONTEXT() REPRESENTATION_CONTEXT('2D SPACE',''
  ) );
#2737 = PCURVE('',#389,#2738);
#2738 = DEFINITIONAL_REPRESENTATION('',(#2739),#2747);
#2739 = ( BOUNDED_CURVE() B_SPLINE_CURVE(2,(#2740,#2741,#2742,#2743,
#2744,#2745,#2746),.UNSPECIFIED.,.T.,.F.) B_SPLINE_CURVE_WITH_KNOTS((1,2
    ,2,2,2,1),(-2.094395102393,0.,2.094395102393,4.188790204786,
6.28318530718,8.377580409573),.UNSPECIFIED.) CURVE() 
GEOMETRIC_REPRESENTATION_ITEM() RATIONAL_B_SPLINE_CURVE((1.,0.5,1.,0.5,
1.,0.5,1.)) REPRESENTATION_ITEM('') );
#2740 = CARTESIAN_POINT('',(10.646446613087,38.646446609407));
#2741 = CARTESIAN_POINT('',(12.483563920174,36.809329302319));
#2742 = CARTESIAN_POINT('',(9.974015008961,36.136897698193));
#2743 = CARTESIAN_POINT('',(7.464466097748,35.464466094067));
#2744 = CARTESIAN_POINT('',(8.136897701874,37.974015005281));
#2745 = CARTESIAN_POINT('',(8.809329306,40.483563916494));
#2746 = CARTESIAN_POINT('',(10.646446613087,38.646446609407));
#2747 = ( GEOMETRIC_REPRESENTATION_CONTEXT(2) 
PARAMETRIC_REPRESENTATION_CONTEXT() REPRESENTATION_CONTEXT('2D SPACE',''
  ) );
#2748 = ORIENTED_EDGE('',*,*,#2749,.F.);
#2749 = EDGE_CURVE('',#1867,#2722,#2750,.T.);
#2750 = SURFACE_CURVE('',#2751,(#2755,#2762),.PCURVE_S1.);
#2751 = LINE('',#2752,#2753);
#2752 = CARTESIAN_POINT('',(8.525126265354,70.287479605475,
    11.209986065255));
#2753 = VECTOR('',#2754,1.);
#2754 = DIRECTION('',(0.,9.138395397176E-03,-0.999958243993));
#2755 = PCURVE('',#1974,#2756);
#2756 = DEFINITIONAL_REPRESENTATION('',(#2757),#2761);
#2757 = LINE('',#2758,#2759);
#2758 = CARTESIAN_POINT('',(-4.712388980385,0.));
#2759 = VECTOR('',#2760,1.);
#2760 = DIRECTION('',(-0.,-1.));
#2761 = ( GEOMETRIC_REPRESENTATION_CONTEXT(2) 
PARAMETRIC_REPRESENTATION_CONTEXT() REPRESENTATION_CONTEXT('2D SPACE',''
  ) );
#2762 = PCURVE('',#1882,#2763);
#2763 = DEFINITIONAL_REPRESENTATION('',(#2764),#2768);
#2764 = LINE('',#2765,#2766);
#2765 = CARTESIAN_POINT('',(4.,0.));
#2766 = VECTOR('',#2767,1.);
#2767 = DIRECTION('',(0.,-1.));
#2768 = ( GEOMETRIC_REPRESENTATION_CONTEXT(2) 
PARAMETRIC_REPRESENTATION_CONTEXT() REPRESENTATION_CONTEXT('2D SPACE',''
  ) );
#2769 = ORIENTED_EDGE('',*,*,#1955,.F.);
#2770 = ADVANCED_FACE('',(#2771),#1915,.F.);
#2771 = FACE_BOUND('',#2772,.T.);
#2772 = EDGE_LOOP('',(#2773,#2796,#2822,#2823));
#2773 = ORIENTED_EDGE('',*,*,#2774,.T.);
#2774 = EDGE_CURVE('',#1865,#2775,#2777,.T.);
#2775 = VERTEX_POINT('',#2776);
#2776 = CARTESIAN_POINT('',(11.353553390101,73.137720775352,
    8.835933565089));
#2777 = SURFACE_CURVE('',#2778,(#2782,#2789),.PCURVE_S1.);
#2778 = LINE('',#2779,#2780);
#2779 = CARTESIAN_POINT('',(11.353553390101,73.115788626398,
    11.235833350673));
#2780 = VECTOR('',#2781,1.);
#2781 = DIRECTION('',(0.,9.138395397176E-03,-0.999958243993));
#2782 = PCURVE('',#1915,#2783);
#2783 = DEFINITIONAL_REPRESENTATION('',(#2784),#2788);
#2784 = LINE('',#2785,#2786);
#2785 = CARTESIAN_POINT('',(-1.570796326795,0.));
#2786 = VECTOR('',#2787,1.);
#2787 = DIRECTION('',(-0.,-1.));
#2788 = ( GEOMETRIC_REPRESENTATION_CONTEXT(2) 
PARAMETRIC_REPRESENTATION_CONTEXT() REPRESENTATION_CONTEXT('2D SPACE',''
  ) );
#2789 = PCURVE('',#1882,#2790);
#2790 = DEFINITIONAL_REPRESENTATION('',(#2791),#2795);
#2791 = LINE('',#2792,#2793);
#2792 = CARTESIAN_POINT('',(-1.507288760336E-14,0.));
#2793 = VECTOR('',#2794,1.);
#2794 = DIRECTION('',(0.,-1.));
#2795 = ( GEOMETRIC_REPRESENTATION_CONTEXT(2) 
PARAMETRIC_REPRESENTATION_CONTEXT() REPRESENTATION_CONTEXT('2D SPACE',''
  ) );
#2796 = ORIENTED_EDGE('',*,*,#2797,.T.);
#2797 = EDGE_CURVE('',#2775,#2673,#2798,.T.);
#2798 = SURFACE_CURVE('',#2799,(#2804,#2811),.PCURVE_S1.);
#2799 = CIRCLE('',#2800,1.5);
#2800 = AXIS2_PLACEMENT_3D('',#2801,#2802,#2803);
#2801 = CARTESIAN_POINT('',(12.41421356188,72.077104892505,
    8.826240833058));
#2802 = DIRECTION('',(8.673617379884E-19,9.138395397176E-03,
    -0.999958243993));
#2803 = DIRECTION('',(-0.707106781187,-0.707077255231,
    -6.461821354507E-03));
#2804 = PCURVE('',#1915,#2805);
#2805 = DEFINITIONAL_REPRESENTATION('',(#2806),#2810);
#2806 = LINE('',#2807,#2808);
#2807 = CARTESIAN_POINT('',(-0.,-2.4));
#2808 = VECTOR('',#2809,1.);
#2809 = DIRECTION('',(-1.,0.));
#2810 = ( GEOMETRIC_REPRESENTATION_CONTEXT(2) 
PARAMETRIC_REPRESENTATION_CONTEXT() REPRESENTATION_CONTEXT('2D SPACE',''
  ) );
#2811 = PCURVE('',#389,#2812);
#2812 = DEFINITIONAL_REPRESENTATION('',(#2813),#2821);
#2813 = ( BOUNDED_CURVE() B_SPLINE_CURVE(2,(#2814,#2815,#2816,#2817,
#2818,#2819,#2820),.UNSPECIFIED.,.T.,.F.) B_SPLINE_CURVE_WITH_KNOTS((1,2
    ,2,2,2,1),(-2.094395102393,0.,2.094395102393,4.188790204786,
6.28318530718,8.377580409573),.UNSPECIFIED.) CURVE() 
GEOMETRIC_REPRESENTATION_ITEM() RATIONAL_B_SPLINE_CURVE((1.,0.5,1.,0.5,
1.,0.5,1.)) REPRESENTATION_ITEM('') );
#2814 = CARTESIAN_POINT('',(11.353553394274,39.353553390593));
#2815 = CARTESIAN_POINT('',(9.516436087186,41.190670697681));
#2816 = CARTESIAN_POINT('',(12.0259849984,41.863102301807));
#2817 = CARTESIAN_POINT('',(14.535533909613,42.535533905933));
#2818 = CARTESIAN_POINT('',(13.863102305487,40.025984994719));
#2819 = CARTESIAN_POINT('',(13.190670701361,37.516436083506));
#2820 = CARTESIAN_POINT('',(11.353553394274,39.353553390593));
#2821 = ( GEOMETRIC_REPRESENTATION_CONTEXT(2) 
PARAMETRIC_REPRESENTATION_CONTEXT() REPRESENTATION_CONTEXT('2D SPACE',''
  ) );
#2822 = ORIENTED_EDGE('',*,*,#2695,.F.);
#2823 = ORIENTED_EDGE('',*,*,#1894,.F.);
#2824 = ADVANCED_FACE('',(#2825),#1882,.F.);
#2825 = FACE_BOUND('',#2826,.F.);
#2826 = EDGE_LOOP('',(#2827,#2828,#2849,#2850));
#2827 = ORIENTED_EDGE('',*,*,#2774,.T.);
#2828 = ORIENTED_EDGE('',*,*,#2829,.T.);
#2829 = EDGE_CURVE('',#2775,#2722,#2830,.T.);
#2830 = SURFACE_CURVE('',#2831,(#2835,#2842),.PCURVE_S1.);
#2831 = LINE('',#2832,#2833);
#2832 = CARTESIAN_POINT('',(11.353553390101,73.137720775352,
    8.835933565089));
#2833 = VECTOR('',#2834,1.);
#2834 = DIRECTION('',(-0.707106781187,-0.707077255231,
    -6.461821354507E-03));
#2835 = PCURVE('',#1882,#2836);
#2836 = DEFINITIONAL_REPRESENTATION('',(#2837),#2841);
#2837 = LINE('',#2838,#2839);
#2838 = CARTESIAN_POINT('',(-0.,-2.4));
#2839 = VECTOR('',#2840,1.);
#2840 = DIRECTION('',(1.,0.));
#2841 = ( GEOMETRIC_REPRESENTATION_CONTEXT(2) 
PARAMETRIC_REPRESENTATION_CONTEXT() REPRESENTATION_CONTEXT('2D SPACE',''
  ) );
#2842 = PCURVE('',#389,#2843);
#2843 = DEFINITIONAL_REPRESENTATION('',(#2844),#2848);
#2844 = LINE('',#2845,#2846);
#2845 = CARTESIAN_POINT('',(11.353553394274,41.474873734153));
#2846 = VECTOR('',#2847,1.);
#2847 = DIRECTION('',(-0.707106781187,-0.707106781187));
#2848 = ( GEOMETRIC_REPRESENTATION_CONTEXT(2) 
PARAMETRIC_REPRESENTATION_CONTEXT() REPRESENTATION_CONTEXT('2D SPACE',''
  ) );
#2849 = ORIENTED_EDGE('',*,*,#2749,.F.);
#2850 = ORIENTED_EDGE('',*,*,#1864,.F.);
#2851 = ADVANCED_FACE('',(#2852),#1819,.F.);
#2852 = FACE_BOUND('',#2853,.F.);
#2853 = EDGE_LOOP('',(#2854,#2877,#2900,#2921));
#2854 = ORIENTED_EDGE('',*,*,#2855,.T.);
#2855 = EDGE_CURVE('',#1804,#2856,#2858,.T.);
#2856 = VERTEX_POINT('',#2857);
#2857 = CARTESIAN_POINT('',(2.646446608914,56.18868106082,8.681040070842
    ));
#2858 = SURFACE_CURVE('',#2859,(#2863,#2870),.PCURVE_S1.);
#2859 = LINE('',#2860,#2861);
#2860 = CARTESIAN_POINT('',(2.646446608914,56.166748911867,
    11.080939856425));
#2861 = VECTOR('',#2862,1.);
#2862 = DIRECTION('',(0.,9.138395397176E-03,-0.999958243993));
#2863 = PCURVE('',#1819,#2864);
#2864 = DEFINITIONAL_REPRESENTATION('',(#2865),#2869);
#2865 = LINE('',#2866,#2867);
#2866 = CARTESIAN_POINT('',(-5.024295867788E-15,0.));
#2867 = VECTOR('',#2868,1.);
#2868 = DIRECTION('',(0.,-1.));
#2869 = ( GEOMETRIC_REPRESENTATION_CONTEXT(2) 
PARAMETRIC_REPRESENTATION_CONTEXT() REPRESENTATION_CONTEXT('2D SPACE',''
  ) );
#2870 = PCURVE('',#1850,#2871);
#2871 = DEFINITIONAL_REPRESENTATION('',(#2872),#2876);
#2872 = LINE('',#2873,#2874);
#2873 = CARTESIAN_POINT('',(-1.570796326795,0.));
#2874 = VECTOR('',#2875,1.);
#2875 = DIRECTION('',(-0.,-1.));
#2876 = ( GEOMETRIC_REPRESENTATION_CONTEXT(2) 
PARAMETRIC_REPRESENTATION_CONTEXT() REPRESENTATION_CONTEXT('2D SPACE',''
  ) );
#2877 = ORIENTED_EDGE('',*,*,#2878,.T.);
#2878 = EDGE_CURVE('',#2856,#2879,#2881,.T.);
#2879 = VERTEX_POINT('',#2880);
#2880 = CARTESIAN_POINT('',(5.47487373366,59.016990081743,8.70688735626)
  );
#2881 = SURFACE_CURVE('',#2882,(#2886,#2893),.PCURVE_S1.);
#2882 = LINE('',#2883,#2884);
#2883 = CARTESIAN_POINT('',(2.646446608914,56.18868106082,8.681040070842
    ));
#2884 = VECTOR('',#2885,1.);
#2885 = DIRECTION('',(0.707106781187,0.707077255231,6.461821354507E-03)
  );
#2886 = PCURVE('',#1819,#2887);
#2887 = DEFINITIONAL_REPRESENTATION('',(#2888),#2892);
#2888 = LINE('',#2889,#2890);
#2889 = CARTESIAN_POINT('',(0.,-2.4));
#2890 = VECTOR('',#2891,1.);
#2891 = DIRECTION('',(1.,0.));
#2892 = ( GEOMETRIC_REPRESENTATION_CONTEXT(2) 
PARAMETRIC_REPRESENTATION_CONTEXT() REPRESENTATION_CONTEXT('2D SPACE',''
  ) );
#2893 = PCURVE('',#389,#2894);
#2894 = DEFINITIONAL_REPRESENTATION('',(#2895),#2899);
#2895 = LINE('',#2896,#2897);
#2896 = CARTESIAN_POINT('',(2.646446613087,24.525126265847));
#2897 = VECTOR('',#2898,1.);
#2898 = DIRECTION('',(0.707106781187,0.707106781187));
#2899 = ( GEOMETRIC_REPRESENTATION_CONTEXT(2) 
PARAMETRIC_REPRESENTATION_CONTEXT() REPRESENTATION_CONTEXT('2D SPACE',''
  ) );
#2900 = ORIENTED_EDGE('',*,*,#2901,.F.);
#2901 = EDGE_CURVE('',#1771,#2879,#2902,.T.);
#2902 = SURFACE_CURVE('',#2903,(#2907,#2914),.PCURVE_S1.);
#2903 = LINE('',#2904,#2905);
#2904 = CARTESIAN_POINT('',(5.47487373366,58.99505793279,11.106787141843
    ));
#2905 = VECTOR('',#2906,1.);
#2906 = DIRECTION('',(0.,9.138395397176E-03,-0.999958243993));
#2907 = PCURVE('',#1819,#2908);
#2908 = DEFINITIONAL_REPRESENTATION('',(#2909),#2913);
#2909 = LINE('',#2910,#2911);
#2910 = CARTESIAN_POINT('',(4.,0.));
#2911 = VECTOR('',#2912,1.);
#2912 = DIRECTION('',(0.,-1.));
#2913 = ( GEOMETRIC_REPRESENTATION_CONTEXT(2) 
PARAMETRIC_REPRESENTATION_CONTEXT() REPRESENTATION_CONTEXT('2D SPACE',''
  ) );
#2914 = PCURVE('',#1791,#2915);
#2915 = DEFINITIONAL_REPRESENTATION('',(#2916),#2920);
#2916 = LINE('',#2917,#2918);
#2917 = CARTESIAN_POINT('',(-4.712388980385,0.));
#2918 = VECTOR('',#2919,1.);
#2919 = DIRECTION('',(-0.,-1.));
#2920 = ( GEOMETRIC_REPRESENTATION_CONTEXT(2) 
PARAMETRIC_REPRESENTATION_CONTEXT() REPRESENTATION_CONTEXT('2D SPACE',''
  ) );
#2921 = ORIENTED_EDGE('',*,*,#1803,.F.);
#2922 = ADVANCED_FACE('',(#2923),#1850,.F.);
#2923 = FACE_BOUND('',#2924,.T.);
#2924 = EDGE_LOOP('',(#2925,#2926,#2954,#2975));
#2925 = ORIENTED_EDGE('',*,*,#2855,.T.);
#2926 = ORIENTED_EDGE('',*,*,#2927,.T.);
#2927 = EDGE_CURVE('',#2856,#2928,#2930,.T.);
#2928 = VERTEX_POINT('',#2929);
#2929 = CARTESIAN_POINT('',(0.525126265354,58.309912826512,
    8.700425534905));
#2930 = SURFACE_CURVE('',#2931,(#2936,#2943),.PCURVE_S1.);
#2931 = CIRCLE('',#2932,1.5);
#2932 = AXIS2_PLACEMENT_3D('',#2933,#2934,#2935);
#2933 = CARTESIAN_POINT('',(1.585786437134,57.249296943666,
    8.690732802874));
#2934 = DIRECTION('',(8.673617379884E-19,9.138395397176E-03,
    -0.999958243993));
#2935 = DIRECTION('',(0.707106781187,0.707077255231,6.461821354507E-03)
  );
#2936 = PCURVE('',#1850,#2937);
#2937 = DEFINITIONAL_REPRESENTATION('',(#2938),#2942);
#2938 = LINE('',#2939,#2940);
#2939 = CARTESIAN_POINT('',(-0.,-2.4));
#2940 = VECTOR('',#2941,1.);
#2941 = DIRECTION('',(-1.,0.));
#2942 = ( GEOMETRIC_REPRESENTATION_CONTEXT(2) 
PARAMETRIC_REPRESENTATION_CONTEXT() REPRESENTATION_CONTEXT('2D SPACE',''
  ) );
#2943 = PCURVE('',#389,#2944);
#2944 = DEFINITIONAL_REPRESENTATION('',(#2945),#2953);
#2945 = ( BOUNDED_CURVE() B_SPLINE_CURVE(2,(#2946,#2947,#2948,#2949,
#2950,#2951,#2952),.UNSPECIFIED.,.T.,.F.) B_SPLINE_CURVE_WITH_KNOTS((1,2
    ,2,2,2,1),(-2.094395102393,0.,2.094395102393,4.188790204786,
6.28318530718,8.377580409573),.UNSPECIFIED.) CURVE() 
GEOMETRIC_REPRESENTATION_ITEM() RATIONAL_B_SPLINE_CURVE((1.,0.5,1.,0.5,
1.,0.5,1.)) REPRESENTATION_ITEM('') );
#2946 = CARTESIAN_POINT('',(2.646446613087,26.646446609407));
#2947 = CARTESIAN_POINT('',(4.483563920174,24.809329302319));
#2948 = CARTESIAN_POINT('',(1.974015008961,24.136897698193));
#2949 = CARTESIAN_POINT('',(-0.535533902252,23.464466094067));
#2950 = CARTESIAN_POINT('',(0.136897701874,25.974015005281));
#2951 = CARTESIAN_POINT('',(0.809329306,28.483563916494));
#2952 = CARTESIAN_POINT('',(2.646446613087,26.646446609407));
#2953 = ( GEOMETRIC_REPRESENTATION_CONTEXT(2) 
PARAMETRIC_REPRESENTATION_CONTEXT() REPRESENTATION_CONTEXT('2D SPACE',''
  ) );
#2954 = ORIENTED_EDGE('',*,*,#2955,.F.);
#2955 = EDGE_CURVE('',#1743,#2928,#2956,.T.);
#2956 = SURFACE_CURVE('',#2957,(#2961,#2968),.PCURVE_S1.);
#2957 = LINE('',#2958,#2959);
#2958 = CARTESIAN_POINT('',(0.525126265354,58.287980677559,
    11.100325320489));
#2959 = VECTOR('',#2960,1.);
#2960 = DIRECTION('',(0.,9.138395397176E-03,-0.999958243993));
#2961 = PCURVE('',#1850,#2962);
#2962 = DEFINITIONAL_REPRESENTATION('',(#2963),#2967);
#2963 = LINE('',#2964,#2965);
#2964 = CARTESIAN_POINT('',(-4.712388980385,0.));
#2965 = VECTOR('',#2966,1.);
#2966 = DIRECTION('',(-0.,-1.));
#2967 = ( GEOMETRIC_REPRESENTATION_CONTEXT(2) 
PARAMETRIC_REPRESENTATION_CONTEXT() REPRESENTATION_CONTEXT('2D SPACE',''
  ) );
#2968 = PCURVE('',#1758,#2969);
#2969 = DEFINITIONAL_REPRESENTATION('',(#2970),#2974);
#2970 = LINE('',#2971,#2972);
#2971 = CARTESIAN_POINT('',(4.,0.));
#2972 = VECTOR('',#2973,1.);
#2973 = DIRECTION('',(0.,-1.));
#2974 = ( GEOMETRIC_REPRESENTATION_CONTEXT(2) 
PARAMETRIC_REPRESENTATION_CONTEXT() REPRESENTATION_CONTEXT('2D SPACE',''
  ) );
#2975 = ORIENTED_EDGE('',*,*,#1831,.F.);
#2976 = ADVANCED_FACE('',(#2977),#1791,.F.);
#2977 = FACE_BOUND('',#2978,.T.);
#2978 = EDGE_LOOP('',(#2979,#3002,#3028,#3029));
#2979 = ORIENTED_EDGE('',*,*,#2980,.T.);
#2980 = EDGE_CURVE('',#1741,#2981,#2983,.T.);
#2981 = VERTEX_POINT('',#2982);
#2982 = CARTESIAN_POINT('',(3.353553390101,61.138221847436,
    8.726272820323));
#2983 = SURFACE_CURVE('',#2984,(#2988,#2995),.PCURVE_S1.);
#2984 = LINE('',#2985,#2986);
#2985 = CARTESIAN_POINT('',(3.353553390101,61.116289698482,
    11.126172605907));
#2986 = VECTOR('',#2987,1.);
#2987 = DIRECTION('',(0.,9.138395397176E-03,-0.999958243993));
#2988 = PCURVE('',#1791,#2989);
#2989 = DEFINITIONAL_REPRESENTATION('',(#2990),#2994);
#2990 = LINE('',#2991,#2992);
#2991 = CARTESIAN_POINT('',(-1.570796326795,0.));
#2992 = VECTOR('',#2993,1.);
#2993 = DIRECTION('',(-0.,-1.));
#2994 = ( GEOMETRIC_REPRESENTATION_CONTEXT(2) 
PARAMETRIC_REPRESENTATION_CONTEXT() REPRESENTATION_CONTEXT('2D SPACE',''
  ) );
#2995 = PCURVE('',#1758,#2996);
#2996 = DEFINITIONAL_REPRESENTATION('',(#2997),#3001);
#2997 = LINE('',#2998,#2999);
#2998 = CARTESIAN_POINT('',(-5.024295867788E-15,0.));
#2999 = VECTOR('',#3000,1.);
#3000 = DIRECTION('',(0.,-1.));
#3001 = ( GEOMETRIC_REPRESENTATION_CONTEXT(2) 
PARAMETRIC_REPRESENTATION_CONTEXT() REPRESENTATION_CONTEXT('2D SPACE',''
  ) );
#3002 = ORIENTED_EDGE('',*,*,#3003,.T.);
#3003 = EDGE_CURVE('',#2981,#2879,#3004,.T.);
#3004 = SURFACE_CURVE('',#3005,(#3010,#3017),.PCURVE_S1.);
#3005 = CIRCLE('',#3006,1.5);
#3006 = AXIS2_PLACEMENT_3D('',#3007,#3008,#3009);
#3007 = CARTESIAN_POINT('',(4.41421356188,60.077605964589,8.716580088292
    ));
#3008 = DIRECTION('',(8.673617379884E-19,9.138395397176E-03,
    -0.999958243993));
#3009 = DIRECTION('',(-0.707106781187,-0.707077255231,
    -6.461821354507E-03));
#3010 = PCURVE('',#1791,#3011);
#3011 = DEFINITIONAL_REPRESENTATION('',(#3012),#3016);
#3012 = LINE('',#3013,#3014);
#3013 = CARTESIAN_POINT('',(-0.,-2.4));
#3014 = VECTOR('',#3015,1.);
#3015 = DIRECTION('',(-1.,0.));
#3016 = ( GEOMETRIC_REPRESENTATION_CONTEXT(2) 
PARAMETRIC_REPRESENTATION_CONTEXT() REPRESENTATION_CONTEXT('2D SPACE',''
  ) );
#3017 = PCURVE('',#389,#3018);
#3018 = DEFINITIONAL_REPRESENTATION('',(#3019),#3027);
#3019 = ( BOUNDED_CURVE() B_SPLINE_CURVE(2,(#3020,#3021,#3022,#3023,
#3024,#3025,#3026),.UNSPECIFIED.,.T.,.F.) B_SPLINE_CURVE_WITH_KNOTS((1,2
    ,2,2,2,1),(-2.094395102393,0.,2.094395102393,4.188790204786,
6.28318530718,8.377580409573),.UNSPECIFIED.) CURVE() 
GEOMETRIC_REPRESENTATION_ITEM() RATIONAL_B_SPLINE_CURVE((1.,0.5,1.,0.5,
1.,0.5,1.)) REPRESENTATION_ITEM('') );
#3020 = CARTESIAN_POINT('',(3.353553394274,27.353553390593));
#3021 = CARTESIAN_POINT('',(1.516436087186,29.190670697681));
#3022 = CARTESIAN_POINT('',(4.0259849984,29.863102301807));
#3023 = CARTESIAN_POINT('',(6.535533909613,30.535533905933));
#3024 = CARTESIAN_POINT('',(5.863102305487,28.025984994719));
#3025 = CARTESIAN_POINT('',(5.190670701361,25.516436083506));
#3026 = CARTESIAN_POINT('',(3.353553394274,27.353553390593));
#3027 = ( GEOMETRIC_REPRESENTATION_CONTEXT(2) 
PARAMETRIC_REPRESENTATION_CONTEXT() REPRESENTATION_CONTEXT('2D SPACE',''
  ) );
#3028 = ORIENTED_EDGE('',*,*,#2901,.F.);
#3029 = ORIENTED_EDGE('',*,*,#1770,.F.);
#3030 = ADVANCED_FACE('',(#3031),#1758,.F.);
#3031 = FACE_BOUND('',#3032,.F.);
#3032 = EDGE_LOOP('',(#3033,#3034,#3055,#3056));
#3033 = ORIENTED_EDGE('',*,*,#2980,.T.);
#3034 = ORIENTED_EDGE('',*,*,#3035,.T.);
#3035 = EDGE_CURVE('',#2981,#2928,#3036,.T.);
#3036 = SURFACE_CURVE('',#3037,(#3041,#3048),.PCURVE_S1.);
#3037 = LINE('',#3038,#3039);
#3038 = CARTESIAN_POINT('',(3.353553390101,61.138221847436,
    8.726272820323));
#3039 = VECTOR('',#3040,1.);
#3040 = DIRECTION('',(-0.707106781187,-0.707077255231,
    -6.461821354507E-03));
#3041 = PCURVE('',#1758,#3042);
#3042 = DEFINITIONAL_REPRESENTATION('',(#3043),#3047);
#3043 = LINE('',#3044,#3045);
#3044 = CARTESIAN_POINT('',(-0.,-2.4));
#3045 = VECTOR('',#3046,1.);
#3046 = DIRECTION('',(1.,0.));
#3047 = ( GEOMETRIC_REPRESENTATION_CONTEXT(2) 
PARAMETRIC_REPRESENTATION_CONTEXT() REPRESENTATION_CONTEXT('2D SPACE',''
  ) );
#3048 = PCURVE('',#389,#3049);
#3049 = DEFINITIONAL_REPRESENTATION('',(#3050),#3054);
#3050 = LINE('',#3051,#3052);
#3051 = CARTESIAN_POINT('',(3.353553394274,29.474873734153));
#3052 = VECTOR('',#3053,1.);
#3053 = DIRECTION('',(-0.707106781187,-0.707106781187));
#3054 = ( GEOMETRIC_REPRESENTATION_CONTEXT(2) 
PARAMETRIC_REPRESENTATION_CONTEXT() REPRESENTATION_CONTEXT('2D SPACE',''
  ) );
#3055 = ORIENTED_EDGE('',*,*,#2955,.F.);
#3056 = ORIENTED_EDGE('',*,*,#1740,.F.);
#3057 = ADVANCED_FACE('',(#3058),#1695,.F.);
#3058 = FACE_BOUND('',#3059,.F.);
#3059 = EDGE_LOOP('',(#3060,#3083,#3106,#3127));
#3060 = ORIENTED_EDGE('',*,*,#3061,.T.);
#3061 = EDGE_CURVE('',#1680,#3062,#3064,.T.);
#3062 = VERTEX_POINT('',#3063);
#3063 = CARTESIAN_POINT('',(-3.353553391086,68.188179988736,
    8.790700815608));
#3064 = SURFACE_CURVE('',#3065,(#3069,#3076),.PCURVE_S1.);
#3065 = LINE('',#3066,#3067);
#3066 = CARTESIAN_POINT('',(-3.353553391086,68.166247839783,
    11.190600601191));
#3067 = VECTOR('',#3068,1.);
#3068 = DIRECTION('',(0.,9.138395397176E-03,-0.999958243993));
#3069 = PCURVE('',#1695,#3070);
#3070 = DEFINITIONAL_REPRESENTATION('',(#3071),#3075);
#3071 = LINE('',#3072,#3073);
#3072 = CARTESIAN_POINT('',(-1.507288760336E-14,0.));
#3073 = VECTOR('',#3074,1.);
#3074 = DIRECTION('',(0.,-1.));
#3075 = ( GEOMETRIC_REPRESENTATION_CONTEXT(2) 
PARAMETRIC_REPRESENTATION_CONTEXT() REPRESENTATION_CONTEXT('2D SPACE',''
  ) );
#3076 = PCURVE('',#1726,#3077);
#3077 = DEFINITIONAL_REPRESENTATION('',(#3078),#3082);
#3078 = LINE('',#3079,#3080);
#3079 = CARTESIAN_POINT('',(-1.570796326795,0.));
#3080 = VECTOR('',#3081,1.);
#3081 = DIRECTION('',(-0.,-1.));
#3082 = ( GEOMETRIC_REPRESENTATION_CONTEXT(2) 
PARAMETRIC_REPRESENTATION_CONTEXT() REPRESENTATION_CONTEXT('2D SPACE',''
  ) );
#3083 = ORIENTED_EDGE('',*,*,#3084,.T.);
#3084 = EDGE_CURVE('',#3062,#3085,#3087,.T.);
#3085 = VERTEX_POINT('',#3086);
#3086 = CARTESIAN_POINT('',(-0.52512626634,71.016489009659,
    8.816548101026));
#3087 = SURFACE_CURVE('',#3088,(#3092,#3099),.PCURVE_S1.);
#3088 = LINE('',#3089,#3090);
#3089 = CARTESIAN_POINT('',(-3.353553391086,68.188179988736,
    8.790700815608));
#3090 = VECTOR('',#3091,1.);
#3091 = DIRECTION('',(0.707106781187,0.707077255231,6.461821354507E-03)
  );
#3092 = PCURVE('',#1695,#3093);
#3093 = DEFINITIONAL_REPRESENTATION('',(#3094),#3098);
#3094 = LINE('',#3095,#3096);
#3095 = CARTESIAN_POINT('',(0.,-2.4));
#3096 = VECTOR('',#3097,1.);
#3097 = DIRECTION('',(1.,0.));
#3098 = ( GEOMETRIC_REPRESENTATION_CONTEXT(2) 
PARAMETRIC_REPRESENTATION_CONTEXT() REPRESENTATION_CONTEXT('2D SPACE',''
  ) );
#3099 = PCURVE('',#389,#3100);
#3100 = DEFINITIONAL_REPRESENTATION('',(#3101),#3105);
#3101 = LINE('',#3102,#3103);
#3102 = CARTESIAN_POINT('',(-3.353553386913,36.525126265847));
#3103 = VECTOR('',#3104,1.);
#3104 = DIRECTION('',(0.707106781187,0.707106781187));
#3105 = ( GEOMETRIC_REPRESENTATION_CONTEXT(2) 
PARAMETRIC_REPRESENTATION_CONTEXT() REPRESENTATION_CONTEXT('2D SPACE',''
  ) );
#3106 = ORIENTED_EDGE('',*,*,#3107,.F.);
#3107 = EDGE_CURVE('',#1647,#3085,#3108,.T.);
#3108 = SURFACE_CURVE('',#3109,(#3113,#3120),.PCURVE_S1.);
#3109 = LINE('',#3110,#3111);
#3110 = CARTESIAN_POINT('',(-0.52512626634,70.994556860706,
    11.216447886609));
#3111 = VECTOR('',#3112,1.);
#3112 = DIRECTION('',(0.,9.138395397176E-03,-0.999958243993));
#3113 = PCURVE('',#1695,#3114);
#3114 = DEFINITIONAL_REPRESENTATION('',(#3115),#3119);
#3115 = LINE('',#3116,#3117);
#3116 = CARTESIAN_POINT('',(4.,0.));
#3117 = VECTOR('',#3118,1.);
#3118 = DIRECTION('',(0.,-1.));
#3119 = ( GEOMETRIC_REPRESENTATION_CONTEXT(2) 
PARAMETRIC_REPRESENTATION_CONTEXT() REPRESENTATION_CONTEXT('2D SPACE',''
  ) );
#3120 = PCURVE('',#1667,#3121);
#3121 = DEFINITIONAL_REPRESENTATION('',(#3122),#3126);
#3122 = LINE('',#3123,#3124);
#3123 = CARTESIAN_POINT('',(-4.712388980385,0.));
#3124 = VECTOR('',#3125,1.);
#3125 = DIRECTION('',(-0.,-1.));
#3126 = ( GEOMETRIC_REPRESENTATION_CONTEXT(2) 
PARAMETRIC_REPRESENTATION_CONTEXT() REPRESENTATION_CONTEXT('2D SPACE',''
  ) );
#3127 = ORIENTED_EDGE('',*,*,#1679,.F.);
#3128 = ADVANCED_FACE('',(#3129),#1726,.F.);
#3129 = FACE_BOUND('',#3130,.T.);
#3130 = EDGE_LOOP('',(#3131,#3132,#3160,#3181));
#3131 = ORIENTED_EDGE('',*,*,#3061,.T.);
#3132 = ORIENTED_EDGE('',*,*,#3133,.T.);
#3133 = EDGE_CURVE('',#3062,#3134,#3136,.T.);
#3134 = VERTEX_POINT('',#3135);
#3135 = CARTESIAN_POINT('',(-5.474873734646,70.309411754428,
    8.810086279671));
#3136 = SURFACE_CURVE('',#3137,(#3142,#3149),.PCURVE_S1.);
#3137 = CIRCLE('',#3138,1.5);
#3138 = AXIS2_PLACEMENT_3D('',#3139,#3140,#3141);
#3139 = CARTESIAN_POINT('',(-4.414213562866,69.248795871582,
    8.80039354764));
#3140 = DIRECTION('',(8.673617379884E-19,9.138395397176E-03,
    -0.999958243993));
#3141 = DIRECTION('',(0.707106781187,0.707077255231,6.461821354507E-03)
  );
#3142 = PCURVE('',#1726,#3143);
#3143 = DEFINITIONAL_REPRESENTATION('',(#3144),#3148);
#3144 = LINE('',#3145,#3146);
#3145 = CARTESIAN_POINT('',(-0.,-2.4));
#3146 = VECTOR('',#3147,1.);
#3147 = DIRECTION('',(-1.,0.));
#3148 = ( GEOMETRIC_REPRESENTATION_CONTEXT(2) 
PARAMETRIC_REPRESENTATION_CONTEXT() REPRESENTATION_CONTEXT('2D SPACE',''
  ) );
#3149 = PCURVE('',#389,#3150);
#3150 = DEFINITIONAL_REPRESENTATION('',(#3151),#3159);
#3151 = ( BOUNDED_CURVE() B_SPLINE_CURVE(2,(#3152,#3153,#3154,#3155,
#3156,#3157,#3158),.UNSPECIFIED.,.T.,.F.) B_SPLINE_CURVE_WITH_KNOTS((1,2
    ,2,2,2,1),(-2.094395102393,0.,2.094395102393,4.188790204786,
6.28318530718,8.377580409573),.UNSPECIFIED.) CURVE() 
GEOMETRIC_REPRESENTATION_ITEM() RATIONAL_B_SPLINE_CURVE((1.,0.5,1.,0.5,
1.,0.5,1.)) REPRESENTATION_ITEM('') );
#3152 = CARTESIAN_POINT('',(-3.353553386913,38.646446609407));
#3153 = CARTESIAN_POINT('',(-1.516436079826,36.809329302319));
#3154 = CARTESIAN_POINT('',(-4.025984991039,36.136897698193));
#3155 = CARTESIAN_POINT('',(-6.535533902252,35.464466094067));
#3156 = CARTESIAN_POINT('',(-5.863102298126,37.974015005281));
#3157 = CARTESIAN_POINT('',(-5.190670694,40.483563916494));
#3158 = CARTESIAN_POINT('',(-3.353553386913,38.646446609407));
#3159 = ( GEOMETRIC_REPRESENTATION_CONTEXT(2) 
PARAMETRIC_REPRESENTATION_CONTEXT() REPRESENTATION_CONTEXT('2D SPACE',''
  ) );
#3160 = ORIENTED_EDGE('',*,*,#3161,.F.);
#3161 = EDGE_CURVE('',#1619,#3134,#3162,.T.);
#3162 = SURFACE_CURVE('',#3163,(#3167,#3174),.PCURVE_S1.);
#3163 = LINE('',#3164,#3165);
#3164 = CARTESIAN_POINT('',(-5.474873734646,70.287479605475,
    11.209986065255));
#3165 = VECTOR('',#3166,1.);
#3166 = DIRECTION('',(0.,9.138395397176E-03,-0.999958243993));
#3167 = PCURVE('',#1726,#3168);
#3168 = DEFINITIONAL_REPRESENTATION('',(#3169),#3173);
#3169 = LINE('',#3170,#3171);
#3170 = CARTESIAN_POINT('',(-4.712388980385,0.));
#3171 = VECTOR('',#3172,1.);
#3172 = DIRECTION('',(-0.,-1.));
#3173 = ( GEOMETRIC_REPRESENTATION_CONTEXT(2) 
PARAMETRIC_REPRESENTATION_CONTEXT() REPRESENTATION_CONTEXT('2D SPACE',''
  ) );
#3174 = PCURVE('',#1634,#3175);
#3175 = DEFINITIONAL_REPRESENTATION('',(#3176),#3180);
#3176 = LINE('',#3177,#3178);
#3177 = CARTESIAN_POINT('',(4.,0.));
#3178 = VECTOR('',#3179,1.);
#3179 = DIRECTION('',(0.,-1.));
#3180 = ( GEOMETRIC_REPRESENTATION_CONTEXT(2) 
PARAMETRIC_REPRESENTATION_CONTEXT() REPRESENTATION_CONTEXT('2D SPACE',''
  ) );
#3181 = ORIENTED_EDGE('',*,*,#1707,.F.);
#3182 = ADVANCED_FACE('',(#3183),#1667,.F.);
#3183 = FACE_BOUND('',#3184,.T.);
#3184 = EDGE_LOOP('',(#3185,#3208,#3234,#3235));
#3185 = ORIENTED_EDGE('',*,*,#3186,.T.);
#3186 = EDGE_CURVE('',#1617,#3187,#3189,.T.);
#3187 = VERTEX_POINT('',#3188);
#3188 = CARTESIAN_POINT('',(-2.646446609899,73.137720775352,
    8.835933565089));
#3189 = SURFACE_CURVE('',#3190,(#3194,#3201),.PCURVE_S1.);
#3190 = LINE('',#3191,#3192);
#3191 = CARTESIAN_POINT('',(-2.646446609899,73.115788626398,
    11.235833350673));
#3192 = VECTOR('',#3193,1.);
#3193 = DIRECTION('',(0.,9.138395397176E-03,-0.999958243993));
#3194 = PCURVE('',#1667,#3195);
#3195 = DEFINITIONAL_REPRESENTATION('',(#3196),#3200);
#3196 = LINE('',#3197,#3198);
#3197 = CARTESIAN_POINT('',(-1.570796326795,0.));
#3198 = VECTOR('',#3199,1.);
#3199 = DIRECTION('',(-0.,-1.));
#3200 = ( GEOMETRIC_REPRESENTATION_CONTEXT(2) 
PARAMETRIC_REPRESENTATION_CONTEXT() REPRESENTATION_CONTEXT('2D SPACE',''
  ) );
#3201 = PCURVE('',#1634,#3202);
#3202 = DEFINITIONAL_REPRESENTATION('',(#3203),#3207);
#3203 = LINE('',#3204,#3205);
#3204 = CARTESIAN_POINT('',(-1.507288760336E-14,0.));
#3205 = VECTOR('',#3206,1.);
#3206 = DIRECTION('',(0.,-1.));
#3207 = ( GEOMETRIC_REPRESENTATION_CONTEXT(2) 
PARAMETRIC_REPRESENTATION_CONTEXT() REPRESENTATION_CONTEXT('2D SPACE',''
  ) );
#3208 = ORIENTED_EDGE('',*,*,#3209,.T.);
#3209 = EDGE_CURVE('',#3187,#3085,#3210,.T.);
#3210 = SURFACE_CURVE('',#3211,(#3216,#3223),.PCURVE_S1.);
#3211 = CIRCLE('',#3212,1.5);
#3212 = AXIS2_PLACEMENT_3D('',#3213,#3214,#3215);
#3213 = CARTESIAN_POINT('',(-1.58578643812,72.077104892505,
    8.826240833058));
#3214 = DIRECTION('',(8.673617379884E-19,9.138395397176E-03,
    -0.999958243993));
#3215 = DIRECTION('',(-0.707106781187,-0.707077255231,
    -6.461821354507E-03));
#3216 = PCURVE('',#1667,#3217);
#3217 = DEFINITIONAL_REPRESENTATION('',(#3218),#3222);
#3218 = LINE('',#3219,#3220);
#3219 = CARTESIAN_POINT('',(-0.,-2.4));
#3220 = VECTOR('',#3221,1.);
#3221 = DIRECTION('',(-1.,0.));
#3222 = ( GEOMETRIC_REPRESENTATION_CONTEXT(2) 
PARAMETRIC_REPRESENTATION_CONTEXT() REPRESENTATION_CONTEXT('2D SPACE',''
  ) );
#3223 = PCURVE('',#389,#3224);
#3224 = DEFINITIONAL_REPRESENTATION('',(#3225),#3233);
#3225 = ( BOUNDED_CURVE() B_SPLINE_CURVE(2,(#3226,#3227,#3228,#3229,
#3230,#3231,#3232),.UNSPECIFIED.,.T.,.F.) B_SPLINE_CURVE_WITH_KNOTS((1,2
    ,2,2,2,1),(-2.094395102393,0.,2.094395102393,4.188790204786,
6.28318530718,8.377580409573),.UNSPECIFIED.) CURVE() 
GEOMETRIC_REPRESENTATION_ITEM() RATIONAL_B_SPLINE_CURVE((1.,0.5,1.,0.5,
1.,0.5,1.)) REPRESENTATION_ITEM('') );
#3226 = CARTESIAN_POINT('',(-2.646446605726,39.353553390593));
#3227 = CARTESIAN_POINT('',(-4.483563912814,41.190670697681));
#3228 = CARTESIAN_POINT('',(-1.9740150016,41.863102301807));
#3229 = CARTESIAN_POINT('',(0.535533909613,42.535533905933));
#3230 = CARTESIAN_POINT('',(-0.136897694513,40.025984994719));
#3231 = CARTESIAN_POINT('',(-0.809329298639,37.516436083506));
#3232 = CARTESIAN_POINT('',(-2.646446605726,39.353553390593));
#3233 = ( GEOMETRIC_REPRESENTATION_CONTEXT(2) 
PARAMETRIC_REPRESENTATION_CONTEXT() REPRESENTATION_CONTEXT('2D SPACE',''
  ) );
#3234 = ORIENTED_EDGE('',*,*,#3107,.F.);
#3235 = ORIENTED_EDGE('',*,*,#1646,.F.);
#3236 = ADVANCED_FACE('',(#3237),#1634,.F.);
#3237 = FACE_BOUND('',#3238,.F.);
#3238 = EDGE_LOOP('',(#3239,#3240,#3261,#3262));
#3239 = ORIENTED_EDGE('',*,*,#3186,.T.);
#3240 = ORIENTED_EDGE('',*,*,#3241,.T.);
#3241 = EDGE_CURVE('',#3187,#3134,#3242,.T.);
#3242 = SURFACE_CURVE('',#3243,(#3247,#3254),.PCURVE_S1.);
#3243 = LINE('',#3244,#3245);
#3244 = CARTESIAN_POINT('',(-2.646446609899,73.137720775352,
    8.835933565089));
#3245 = VECTOR('',#3246,1.);
#3246 = DIRECTION('',(-0.707106781187,-0.707077255231,
    -6.461821354507E-03));
#3247 = PCURVE('',#1634,#3248);
#3248 = DEFINITIONAL_REPRESENTATION('',(#3249),#3253);
#3249 = LINE('',#3250,#3251);
#3250 = CARTESIAN_POINT('',(-0.,-2.4));
#3251 = VECTOR('',#3252,1.);
#3252 = DIRECTION('',(1.,0.));
#3253 = ( GEOMETRIC_REPRESENTATION_CONTEXT(2) 
PARAMETRIC_REPRESENTATION_CONTEXT() REPRESENTATION_CONTEXT('2D SPACE',''
  ) );
#3254 = PCURVE('',#389,#3255);
#3255 = DEFINITIONAL_REPRESENTATION('',(#3256),#3260);
#3256 = LINE('',#3257,#3258);
#3257 = CARTESIAN_POINT('',(-2.646446605726,41.474873734153));
#3258 = VECTOR('',#3259,1.);
#3259 = DIRECTION('',(-0.707106781187,-0.707106781187));
#3260 = ( GEOMETRIC_REPRESENTATION_CONTEXT(2) 
PARAMETRIC_REPRESENTATION_CONTEXT() REPRESENTATION_CONTEXT('2D SPACE',''
  ) );
#3261 = ORIENTED_EDGE('',*,*,#3161,.F.);
#3262 = ORIENTED_EDGE('',*,*,#1616,.F.);
#3263 = ADVANCED_FACE('',(#3264),#1571,.F.);
#3264 = FACE_BOUND('',#3265,.F.);
#3265 = EDGE_LOOP('',(#3266,#3289,#3312,#3333));
#3266 = ORIENTED_EDGE('',*,*,#3267,.T.);
#3267 = EDGE_CURVE('',#1556,#3268,#3270,.T.);
#3268 = VERTEX_POINT('',#3269);
#3269 = CARTESIAN_POINT('',(-11.35355339108,56.18868106082,
    8.681040070842));
#3270 = SURFACE_CURVE('',#3271,(#3275,#3282),.PCURVE_S1.);
#3271 = LINE('',#3272,#3273);
#3272 = CARTESIAN_POINT('',(-11.35355339108,56.166748911867,
    11.080939856425));
#3273 = VECTOR('',#3274,1.);
#3274 = DIRECTION('',(0.,9.138395397176E-03,-0.999958243993));
#3275 = PCURVE('',#1571,#3276);
#3276 = DEFINITIONAL_REPRESENTATION('',(#3277),#3281);
#3277 = LINE('',#3278,#3279);
#3278 = CARTESIAN_POINT('',(-5.024295867788E-15,0.));
#3279 = VECTOR('',#3280,1.);
#3280 = DIRECTION('',(0.,-1.));
#3281 = ( GEOMETRIC_REPRESENTATION_CONTEXT(2) 
PARAMETRIC_REPRESENTATION_CONTEXT() REPRESENTATION_CONTEXT('2D SPACE',''
  ) );
#3282 = PCURVE('',#1602,#3283);
#3283 = DEFINITIONAL_REPRESENTATION('',(#3284),#3288);
#3284 = LINE('',#3285,#3286);
#3285 = CARTESIAN_POINT('',(-1.570796326795,0.));
#3286 = VECTOR('',#3287,1.);
#3287 = DIRECTION('',(-0.,-1.));
#3288 = ( GEOMETRIC_REPRESENTATION_CONTEXT(2) 
PARAMETRIC_REPRESENTATION_CONTEXT() REPRESENTATION_CONTEXT('2D SPACE',''
  ) );
#3289 = ORIENTED_EDGE('',*,*,#3290,.T.);
#3290 = EDGE_CURVE('',#3268,#3291,#3293,.T.);
#3291 = VERTEX_POINT('',#3292);
#3292 = CARTESIAN_POINT('',(-8.52512626634,59.016990081743,8.70688735626
    ));
#3293 = SURFACE_CURVE('',#3294,(#3298,#3305),.PCURVE_S1.);
#3294 = LINE('',#3295,#3296);
#3295 = CARTESIAN_POINT('',(-11.35355339108,56.18868106082,
    8.681040070842));
#3296 = VECTOR('',#3297,1.);
#3297 = DIRECTION('',(0.707106781187,0.707077255231,6.461821354507E-03)
  );
#3298 = PCURVE('',#1571,#3299);
#3299 = DEFINITIONAL_REPRESENTATION('',(#3300),#3304);
#3300 = LINE('',#3301,#3302);
#3301 = CARTESIAN_POINT('',(0.,-2.4));
#3302 = VECTOR('',#3303,1.);
#3303 = DIRECTION('',(1.,0.));
#3304 = ( GEOMETRIC_REPRESENTATION_CONTEXT(2) 
PARAMETRIC_REPRESENTATION_CONTEXT() REPRESENTATION_CONTEXT('2D SPACE',''
  ) );
#3305 = PCURVE('',#389,#3306);
#3306 = DEFINITIONAL_REPRESENTATION('',(#3307),#3311);
#3307 = LINE('',#3308,#3309);
#3308 = CARTESIAN_POINT('',(-11.35355338691,24.525126265847));
#3309 = VECTOR('',#3310,1.);
#3310 = DIRECTION('',(0.707106781187,0.707106781187));
#3311 = ( GEOMETRIC_REPRESENTATION_CONTEXT(2) 
PARAMETRIC_REPRESENTATION_CONTEXT() REPRESENTATION_CONTEXT('2D SPACE',''
  ) );
#3312 = ORIENTED_EDGE('',*,*,#3313,.F.);
#3313 = EDGE_CURVE('',#1523,#3291,#3314,.T.);
#3314 = SURFACE_CURVE('',#3315,(#3319,#3326),.PCURVE_S1.);
#3315 = LINE('',#3316,#3317);
#3316 = CARTESIAN_POINT('',(-8.52512626634,58.99505793279,
    11.106787141843));
#3317 = VECTOR('',#3318,1.);
#3318 = DIRECTION('',(0.,9.138395397176E-03,-0.999958243993));
#3319 = PCURVE('',#1571,#3320);
#3320 = DEFINITIONAL_REPRESENTATION('',(#3321),#3325);
#3321 = LINE('',#3322,#3323);
#3322 = CARTESIAN_POINT('',(4.,0.));
#3323 = VECTOR('',#3324,1.);
#3324 = DIRECTION('',(0.,-1.));
#3325 = ( GEOMETRIC_REPRESENTATION_CONTEXT(2) 
PARAMETRIC_REPRESENTATION_CONTEXT() REPRESENTATION_CONTEXT('2D SPACE',''
  ) );
#3326 = PCURVE('',#1543,#3327);
#3327 = DEFINITIONAL_REPRESENTATION('',(#3328),#3332);
#3328 = LINE('',#3329,#3330);
#3329 = CARTESIAN_POINT('',(-4.712388980385,0.));
#3330 = VECTOR('',#3331,1.);
#3331 = DIRECTION('',(-0.,-1.));
#3332 = ( GEOMETRIC_REPRESENTATION_CONTEXT(2) 
PARAMETRIC_REPRESENTATION_CONTEXT() REPRESENTATION_CONTEXT('2D SPACE',''
  ) );
#3333 = ORIENTED_EDGE('',*,*,#1555,.F.);
#3334 = ADVANCED_FACE('',(#3335),#1602,.F.);
#3335 = FACE_BOUND('',#3336,.T.);
#3336 = EDGE_LOOP('',(#3337,#3338,#3366,#3387));
#3337 = ORIENTED_EDGE('',*,*,#3267,.T.);
#3338 = ORIENTED_EDGE('',*,*,#3339,.T.);
#3339 = EDGE_CURVE('',#3268,#3340,#3342,.T.);
#3340 = VERTEX_POINT('',#3341);
#3341 = CARTESIAN_POINT('',(-13.47487373464,58.309912826512,
    8.700425534905));
#3342 = SURFACE_CURVE('',#3343,(#3348,#3355),.PCURVE_S1.);
#3343 = CIRCLE('',#3344,1.5);
#3344 = AXIS2_PLACEMENT_3D('',#3345,#3346,#3347);
#3345 = CARTESIAN_POINT('',(-12.41421356286,57.249296943666,
    8.690732802874));
#3346 = DIRECTION('',(8.673617379884E-19,9.138395397176E-03,
    -0.999958243993));
#3347 = DIRECTION('',(0.707106781187,0.707077255231,6.461821354507E-03)
  );
#3348 = PCURVE('',#1602,#3349);
#3349 = DEFINITIONAL_REPRESENTATION('',(#3350),#3354);
#3350 = LINE('',#3351,#3352);
#3351 = CARTESIAN_POINT('',(-0.,-2.4));
#3352 = VECTOR('',#3353,1.);
#3353 = DIRECTION('',(-1.,0.));
#3354 = ( GEOMETRIC_REPRESENTATION_CONTEXT(2) 
PARAMETRIC_REPRESENTATION_CONTEXT() REPRESENTATION_CONTEXT('2D SPACE',''
  ) );
#3355 = PCURVE('',#389,#3356);
#3356 = DEFINITIONAL_REPRESENTATION('',(#3357),#3365);
#3357 = ( BOUNDED_CURVE() B_SPLINE_CURVE(2,(#3358,#3359,#3360,#3361,
#3362,#3363,#3364),.UNSPECIFIED.,.T.,.F.) B_SPLINE_CURVE_WITH_KNOTS((1,2
    ,2,2,2,1),(-2.094395102393,0.,2.094395102393,4.188790204786,
6.28318530718,8.377580409573),.UNSPECIFIED.) CURVE() 
GEOMETRIC_REPRESENTATION_ITEM() RATIONAL_B_SPLINE_CURVE((1.,0.5,1.,0.5,
1.,0.5,1.)) REPRESENTATION_ITEM('') );
#3358 = CARTESIAN_POINT('',(-11.35355338691,26.646446609407));
#3359 = CARTESIAN_POINT('',(-9.516436079826,24.809329302319));
#3360 = CARTESIAN_POINT('',(-12.02598499103,24.136897698193));
#3361 = CARTESIAN_POINT('',(-14.53553390225,23.464466094067));
#3362 = CARTESIAN_POINT('',(-13.86310229812,25.974015005281));
#3363 = CARTESIAN_POINT('',(-13.190670694,28.483563916494));
#3364 = CARTESIAN_POINT('',(-11.35355338691,26.646446609407));
#3365 = ( GEOMETRIC_REPRESENTATION_CONTEXT(2) 
PARAMETRIC_REPRESENTATION_CONTEXT() REPRESENTATION_CONTEXT('2D SPACE',''
  ) );
#3366 = ORIENTED_EDGE('',*,*,#3367,.F.);
#3367 = EDGE_CURVE('',#1495,#3340,#3368,.T.);
#3368 = SURFACE_CURVE('',#3369,(#3373,#3380),.PCURVE_S1.);
#3369 = LINE('',#3370,#3371);
#3370 = CARTESIAN_POINT('',(-13.47487373464,58.287980677559,
    11.100325320489));
#3371 = VECTOR('',#3372,1.);
#3372 = DIRECTION('',(0.,9.138395397176E-03,-0.999958243993));
#3373 = PCURVE('',#1602,#3374);
#3374 = DEFINITIONAL_REPRESENTATION('',(#3375),#3379);
#3375 = LINE('',#3376,#3377);
#3376 = CARTESIAN_POINT('',(-4.712388980385,0.));
#3377 = VECTOR('',#3378,1.);
#3378 = DIRECTION('',(-0.,-1.));
#3379 = ( GEOMETRIC_REPRESENTATION_CONTEXT(2) 
PARAMETRIC_REPRESENTATION_CONTEXT() REPRESENTATION_CONTEXT('2D SPACE',''
  ) );
#3380 = PCURVE('',#1510,#3381);
#3381 = DEFINITIONAL_REPRESENTATION('',(#3382),#3386);
#3382 = LINE('',#3383,#3384);
#3383 = CARTESIAN_POINT('',(4.,0.));
#3384 = VECTOR('',#3385,1.);
#3385 = DIRECTION('',(0.,-1.));
#3386 = ( GEOMETRIC_REPRESENTATION_CONTEXT(2) 
PARAMETRIC_REPRESENTATION_CONTEXT() REPRESENTATION_CONTEXT('2D SPACE',''
  ) );
#3387 = ORIENTED_EDGE('',*,*,#1583,.F.);
#3388 = ADVANCED_FACE('',(#3389),#1543,.F.);
#3389 = FACE_BOUND('',#3390,.T.);
#3390 = EDGE_LOOP('',(#3391,#3414,#3440,#3441));
#3391 = ORIENTED_EDGE('',*,*,#3392,.T.);
#3392 = EDGE_CURVE('',#1493,#3393,#3395,.T.);
#3393 = VERTEX_POINT('',#3394);
#3394 = CARTESIAN_POINT('',(-10.64644660989,61.138221847436,
    8.726272820323));
#3395 = SURFACE_CURVE('',#3396,(#3400,#3407),.PCURVE_S1.);
#3396 = LINE('',#3397,#3398);
#3397 = CARTESIAN_POINT('',(-10.64644660989,61.116289698482,
    11.126172605907));
#3398 = VECTOR('',#3399,1.);
#3399 = DIRECTION('',(0.,9.138395397176E-03,-0.999958243993));
#3400 = PCURVE('',#1543,#3401);
#3401 = DEFINITIONAL_REPRESENTATION('',(#3402),#3406);
#3402 = LINE('',#3403,#3404);
#3403 = CARTESIAN_POINT('',(-1.570796326795,0.));
#3404 = VECTOR('',#3405,1.);
#3405 = DIRECTION('',(-0.,-1.));
#3406 = ( GEOMETRIC_REPRESENTATION_CONTEXT(2) 
PARAMETRIC_REPRESENTATION_CONTEXT() REPRESENTATION_CONTEXT('2D SPACE',''
  ) );
#3407 = PCURVE('',#1510,#3408);
#3408 = DEFINITIONAL_REPRESENTATION('',(#3409),#3413);
#3409 = LINE('',#3410,#3411);
#3410 = CARTESIAN_POINT('',(-5.024295867788E-15,0.));
#3411 = VECTOR('',#3412,1.);
#3412 = DIRECTION('',(0.,-1.));
#3413 = ( GEOMETRIC_REPRESENTATION_CONTEXT(2) 
PARAMETRIC_REPRESENTATION_CONTEXT() REPRESENTATION_CONTEXT('2D SPACE',''
  ) );
#3414 = ORIENTED_EDGE('',*,*,#3415,.T.);
#3415 = EDGE_CURVE('',#3393,#3291,#3416,.T.);
#3416 = SURFACE_CURVE('',#3417,(#3422,#3429),.PCURVE_S1.);
#3417 = CIRCLE('',#3418,1.5);
#3418 = AXIS2_PLACEMENT_3D('',#3419,#3420,#3421);
#3419 = CARTESIAN_POINT('',(-9.58578643812,60.077605964589,
    8.716580088292));
#3420 = DIRECTION('',(8.673617379884E-19,9.138395397176E-03,
    -0.999958243993));
#3421 = DIRECTION('',(-0.707106781187,-0.707077255231,
    -6.461821354507E-03));
#3422 = PCURVE('',#1543,#3423);
#3423 = DEFINITIONAL_REPRESENTATION('',(#3424),#3428);
#3424 = LINE('',#3425,#3426);
#3425 = CARTESIAN_POINT('',(-0.,-2.4));
#3426 = VECTOR('',#3427,1.);
#3427 = DIRECTION('',(-1.,0.));
#3428 = ( GEOMETRIC_REPRESENTATION_CONTEXT(2) 
PARAMETRIC_REPRESENTATION_CONTEXT() REPRESENTATION_CONTEXT('2D SPACE',''
  ) );
#3429 = PCURVE('',#389,#3430);
#3430 = DEFINITIONAL_REPRESENTATION('',(#3431),#3439);
#3431 = ( BOUNDED_CURVE() B_SPLINE_CURVE(2,(#3432,#3433,#3434,#3435,
#3436,#3437,#3438),.UNSPECIFIED.,.T.,.F.) B_SPLINE_CURVE_WITH_KNOTS((1,2
    ,2,2,2,1),(-2.094395102393,0.,2.094395102393,4.188790204786,
6.28318530718,8.377580409573),.UNSPECIFIED.) CURVE() 
GEOMETRIC_REPRESENTATION_ITEM() RATIONAL_B_SPLINE_CURVE((1.,0.5,1.,0.5,
1.,0.5,1.)) REPRESENTATION_ITEM('') );
#3432 = CARTESIAN_POINT('',(-10.64644660572,27.353553390593));
#3433 = CARTESIAN_POINT('',(-12.48356391281,29.190670697681));
#3434 = CARTESIAN_POINT('',(-9.9740150016,29.863102301807));
#3435 = CARTESIAN_POINT('',(-7.464466090387,30.535533905933));
#3436 = CARTESIAN_POINT('',(-8.136897694513,28.025984994719));
#3437 = CARTESIAN_POINT('',(-8.809329298639,25.516436083506));
#3438 = CARTESIAN_POINT('',(-10.64644660572,27.353553390593));
#3439 = ( GEOMETRIC_REPRESENTATION_CONTEXT(2) 
PARAMETRIC_REPRESENTATION_CONTEXT() REPRESENTATION_CONTEXT('2D SPACE',''
  ) );
#3440 = ORIENTED_EDGE('',*,*,#3313,.F.);
#3441 = ORIENTED_EDGE('',*,*,#1522,.F.);
#3442 = ADVANCED_FACE('',(#3443),#1510,.F.);
#3443 = FACE_BOUND('',#3444,.F.);
#3444 = EDGE_LOOP('',(#3445,#3446,#3467,#3468));
#3445 = ORIENTED_EDGE('',*,*,#3392,.T.);
#3446 = ORIENTED_EDGE('',*,*,#3447,.T.);
#3447 = EDGE_CURVE('',#3393,#3340,#3448,.T.);
#3448 = SURFACE_CURVE('',#3449,(#3453,#3460),.PCURVE_S1.);
#3449 = LINE('',#3450,#3451);
#3450 = CARTESIAN_POINT('',(-10.64644660989,61.138221847436,
    8.726272820323));
#3451 = VECTOR('',#3452,1.);
#3452 = DIRECTION('',(-0.707106781187,-0.707077255231,
    -6.461821354507E-03));
#3453 = PCURVE('',#1510,#3454);
#3454 = DEFINITIONAL_REPRESENTATION('',(#3455),#3459);
#3455 = LINE('',#3456,#3457);
#3456 = CARTESIAN_POINT('',(-0.,-2.4));
#3457 = VECTOR('',#3458,1.);
#3458 = DIRECTION('',(1.,0.));
#3459 = ( GEOMETRIC_REPRESENTATION_CONTEXT(2) 
PARAMETRIC_REPRESENTATION_CONTEXT() REPRESENTATION_CONTEXT('2D SPACE',''
  ) );
#3460 = PCURVE('',#389,#3461);
#3461 = DEFINITIONAL_REPRESENTATION('',(#3462),#3466);
#3462 = LINE('',#3463,#3464);
#3463 = CARTESIAN_POINT('',(-10.64644660572,29.474873734153));
#3464 = VECTOR('',#3465,1.);
#3465 = DIRECTION('',(-0.707106781187,-0.707106781187));
#3466 = ( GEOMETRIC_REPRESENTATION_CONTEXT(2) 
PARAMETRIC_REPRESENTATION_CONTEXT() REPRESENTATION_CONTEXT('2D SPACE',''
  ) );
#3467 = ORIENTED_EDGE('',*,*,#3367,.F.);
#3468 = ORIENTED_EDGE('',*,*,#1492,.F.);
#3469 = ADVANCED_FACE('',(#3470),#1447,.F.);
#3470 = FACE_BOUND('',#3471,.F.);
#3471 = EDGE_LOOP('',(#3472,#3495,#3518,#3539));
#3472 = ORIENTED_EDGE('',*,*,#3473,.T.);
#3473 = EDGE_CURVE('',#1432,#3474,#3476,.T.);
#3474 = VERTEX_POINT('',#3475);
#3475 = CARTESIAN_POINT('',(-17.35355339108,68.188179988736,
    8.790700815608));
#3476 = SURFACE_CURVE('',#3477,(#3481,#3488),.PCURVE_S1.);
#3477 = LINE('',#3478,#3479);
#3478 = CARTESIAN_POINT('',(-17.35355339108,68.166247839783,
    11.190600601191));
#3479 = VECTOR('',#3480,1.);
#3480 = DIRECTION('',(0.,9.138395397176E-03,-0.999958243993));
#3481 = PCURVE('',#1447,#3482);
#3482 = DEFINITIONAL_REPRESENTATION('',(#3483),#3487);
#3483 = LINE('',#3484,#3485);
#3484 = CARTESIAN_POINT('',(-1.507288760336E-14,0.));
#3485 = VECTOR('',#3486,1.);
#3486 = DIRECTION('',(0.,-1.));
#3487 = ( GEOMETRIC_REPRESENTATION_CONTEXT(2) 
PARAMETRIC_REPRESENTATION_CONTEXT() REPRESENTATION_CONTEXT('2D SPACE',''
  ) );
#3488 = PCURVE('',#1478,#3489);
#3489 = DEFINITIONAL_REPRESENTATION('',(#3490),#3494);
#3490 = LINE('',#3491,#3492);
#3491 = CARTESIAN_POINT('',(-1.570796326795,0.));
#3492 = VECTOR('',#3493,1.);
#3493 = DIRECTION('',(-0.,-1.));
#3494 = ( GEOMETRIC_REPRESENTATION_CONTEXT(2) 
PARAMETRIC_REPRESENTATION_CONTEXT() REPRESENTATION_CONTEXT('2D SPACE',''
  ) );
#3495 = ORIENTED_EDGE('',*,*,#3496,.T.);
#3496 = EDGE_CURVE('',#3474,#3497,#3499,.T.);
#3497 = VERTEX_POINT('',#3498);
#3498 = CARTESIAN_POINT('',(-14.52512626634,71.016489009659,
    8.816548101026));
#3499 = SURFACE_CURVE('',#3500,(#3504,#3511),.PCURVE_S1.);
#3500 = LINE('',#3501,#3502);
#3501 = CARTESIAN_POINT('',(-17.35355339108,68.188179988736,
    8.790700815608));
#3502 = VECTOR('',#3503,1.);
#3503 = DIRECTION('',(0.707106781187,0.707077255231,6.461821354507E-03)
  );
#3504 = PCURVE('',#1447,#3505);
#3505 = DEFINITIONAL_REPRESENTATION('',(#3506),#3510);
#3506 = LINE('',#3507,#3508);
#3507 = CARTESIAN_POINT('',(0.,-2.4));
#3508 = VECTOR('',#3509,1.);
#3509 = DIRECTION('',(1.,0.));
#3510 = ( GEOMETRIC_REPRESENTATION_CONTEXT(2) 
PARAMETRIC_REPRESENTATION_CONTEXT() REPRESENTATION_CONTEXT('2D SPACE',''
  ) );
#3511 = PCURVE('',#389,#3512);
#3512 = DEFINITIONAL_REPRESENTATION('',(#3513),#3517);
#3513 = LINE('',#3514,#3515);
#3514 = CARTESIAN_POINT('',(-17.35355338691,36.525126265847));
#3515 = VECTOR('',#3516,1.);
#3516 = DIRECTION('',(0.707106781187,0.707106781187));
#3517 = ( GEOMETRIC_REPRESENTATION_CONTEXT(2) 
PARAMETRIC_REPRESENTATION_CONTEXT() REPRESENTATION_CONTEXT('2D SPACE',''
  ) );
#3518 = ORIENTED_EDGE('',*,*,#3519,.F.);
#3519 = EDGE_CURVE('',#1399,#3497,#3520,.T.);
#3520 = SURFACE_CURVE('',#3521,(#3525,#3532),.PCURVE_S1.);
#3521 = LINE('',#3522,#3523);
#3522 = CARTESIAN_POINT('',(-14.52512626634,70.994556860706,
    11.216447886609));
#3523 = VECTOR('',#3524,1.);
#3524 = DIRECTION('',(0.,9.138395397176E-03,-0.999958243993));
#3525 = PCURVE('',#1447,#3526);
#3526 = DEFINITIONAL_REPRESENTATION('',(#3527),#3531);
#3527 = LINE('',#3528,#3529);
#3528 = CARTESIAN_POINT('',(4.,0.));
#3529 = VECTOR('',#3530,1.);
#3530 = DIRECTION('',(0.,-1.));
#3531 = ( GEOMETRIC_REPRESENTATION_CONTEXT(2) 
PARAMETRIC_REPRESENTATION_CONTEXT() REPRESENTATION_CONTEXT('2D SPACE',''
  ) );
#3532 = PCURVE('',#1419,#3533);
#3533 = DEFINITIONAL_REPRESENTATION('',(#3534),#3538);
#3534 = LINE('',#3535,#3536);
#3535 = CARTESIAN_POINT('',(-4.712388980385,0.));
#3536 = VECTOR('',#3537,1.);
#3537 = DIRECTION('',(-0.,-1.));
#3538 = ( GEOMETRIC_REPRESENTATION_CONTEXT(2) 
PARAMETRIC_REPRESENTATION_CONTEXT() REPRESENTATION_CONTEXT('2D SPACE',''
  ) );
#3539 = ORIENTED_EDGE('',*,*,#1431,.F.);
#3540 = ADVANCED_FACE('',(#3541),#1478,.F.);
#3541 = FACE_BOUND('',#3542,.T.);
#3542 = EDGE_LOOP('',(#3543,#3544,#3572,#3593));
#3543 = ORIENTED_EDGE('',*,*,#3473,.T.);
#3544 = ORIENTED_EDGE('',*,*,#3545,.T.);
#3545 = EDGE_CURVE('',#3474,#3546,#3548,.T.);
#3546 = VERTEX_POINT('',#3547);
#3547 = CARTESIAN_POINT('',(-19.47487373464,70.309411754428,
    8.810086279671));
#3548 = SURFACE_CURVE('',#3549,(#3554,#3561),.PCURVE_S1.);
#3549 = CIRCLE('',#3550,1.5);
#3550 = AXIS2_PLACEMENT_3D('',#3551,#3552,#3553);
#3551 = CARTESIAN_POINT('',(-18.41421356286,69.248795871582,
    8.80039354764));
#3552 = DIRECTION('',(8.673617379884E-19,9.138395397176E-03,
    -0.999958243993));
#3553 = DIRECTION('',(0.707106781187,0.707077255231,6.461821354507E-03)
  );
#3554 = PCURVE('',#1478,#3555);
#3555 = DEFINITIONAL_REPRESENTATION('',(#3556),#3560);
#3556 = LINE('',#3557,#3558);
#3557 = CARTESIAN_POINT('',(-0.,-2.4));
#3558 = VECTOR('',#3559,1.);
#3559 = DIRECTION('',(-1.,0.));
#3560 = ( GEOMETRIC_REPRESENTATION_CONTEXT(2) 
PARAMETRIC_REPRESENTATION_CONTEXT() REPRESENTATION_CONTEXT('2D SPACE',''
  ) );
#3561 = PCURVE('',#389,#3562);
#3562 = DEFINITIONAL_REPRESENTATION('',(#3563),#3571);
#3563 = ( BOUNDED_CURVE() B_SPLINE_CURVE(2,(#3564,#3565,#3566,#3567,
#3568,#3569,#3570),.UNSPECIFIED.,.T.,.F.) B_SPLINE_CURVE_WITH_KNOTS((1,2
    ,2,2,2,1),(-2.094395102393,0.,2.094395102393,4.188790204786,
6.28318530718,8.377580409573),.UNSPECIFIED.) CURVE() 
GEOMETRIC_REPRESENTATION_ITEM() RATIONAL_B_SPLINE_CURVE((1.,0.5,1.,0.5,
1.,0.5,1.)) REPRESENTATION_ITEM('') );
#3564 = CARTESIAN_POINT('',(-17.35355338691,38.646446609407));
#3565 = CARTESIAN_POINT('',(-15.51643607982,36.809329302319));
#3566 = CARTESIAN_POINT('',(-18.02598499103,36.136897698193));
#3567 = CARTESIAN_POINT('',(-20.53553390225,35.464466094067));
#3568 = CARTESIAN_POINT('',(-19.86310229812,37.974015005281));
#3569 = CARTESIAN_POINT('',(-19.190670694,40.483563916494));
#3570 = CARTESIAN_POINT('',(-17.35355338691,38.646446609407));
#3571 = ( GEOMETRIC_REPRESENTATION_CONTEXT(2) 
PARAMETRIC_REPRESENTATION_CONTEXT() REPRESENTATION_CONTEXT('2D SPACE',''
  ) );
#3572 = ORIENTED_EDGE('',*,*,#3573,.F.);
#3573 = EDGE_CURVE('',#1371,#3546,#3574,.T.);
#3574 = SURFACE_CURVE('',#3575,(#3579,#3586),.PCURVE_S1.);
#3575 = LINE('',#3576,#3577);
#3576 = CARTESIAN_POINT('',(-19.47487373464,70.287479605475,
    11.209986065255));
#3577 = VECTOR('',#3578,1.);
#3578 = DIRECTION('',(0.,9.138395397176E-03,-0.999958243993));
#3579 = PCURVE('',#1478,#3580);
#3580 = DEFINITIONAL_REPRESENTATION('',(#3581),#3585);
#3581 = LINE('',#3582,#3583);
#3582 = CARTESIAN_POINT('',(-4.712388980385,0.));
#3583 = VECTOR('',#3584,1.);
#3584 = DIRECTION('',(-0.,-1.));
#3585 = ( GEOMETRIC_REPRESENTATION_CONTEXT(2) 
PARAMETRIC_REPRESENTATION_CONTEXT() REPRESENTATION_CONTEXT('2D SPACE',''
  ) );
#3586 = PCURVE('',#1386,#3587);
#3587 = DEFINITIONAL_REPRESENTATION('',(#3588),#3592);
#3588 = LINE('',#3589,#3590);
#3589 = CARTESIAN_POINT('',(4.,0.));
#3590 = VECTOR('',#3591,1.);
#3591 = DIRECTION('',(0.,-1.));
#3592 = ( GEOMETRIC_REPRESENTATION_CONTEXT(2) 
PARAMETRIC_REPRESENTATION_CONTEXT() REPRESENTATION_CONTEXT('2D SPACE',''
  ) );
#3593 = ORIENTED_EDGE('',*,*,#1459,.F.);
#3594 = ADVANCED_FACE('',(#3595),#1419,.F.);
#3595 = FACE_BOUND('',#3596,.T.);
#3596 = EDGE_LOOP('',(#3597,#3620,#3646,#3647));
#3597 = ORIENTED_EDGE('',*,*,#3598,.T.);
#3598 = EDGE_CURVE('',#1369,#3599,#3601,.T.);
#3599 = VERTEX_POINT('',#3600);
#3600 = CARTESIAN_POINT('',(-16.64644660989,73.137720775352,
    8.835933565089));
#3601 = SURFACE_CURVE('',#3602,(#3606,#3613),.PCURVE_S1.);
#3602 = LINE('',#3603,#3604);
#3603 = CARTESIAN_POINT('',(-16.64644660989,73.115788626398,
    11.235833350673));
#3604 = VECTOR('',#3605,1.);
#3605 = DIRECTION('',(0.,9.138395397176E-03,-0.999958243993));
#3606 = PCURVE('',#1419,#3607);
#3607 = DEFINITIONAL_REPRESENTATION('',(#3608),#3612);
#3608 = LINE('',#3609,#3610);
#3609 = CARTESIAN_POINT('',(-1.570796326795,0.));
#3610 = VECTOR('',#3611,1.);
#3611 = DIRECTION('',(-0.,-1.));
#3612 = ( GEOMETRIC_REPRESENTATION_CONTEXT(2) 
PARAMETRIC_REPRESENTATION_CONTEXT() REPRESENTATION_CONTEXT('2D SPACE',''
  ) );
#3613 = PCURVE('',#1386,#3614);
#3614 = DEFINITIONAL_REPRESENTATION('',(#3615),#3619);
#3615 = LINE('',#3616,#3617);
#3616 = CARTESIAN_POINT('',(-1.507288760336E-14,0.));
#3617 = VECTOR('',#3618,1.);
#3618 = DIRECTION('',(0.,-1.));
#3619 = ( GEOMETRIC_REPRESENTATION_CONTEXT(2) 
PARAMETRIC_REPRESENTATION_CONTEXT() REPRESENTATION_CONTEXT('2D SPACE',''
  ) );
#3620 = ORIENTED_EDGE('',*,*,#3621,.T.);
#3621 = EDGE_CURVE('',#3599,#3497,#3622,.T.);
#3622 = SURFACE_CURVE('',#3623,(#3628,#3635),.PCURVE_S1.);
#3623 = CIRCLE('',#3624,1.5);
#3624 = AXIS2_PLACEMENT_3D('',#3625,#3626,#3627);
#3625 = CARTESIAN_POINT('',(-15.58578643812,72.077104892505,
    8.826240833058));
#3626 = DIRECTION('',(8.673617379884E-19,9.138395397176E-03,
    -0.999958243993));
#3627 = DIRECTION('',(-0.707106781187,-0.707077255231,
    -6.461821354507E-03));
#3628 = PCURVE('',#1419,#3629);
#3629 = DEFINITIONAL_REPRESENTATION('',(#3630),#3634);
#3630 = LINE('',#3631,#3632);
#3631 = CARTESIAN_POINT('',(-0.,-2.4));
#3632 = VECTOR('',#3633,1.);
#3633 = DIRECTION('',(-1.,0.));
#3634 = ( GEOMETRIC_REPRESENTATION_CONTEXT(2) 
PARAMETRIC_REPRESENTATION_CONTEXT() REPRESENTATION_CONTEXT('2D SPACE',''
  ) );
#3635 = PCURVE('',#389,#3636);
#3636 = DEFINITIONAL_REPRESENTATION('',(#3637),#3645);
#3637 = ( BOUNDED_CURVE() B_SPLINE_CURVE(2,(#3638,#3639,#3640,#3641,
#3642,#3643,#3644),.UNSPECIFIED.,.T.,.F.) B_SPLINE_CURVE_WITH_KNOTS((1,2
    ,2,2,2,1),(-2.094395102393,0.,2.094395102393,4.188790204786,
6.28318530718,8.377580409573),.UNSPECIFIED.) CURVE() 
GEOMETRIC_REPRESENTATION_ITEM() RATIONAL_B_SPLINE_CURVE((1.,0.5,1.,0.5,
1.,0.5,1.)) REPRESENTATION_ITEM('') );
#3638 = CARTESIAN_POINT('',(-16.64644660572,39.353553390593));
#3639 = CARTESIAN_POINT('',(-18.48356391281,41.190670697681));
#3640 = CARTESIAN_POINT('',(-15.9740150016,41.863102301807));
#3641 = CARTESIAN_POINT('',(-13.46446609038,42.535533905933));
#3642 = CARTESIAN_POINT('',(-14.13689769451,40.025984994719));
#3643 = CARTESIAN_POINT('',(-14.80932929863,37.516436083506));
#3644 = CARTESIAN_POINT('',(-16.64644660572,39.353553390593));
#3645 = ( GEOMETRIC_REPRESENTATION_CONTEXT(2) 
PARAMETRIC_REPRESENTATION_CONTEXT() REPRESENTATION_CONTEXT('2D SPACE',''
  ) );
#3646 = ORIENTED_EDGE('',*,*,#3519,.F.);
#3647 = ORIENTED_EDGE('',*,*,#1398,.F.);
#3648 = ADVANCED_FACE('',(#3649),#1386,.F.);
#3649 = FACE_BOUND('',#3650,.F.);
#3650 = EDGE_LOOP('',(#3651,#3652,#3673,#3674));
#3651 = ORIENTED_EDGE('',*,*,#3598,.T.);
#3652 = ORIENTED_EDGE('',*,*,#3653,.T.);
#3653 = EDGE_CURVE('',#3599,#3546,#3654,.T.);
#3654 = SURFACE_CURVE('',#3655,(#3659,#3666),.PCURVE_S1.);
#3655 = LINE('',#3656,#3657);
#3656 = CARTESIAN_POINT('',(-16.64644660989,73.137720775352,
    8.835933565089));
#3657 = VECTOR('',#3658,1.);
#3658 = DIRECTION('',(-0.707106781187,-0.707077255231,
    -6.461821354507E-03));
#3659 = PCURVE('',#1386,#3660);
#3660 = DEFINITIONAL_REPRESENTATION('',(#3661),#3665);
#3661 = LINE('',#3662,#3663);
#3662 = CARTESIAN_POINT('',(-0.,-2.4));
#3663 = VECTOR('',#3664,1.);
#3664 = DIRECTION('',(1.,0.));
#3665 = ( GEOMETRIC_REPRESENTATION_CONTEXT(2) 
PARAMETRIC_REPRESENTATION_CONTEXT() REPRESENTATION_CONTEXT('2D SPACE',''
  ) );
#3666 = PCURVE('',#389,#3667);
#3667 = DEFINITIONAL_REPRESENTATION('',(#3668),#3672);
#3668 = LINE('',#3669,#3670);
#3669 = CARTESIAN_POINT('',(-16.64644660572,41.474873734153));
#3670 = VECTOR('',#3671,1.);
#3671 = DIRECTION('',(-0.707106781187,-0.707106781187));
#3672 = ( GEOMETRIC_REPRESENTATION_CONTEXT(2) 
PARAMETRIC_REPRESENTATION_CONTEXT() REPRESENTATION_CONTEXT('2D SPACE',''
  ) );
#3673 = ORIENTED_EDGE('',*,*,#3573,.F.);
#3674 = ORIENTED_EDGE('',*,*,#1368,.F.);
#3675 = ADVANCED_FACE('',(#3676),#1323,.F.);
#3676 = FACE_BOUND('',#3677,.F.);
#3677 = EDGE_LOOP('',(#3678,#3701,#3724,#3745));
#3678 = ORIENTED_EDGE('',*,*,#3679,.T.);
#3679 = EDGE_CURVE('',#1308,#3680,#3682,.T.);
#3680 = VERTEX_POINT('',#3681);
#3681 = CARTESIAN_POINT('',(-31.35355339108,68.188179988736,
    8.790700815608));
#3682 = SURFACE_CURVE('',#3683,(#3687,#3694),.PCURVE_S1.);
#3683 = LINE('',#3684,#3685);
#3684 = CARTESIAN_POINT('',(-31.35355339108,68.166247839783,
    11.190600601191));
#3685 = VECTOR('',#3686,1.);
#3686 = DIRECTION('',(0.,9.138395397176E-03,-0.999958243993));
#3687 = PCURVE('',#1323,#3688);
#3688 = DEFINITIONAL_REPRESENTATION('',(#3689),#3693);
#3689 = LINE('',#3690,#3691);
#3690 = CARTESIAN_POINT('',(-1.507288760336E-14,0.));
#3691 = VECTOR('',#3692,1.);
#3692 = DIRECTION('',(0.,-1.));
#3693 = ( GEOMETRIC_REPRESENTATION_CONTEXT(2) 
PARAMETRIC_REPRESENTATION_CONTEXT() REPRESENTATION_CONTEXT('2D SPACE',''
  ) );
#3694 = PCURVE('',#1354,#3695);
#3695 = DEFINITIONAL_REPRESENTATION('',(#3696),#3700);
#3696 = LINE('',#3697,#3698);
#3697 = CARTESIAN_POINT('',(-1.570796326795,0.));
#3698 = VECTOR('',#3699,1.);
#3699 = DIRECTION('',(-0.,-1.));
#3700 = ( GEOMETRIC_REPRESENTATION_CONTEXT(2) 
PARAMETRIC_REPRESENTATION_CONTEXT() REPRESENTATION_CONTEXT('2D SPACE',''
  ) );
#3701 = ORIENTED_EDGE('',*,*,#3702,.T.);
#3702 = EDGE_CURVE('',#3680,#3703,#3705,.T.);
#3703 = VERTEX_POINT('',#3704);
#3704 = CARTESIAN_POINT('',(-28.52512626634,71.016489009659,
    8.816548101026));
#3705 = SURFACE_CURVE('',#3706,(#3710,#3717),.PCURVE_S1.);
#3706 = LINE('',#3707,#3708);
#3707 = CARTESIAN_POINT('',(-31.35355339108,68.188179988736,
    8.790700815608));
#3708 = VECTOR('',#3709,1.);
#3709 = DIRECTION('',(0.707106781187,0.707077255231,6.461821354507E-03)
  );
#3710 = PCURVE('',#1323,#3711);
#3711 = DEFINITIONAL_REPRESENTATION('',(#3712),#3716);
#3712 = LINE('',#3713,#3714);
#3713 = CARTESIAN_POINT('',(0.,-2.4));
#3714 = VECTOR('',#3715,1.);
#3715 = DIRECTION('',(1.,0.));
#3716 = ( GEOMETRIC_REPRESENTATION_CONTEXT(2) 
PARAMETRIC_REPRESENTATION_CONTEXT() REPRESENTATION_CONTEXT('2D SPACE',''
  ) );
#3717 = PCURVE('',#389,#3718);
#3718 = DEFINITIONAL_REPRESENTATION('',(#3719),#3723);
#3719 = LINE('',#3720,#3721);
#3720 = CARTESIAN_POINT('',(-31.35355338691,36.525126265847));
#3721 = VECTOR('',#3722,1.);
#3722 = DIRECTION('',(0.707106781187,0.707106781187));
#3723 = ( GEOMETRIC_REPRESENTATION_CONTEXT(2) 
PARAMETRIC_REPRESENTATION_CONTEXT() REPRESENTATION_CONTEXT('2D SPACE',''
  ) );
#3724 = ORIENTED_EDGE('',*,*,#3725,.F.);
#3725 = EDGE_CURVE('',#1275,#3703,#3726,.T.);
#3726 = SURFACE_CURVE('',#3727,(#3731,#3738),.PCURVE_S1.);
#3727 = LINE('',#3728,#3729);
#3728 = CARTESIAN_POINT('',(-28.52512626634,70.994556860706,
    11.216447886609));
#3729 = VECTOR('',#3730,1.);
#3730 = DIRECTION('',(0.,9.138395397176E-03,-0.999958243993));
#3731 = PCURVE('',#1323,#3732);
#3732 = DEFINITIONAL_REPRESENTATION('',(#3733),#3737);
#3733 = LINE('',#3734,#3735);
#3734 = CARTESIAN_POINT('',(4.,0.));
#3735 = VECTOR('',#3736,1.);
#3736 = DIRECTION('',(0.,-1.));
#3737 = ( GEOMETRIC_REPRESENTATION_CONTEXT(2) 
PARAMETRIC_REPRESENTATION_CONTEXT() REPRESENTATION_CONTEXT('2D SPACE',''
  ) );
#3738 = PCURVE('',#1295,#3739);
#3739 = DEFINITIONAL_REPRESENTATION('',(#3740),#3744);
#3740 = LINE('',#3741,#3742);
#3741 = CARTESIAN_POINT('',(-4.712388980385,0.));
#3742 = VECTOR('',#3743,1.);
#3743 = DIRECTION('',(-0.,-1.));
#3744 = ( GEOMETRIC_REPRESENTATION_CONTEXT(2) 
PARAMETRIC_REPRESENTATION_CONTEXT() REPRESENTATION_CONTEXT('2D SPACE',''
  ) );
#3745 = ORIENTED_EDGE('',*,*,#1307,.F.);
#3746 = ADVANCED_FACE('',(#3747),#1354,.F.);
#3747 = FACE_BOUND('',#3748,.T.);
#3748 = EDGE_LOOP('',(#3749,#3750,#3778,#3799));
#3749 = ORIENTED_EDGE('',*,*,#3679,.T.);
#3750 = ORIENTED_EDGE('',*,*,#3751,.T.);
#3751 = EDGE_CURVE('',#3680,#3752,#3754,.T.);
#3752 = VERTEX_POINT('',#3753);
#3753 = CARTESIAN_POINT('',(-33.47487373464,70.309411754428,
    8.810086279671));
#3754 = SURFACE_CURVE('',#3755,(#3760,#3767),.PCURVE_S1.);
#3755 = CIRCLE('',#3756,1.5);
#3756 = AXIS2_PLACEMENT_3D('',#3757,#3758,#3759);
#3757 = CARTESIAN_POINT('',(-32.41421356286,69.248795871582,
    8.80039354764));
#3758 = DIRECTION('',(8.673617379884E-19,9.138395397176E-03,
    -0.999958243993));
#3759 = DIRECTION('',(0.707106781187,0.707077255231,6.461821354507E-03)
  );
#3760 = PCURVE('',#1354,#3761);
#3761 = DEFINITIONAL_REPRESENTATION('',(#3762),#3766);
#3762 = LINE('',#3763,#3764);
#3763 = CARTESIAN_POINT('',(-0.,-2.4));
#3764 = VECTOR('',#3765,1.);
#3765 = DIRECTION('',(-1.,0.));
#3766 = ( GEOMETRIC_REPRESENTATION_CONTEXT(2) 
PARAMETRIC_REPRESENTATION_CONTEXT() REPRESENTATION_CONTEXT('2D SPACE',''
  ) );
#3767 = PCURVE('',#389,#3768);
#3768 = DEFINITIONAL_REPRESENTATION('',(#3769),#3777);
#3769 = ( BOUNDED_CURVE() B_SPLINE_CURVE(2,(#3770,#3771,#3772,#3773,
#3774,#3775,#3776),.UNSPECIFIED.,.T.,.F.) B_SPLINE_CURVE_WITH_KNOTS((1,2
    ,2,2,2,1),(-2.094395102393,0.,2.094395102393,4.188790204786,
6.28318530718,8.377580409573),.UNSPECIFIED.) CURVE() 
GEOMETRIC_REPRESENTATION_ITEM() RATIONAL_B_SPLINE_CURVE((1.,0.5,1.,0.5,
1.,0.5,1.)) REPRESENTATION_ITEM('') );
#3770 = CARTESIAN_POINT('',(-31.35355338691,38.646446609407));
#3771 = CARTESIAN_POINT('',(-29.51643607982,36.809329302319));
#3772 = CARTESIAN_POINT('',(-32.02598499103,36.136897698193));
#3773 = CARTESIAN_POINT('',(-34.53553390225,35.464466094067));
#3774 = CARTESIAN_POINT('',(-33.86310229812,37.974015005281));
#3775 = CARTESIAN_POINT('',(-33.190670694,40.483563916494));
#3776 = CARTESIAN_POINT('',(-31.35355338691,38.646446609407));
#3777 = ( GEOMETRIC_REPRESENTATION_CONTEXT(2) 
PARAMETRIC_REPRESENTATION_CONTEXT() REPRESENTATION_CONTEXT('2D SPACE',''
  ) );
#3778 = ORIENTED_EDGE('',*,*,#3779,.F.);
#3779 = EDGE_CURVE('',#1247,#3752,#3780,.T.);
#3780 = SURFACE_CURVE('',#3781,(#3785,#3792),.PCURVE_S1.);
#3781 = LINE('',#3782,#3783);
#3782 = CARTESIAN_POINT('',(-33.47487373464,70.287479605475,
    11.209986065255));
#3783 = VECTOR('',#3784,1.);
#3784 = DIRECTION('',(0.,9.138395397176E-03,-0.999958243993));
#3785 = PCURVE('',#1354,#3786);
#3786 = DEFINITIONAL_REPRESENTATION('',(#3787),#3791);
#3787 = LINE('',#3788,#3789);
#3788 = CARTESIAN_POINT('',(-4.712388980385,0.));
#3789 = VECTOR('',#3790,1.);
#3790 = DIRECTION('',(-0.,-1.));
#3791 = ( GEOMETRIC_REPRESENTATION_CONTEXT(2) 
PARAMETRIC_REPRESENTATION_CONTEXT() REPRESENTATION_CONTEXT('2D SPACE',''
  ) );
#3792 = PCURVE('',#1262,#3793);
#3793 = DEFINITIONAL_REPRESENTATION('',(#3794),#3798);
#3794 = LINE('',#3795,#3796);
#3795 = CARTESIAN_POINT('',(4.,0.));
#3796 = VECTOR('',#3797,1.);
#3797 = DIRECTION('',(0.,-1.));
#3798 = ( GEOMETRIC_REPRESENTATION_CONTEXT(2) 
PARAMETRIC_REPRESENTATION_CONTEXT() REPRESENTATION_CONTEXT('2D SPACE',''
  ) );
#3799 = ORIENTED_EDGE('',*,*,#1335,.F.);
#3800 = ADVANCED_FACE('',(#3801),#1295,.F.);
#3801 = FACE_BOUND('',#3802,.T.);
#3802 = EDGE_LOOP('',(#3803,#3826,#3852,#3853));
#3803 = ORIENTED_EDGE('',*,*,#3804,.T.);
#3804 = EDGE_CURVE('',#1245,#3805,#3807,.T.);
#3805 = VERTEX_POINT('',#3806);
#3806 = CARTESIAN_POINT('',(-30.64644660989,73.137720775352,
    8.835933565089));
#3807 = SURFACE_CURVE('',#3808,(#3812,#3819),.PCURVE_S1.);
#3808 = LINE('',#3809,#3810);
#3809 = CARTESIAN_POINT('',(-30.64644660989,73.115788626398,
    11.235833350673));
#3810 = VECTOR('',#3811,1.);
#3811 = DIRECTION('',(0.,9.138395397176E-03,-0.999958243993));
#3812 = PCURVE('',#1295,#3813);
#3813 = DEFINITIONAL_REPRESENTATION('',(#3814),#3818);
#3814 = LINE('',#3815,#3816);
#3815 = CARTESIAN_POINT('',(-1.570796326795,0.));
#3816 = VECTOR('',#3817,1.);
#3817 = DIRECTION('',(-0.,-1.));
#3818 = ( GEOMETRIC_REPRESENTATION_CONTEXT(2) 
PARAMETRIC_REPRESENTATION_CONTEXT() REPRESENTATION_CONTEXT('2D SPACE',''
  ) );
#3819 = PCURVE('',#1262,#3820);
#3820 = DEFINITIONAL_REPRESENTATION('',(#3821),#3825);
#3821 = LINE('',#3822,#3823);
#3822 = CARTESIAN_POINT('',(-1.507288760336E-14,0.));
#3823 = VECTOR('',#3824,1.);
#3824 = DIRECTION('',(0.,-1.));
#3825 = ( GEOMETRIC_REPRESENTATION_CONTEXT(2) 
PARAMETRIC_REPRESENTATION_CONTEXT() REPRESENTATION_CONTEXT('2D SPACE',''
  ) );
#3826 = ORIENTED_EDGE('',*,*,#3827,.T.);
#3827 = EDGE_CURVE('',#3805,#3703,#3828,.T.);
#3828 = SURFACE_CURVE('',#3829,(#3834,#3841),.PCURVE_S1.);
#3829 = CIRCLE('',#3830,1.5);
#3830 = AXIS2_PLACEMENT_3D('',#3831,#3832,#3833);
#3831 = CARTESIAN_POINT('',(-29.58578643812,72.077104892505,
    8.826240833058));
#3832 = DIRECTION('',(8.673617379884E-19,9.138395397176E-03,
    -0.999958243993));
#3833 = DIRECTION('',(-0.707106781187,-0.707077255231,
    -6.461821354507E-03));
#3834 = PCURVE('',#1295,#3835);
#3835 = DEFINITIONAL_REPRESENTATION('',(#3836),#3840);
#3836 = LINE('',#3837,#3838);
#3837 = CARTESIAN_POINT('',(-0.,-2.4));
#3838 = VECTOR('',#3839,1.);
#3839 = DIRECTION('',(-1.,0.));
#3840 = ( GEOMETRIC_REPRESENTATION_CONTEXT(2) 
PARAMETRIC_REPRESENTATION_CONTEXT() REPRESENTATION_CONTEXT('2D SPACE',''
  ) );
#3841 = PCURVE('',#389,#3842);
#3842 = DEFINITIONAL_REPRESENTATION('',(#3843),#3851);
#3843 = ( BOUNDED_CURVE() B_SPLINE_CURVE(2,(#3844,#3845,#3846,#3847,
#3848,#3849,#3850),.UNSPECIFIED.,.T.,.F.) B_SPLINE_CURVE_WITH_KNOTS((1,2
    ,2,2,2,1),(-2.094395102393,0.,2.094395102393,4.188790204786,
6.28318530718,8.377580409573),.UNSPECIFIED.) CURVE() 
GEOMETRIC_REPRESENTATION_ITEM() RATIONAL_B_SPLINE_CURVE((1.,0.5,1.,0.5,
1.,0.5,1.)) REPRESENTATION_ITEM('') );
#3844 = CARTESIAN_POINT('',(-30.64644660572,39.353553390593));
#3845 = CARTESIAN_POINT('',(-32.48356391281,41.190670697681));
#3846 = CARTESIAN_POINT('',(-29.9740150016,41.863102301807));
#3847 = CARTESIAN_POINT('',(-27.46446609038,42.535533905933));
#3848 = CARTESIAN_POINT('',(-28.13689769451,40.025984994719));
#3849 = CARTESIAN_POINT('',(-28.80932929863,37.516436083506));
#3850 = CARTESIAN_POINT('',(-30.64644660572,39.353553390593));
#3851 = ( GEOMETRIC_REPRESENTATION_CONTEXT(2) 
PARAMETRIC_REPRESENTATION_CONTEXT() REPRESENTATION_CONTEXT('2D SPACE',''
  ) );
#3852 = ORIENTED_EDGE('',*,*,#3725,.F.);
#3853 = ORIENTED_EDGE('',*,*,#1274,.F.);
#3854 = ADVANCED_FACE('',(#3855),#1262,.F.);
#3855 = FACE_BOUND('',#3856,.F.);
#3856 = EDGE_LOOP('',(#3857,#3858,#3879,#3880));
#3857 = ORIENTED_EDGE('',*,*,#3804,.T.);
#3858 = ORIENTED_EDGE('',*,*,#3859,.T.);
#3859 = EDGE_CURVE('',#3805,#3752,#3860,.T.);
#3860 = SURFACE_CURVE('',#3861,(#3865,#3872),.PCURVE_S1.);
#3861 = LINE('',#3862,#3863);
#3862 = CARTESIAN_POINT('',(-30.64644660989,73.137720775352,
    8.835933565089));
#3863 = VECTOR('',#3864,1.);
#3864 = DIRECTION('',(-0.707106781187,-0.707077255231,
    -6.461821354507E-03));
#3865 = PCURVE('',#1262,#3866);
#3866 = DEFINITIONAL_REPRESENTATION('',(#3867),#3871);
#3867 = LINE('',#3868,#3869);
#3868 = CARTESIAN_POINT('',(-0.,-2.4));
#3869 = VECTOR('',#3870,1.);
#3870 = DIRECTION('',(1.,0.));
#3871 = ( GEOMETRIC_REPRESENTATION_CONTEXT(2) 
PARAMETRIC_REPRESENTATION_CONTEXT() REPRESENTATION_CONTEXT('2D SPACE',''
  ) );
#3872 = PCURVE('',#389,#3873);
#3873 = DEFINITIONAL_REPRESENTATION('',(#3874),#3878);
#3874 = LINE('',#3875,#3876);
#3875 = CARTESIAN_POINT('',(-30.64644660572,41.474873734153));
#3876 = VECTOR('',#3877,1.);
#3877 = DIRECTION('',(-0.707106781187,-0.707106781187));
#3878 = ( GEOMETRIC_REPRESENTATION_CONTEXT(2) 
PARAMETRIC_REPRESENTATION_CONTEXT() REPRESENTATION_CONTEXT('2D SPACE',''
  ) );
#3879 = ORIENTED_EDGE('',*,*,#3779,.F.);
#3880 = ORIENTED_EDGE('',*,*,#1244,.F.);
#3881 = ADVANCED_FACE('',(#3882),#1199,.F.);
#3882 = FACE_BOUND('',#3883,.F.);
#3883 = EDGE_LOOP('',(#3884,#3907,#3930,#3951));
#3884 = ORIENTED_EDGE('',*,*,#3885,.T.);
#3885 = EDGE_CURVE('',#1184,#3886,#3888,.T.);
#3886 = VERTEX_POINT('',#3887);
#3887 = CARTESIAN_POINT('',(-25.35355339108,56.18868106082,
    8.681040070842));
#3888 = SURFACE_CURVE('',#3889,(#3893,#3900),.PCURVE_S1.);
#3889 = LINE('',#3890,#3891);
#3890 = CARTESIAN_POINT('',(-25.35355339108,56.166748911867,
    11.080939856425));
#3891 = VECTOR('',#3892,1.);
#3892 = DIRECTION('',(0.,9.138395397176E-03,-0.999958243993));
#3893 = PCURVE('',#1199,#3894);
#3894 = DEFINITIONAL_REPRESENTATION('',(#3895),#3899);
#3895 = LINE('',#3896,#3897);
#3896 = CARTESIAN_POINT('',(-5.024295867788E-15,0.));
#3897 = VECTOR('',#3898,1.);
#3898 = DIRECTION('',(0.,-1.));
#3899 = ( GEOMETRIC_REPRESENTATION_CONTEXT(2) 
PARAMETRIC_REPRESENTATION_CONTEXT() REPRESENTATION_CONTEXT('2D SPACE',''
  ) );
#3900 = PCURVE('',#1230,#3901);
#3901 = DEFINITIONAL_REPRESENTATION('',(#3902),#3906);
#3902 = LINE('',#3903,#3904);
#3903 = CARTESIAN_POINT('',(-1.570796326795,0.));
#3904 = VECTOR('',#3905,1.);
#3905 = DIRECTION('',(-0.,-1.));
#3906 = ( GEOMETRIC_REPRESENTATION_CONTEXT(2) 
PARAMETRIC_REPRESENTATION_CONTEXT() REPRESENTATION_CONTEXT('2D SPACE',''
  ) );
#3907 = ORIENTED_EDGE('',*,*,#3908,.T.);
#3908 = EDGE_CURVE('',#3886,#3909,#3911,.T.);
#3909 = VERTEX_POINT('',#3910);
#3910 = CARTESIAN_POINT('',(-22.52512626634,59.016990081743,
    8.70688735626));
#3911 = SURFACE_CURVE('',#3912,(#3916,#3923),.PCURVE_S1.);
#3912 = LINE('',#3913,#3914);
#3913 = CARTESIAN_POINT('',(-25.35355339108,56.18868106082,
    8.681040070842));
#3914 = VECTOR('',#3915,1.);
#3915 = DIRECTION('',(0.707106781187,0.707077255231,6.461821354507E-03)
  );
#3916 = PCURVE('',#1199,#3917);
#3917 = DEFINITIONAL_REPRESENTATION('',(#3918),#3922);
#3918 = LINE('',#3919,#3920);
#3919 = CARTESIAN_POINT('',(0.,-2.4));
#3920 = VECTOR('',#3921,1.);
#3921 = DIRECTION('',(1.,0.));
#3922 = ( GEOMETRIC_REPRESENTATION_CONTEXT(2) 
PARAMETRIC_REPRESENTATION_CONTEXT() REPRESENTATION_CONTEXT('2D SPACE',''
  ) );
#3923 = PCURVE('',#389,#3924);
#3924 = DEFINITIONAL_REPRESENTATION('',(#3925),#3929);
#3925 = LINE('',#3926,#3927);
#3926 = CARTESIAN_POINT('',(-25.35355338691,24.525126265847));
#3927 = VECTOR('',#3928,1.);
#3928 = DIRECTION('',(0.707106781187,0.707106781187));
#3929 = ( GEOMETRIC_REPRESENTATION_CONTEXT(2) 
PARAMETRIC_REPRESENTATION_CONTEXT() REPRESENTATION_CONTEXT('2D SPACE',''
  ) );
#3930 = ORIENTED_EDGE('',*,*,#3931,.F.);
#3931 = EDGE_CURVE('',#1151,#3909,#3932,.T.);
#3932 = SURFACE_CURVE('',#3933,(#3937,#3944),.PCURVE_S1.);
#3933 = LINE('',#3934,#3935);
#3934 = CARTESIAN_POINT('',(-22.52512626634,58.99505793279,
    11.106787141843));
#3935 = VECTOR('',#3936,1.);
#3936 = DIRECTION('',(0.,9.138395397176E-03,-0.999958243993));
#3937 = PCURVE('',#1199,#3938);
#3938 = DEFINITIONAL_REPRESENTATION('',(#3939),#3943);
#3939 = LINE('',#3940,#3941);
#3940 = CARTESIAN_POINT('',(4.,0.));
#3941 = VECTOR('',#3942,1.);
#3942 = DIRECTION('',(0.,-1.));
#3943 = ( GEOMETRIC_REPRESENTATION_CONTEXT(2) 
PARAMETRIC_REPRESENTATION_CONTEXT() REPRESENTATION_CONTEXT('2D SPACE',''
  ) );
#3944 = PCURVE('',#1171,#3945);
#3945 = DEFINITIONAL_REPRESENTATION('',(#3946),#3950);
#3946 = LINE('',#3947,#3948);
#3947 = CARTESIAN_POINT('',(-4.712388980385,0.));
#3948 = VECTOR('',#3949,1.);
#3949 = DIRECTION('',(-0.,-1.));
#3950 = ( GEOMETRIC_REPRESENTATION_CONTEXT(2) 
PARAMETRIC_REPRESENTATION_CONTEXT() REPRESENTATION_CONTEXT('2D SPACE',''
  ) );
#3951 = ORIENTED_EDGE('',*,*,#1183,.F.);
#3952 = ADVANCED_FACE('',(#3953),#1230,.F.);
#3953 = FACE_BOUND('',#3954,.T.);
#3954 = EDGE_LOOP('',(#3955,#3956,#3984,#4005));
#3955 = ORIENTED_EDGE('',*,*,#3885,.T.);
#3956 = ORIENTED_EDGE('',*,*,#3957,.T.);
#3957 = EDGE_CURVE('',#3886,#3958,#3960,.T.);
#3958 = VERTEX_POINT('',#3959);
#3959 = CARTESIAN_POINT('',(-27.47487373464,58.309912826512,
    8.700425534905));
#3960 = SURFACE_CURVE('',#3961,(#3966,#3973),.PCURVE_S1.);
#3961 = CIRCLE('',#3962,1.5);
#3962 = AXIS2_PLACEMENT_3D('',#3963,#3964,#3965);
#3963 = CARTESIAN_POINT('',(-26.41421356286,57.249296943666,
    8.690732802874));
#3964 = DIRECTION('',(8.673617379884E-19,9.138395397176E-03,
    -0.999958243993));
#3965 = DIRECTION('',(0.707106781187,0.707077255231,6.461821354507E-03)
  );
#3966 = PCURVE('',#1230,#3967);
#3967 = DEFINITIONAL_REPRESENTATION('',(#3968),#3972);
#3968 = LINE('',#3969,#3970);
#3969 = CARTESIAN_POINT('',(-0.,-2.4));
#3970 = VECTOR('',#3971,1.);
#3971 = DIRECTION('',(-1.,0.));
#3972 = ( GEOMETRIC_REPRESENTATION_CONTEXT(2) 
PARAMETRIC_REPRESENTATION_CONTEXT() REPRESENTATION_CONTEXT('2D SPACE',''
  ) );
#3973 = PCURVE('',#389,#3974);
#3974 = DEFINITIONAL_REPRESENTATION('',(#3975),#3983);
#3975 = ( BOUNDED_CURVE() B_SPLINE_CURVE(2,(#3976,#3977,#3978,#3979,
#3980,#3981,#3982),.UNSPECIFIED.,.T.,.F.) B_SPLINE_CURVE_WITH_KNOTS((1,2
    ,2,2,2,1),(-2.094395102393,0.,2.094395102393,4.188790204786,
6.28318530718,8.377580409573),.UNSPECIFIED.) CURVE() 
GEOMETRIC_REPRESENTATION_ITEM() RATIONAL_B_SPLINE_CURVE((1.,0.5,1.,0.5,
1.,0.5,1.)) REPRESENTATION_ITEM('') );
#3976 = CARTESIAN_POINT('',(-25.35355338691,26.646446609407));
#3977 = CARTESIAN_POINT('',(-23.51643607982,24.809329302319));
#3978 = CARTESIAN_POINT('',(-26.02598499103,24.136897698193));
#3979 = CARTESIAN_POINT('',(-28.53553390225,23.464466094067));
#3980 = CARTESIAN_POINT('',(-27.86310229812,25.974015005281));
#3981 = CARTESIAN_POINT('',(-27.190670694,28.483563916494));
#3982 = CARTESIAN_POINT('',(-25.35355338691,26.646446609407));
#3983 = ( GEOMETRIC_REPRESENTATION_CONTEXT(2) 
PARAMETRIC_REPRESENTATION_CONTEXT() REPRESENTATION_CONTEXT('2D SPACE',''
  ) );
#3984 = ORIENTED_EDGE('',*,*,#3985,.F.);
#3985 = EDGE_CURVE('',#1123,#3958,#3986,.T.);
#3986 = SURFACE_CURVE('',#3987,(#3991,#3998),.PCURVE_S1.);
#3987 = LINE('',#3988,#3989);
#3988 = CARTESIAN_POINT('',(-27.47487373464,58.287980677559,
    11.100325320489));
#3989 = VECTOR('',#3990,1.);
#3990 = DIRECTION('',(0.,9.138395397176E-03,-0.999958243993));
#3991 = PCURVE('',#1230,#3992);
#3992 = DEFINITIONAL_REPRESENTATION('',(#3993),#3997);
#3993 = LINE('',#3994,#3995);
#3994 = CARTESIAN_POINT('',(-4.712388980385,0.));
#3995 = VECTOR('',#3996,1.);
#3996 = DIRECTION('',(-0.,-1.));
#3997 = ( GEOMETRIC_REPRESENTATION_CONTEXT(2) 
PARAMETRIC_REPRESENTATION_CONTEXT() REPRESENTATION_CONTEXT('2D SPACE',''
  ) );
#3998 = PCURVE('',#1138,#3999);
#3999 = DEFINITIONAL_REPRESENTATION('',(#4000),#4004);
#4000 = LINE('',#4001,#4002);
#4001 = CARTESIAN_POINT('',(4.,0.));
#4002 = VECTOR('',#4003,1.);
#4003 = DIRECTION('',(0.,-1.));
#4004 = ( GEOMETRIC_REPRESENTATION_CONTEXT(2) 
PARAMETRIC_REPRESENTATION_CONTEXT() REPRESENTATION_CONTEXT('2D SPACE',''
  ) );
#4005 = ORIENTED_EDGE('',*,*,#1211,.F.);
#4006 = ADVANCED_FACE('',(#4007),#1171,.F.);
#4007 = FACE_BOUND('',#4008,.T.);
#4008 = EDGE_LOOP('',(#4009,#4032,#4058,#4059));
#4009 = ORIENTED_EDGE('',*,*,#4010,.T.);
#4010 = EDGE_CURVE('',#1121,#4011,#4013,.T.);
#4011 = VERTEX_POINT('',#4012);
#4012 = CARTESIAN_POINT('',(-24.64644660989,61.138221847436,
    8.726272820323));
#4013 = SURFACE_CURVE('',#4014,(#4018,#4025),.PCURVE_S1.);
#4014 = LINE('',#4015,#4016);
#4015 = CARTESIAN_POINT('',(-24.64644660989,61.116289698482,
    11.126172605907));
#4016 = VECTOR('',#4017,1.);
#4017 = DIRECTION('',(0.,9.138395397176E-03,-0.999958243993));
#4018 = PCURVE('',#1171,#4019);
#4019 = DEFINITIONAL_REPRESENTATION('',(#4020),#4024);
#4020 = LINE('',#4021,#4022);
#4021 = CARTESIAN_POINT('',(-1.570796326795,0.));
#4022 = VECTOR('',#4023,1.);
#4023 = DIRECTION('',(-0.,-1.));
#4024 = ( GEOMETRIC_REPRESENTATION_CONTEXT(2) 
PARAMETRIC_REPRESENTATION_CONTEXT() REPRESENTATION_CONTEXT('2D SPACE',''
  ) );
#4025 = PCURVE('',#1138,#4026);
#4026 = DEFINITIONAL_REPRESENTATION('',(#4027),#4031);
#4027 = LINE('',#4028,#4029);
#4028 = CARTESIAN_POINT('',(-5.024295867788E-15,0.));
#4029 = VECTOR('',#4030,1.);
#4030 = DIRECTION('',(0.,-1.));
#4031 = ( GEOMETRIC_REPRESENTATION_CONTEXT(2) 
PARAMETRIC_REPRESENTATION_CONTEXT() REPRESENTATION_CONTEXT('2D SPACE',''
  ) );
#4032 = ORIENTED_EDGE('',*,*,#4033,.T.);
#4033 = EDGE_CURVE('',#4011,#3909,#4034,.T.);
#4034 = SURFACE_CURVE('',#4035,(#4040,#4047),.PCURVE_S1.);
#4035 = CIRCLE('',#4036,1.5);
#4036 = AXIS2_PLACEMENT_3D('',#4037,#4038,#4039);
#4037 = CARTESIAN_POINT('',(-23.58578643812,60.077605964589,
    8.716580088292));
#4038 = DIRECTION('',(8.673617379884E-19,9.138395397176E-03,
    -0.999958243993));
#4039 = DIRECTION('',(-0.707106781187,-0.707077255231,
    -6.461821354507E-03));
#4040 = PCURVE('',#1171,#4041);
#4041 = DEFINITIONAL_REPRESENTATION('',(#4042),#4046);
#4042 = LINE('',#4043,#4044);
#4043 = CARTESIAN_POINT('',(-0.,-2.4));
#4044 = VECTOR('',#4045,1.);
#4045 = DIRECTION('',(-1.,0.));
#4046 = ( GEOMETRIC_REPRESENTATION_CONTEXT(2) 
PARAMETRIC_REPRESENTATION_CONTEXT() REPRESENTATION_CONTEXT('2D SPACE',''
  ) );
#4047 = PCURVE('',#389,#4048);
#4048 = DEFINITIONAL_REPRESENTATION('',(#4049),#4057);
#4049 = ( BOUNDED_CURVE() B_SPLINE_CURVE(2,(#4050,#4051,#4052,#4053,
#4054,#4055,#4056),.UNSPECIFIED.,.T.,.F.) B_SPLINE_CURVE_WITH_KNOTS((1,2
    ,2,2,2,1),(-2.094395102393,0.,2.094395102393,4.188790204786,
6.28318530718,8.377580409573),.UNSPECIFIED.) CURVE() 
GEOMETRIC_REPRESENTATION_ITEM() RATIONAL_B_SPLINE_CURVE((1.,0.5,1.,0.5,
1.,0.5,1.)) REPRESENTATION_ITEM('') );
#4050 = CARTESIAN_POINT('',(-24.64644660572,27.353553390593));
#4051 = CARTESIAN_POINT('',(-26.48356391281,29.190670697681));
#4052 = CARTESIAN_POINT('',(-23.9740150016,29.863102301807));
#4053 = CARTESIAN_POINT('',(-21.46446609038,30.535533905933));
#4054 = CARTESIAN_POINT('',(-22.13689769451,28.025984994719));
#4055 = CARTESIAN_POINT('',(-22.80932929863,25.516436083506));
#4056 = CARTESIAN_POINT('',(-24.64644660572,27.353553390593));
#4057 = ( GEOMETRIC_REPRESENTATION_CONTEXT(2) 
PARAMETRIC_REPRESENTATION_CONTEXT() REPRESENTATION_CONTEXT('2D SPACE',''
  ) );
#4058 = ORIENTED_EDGE('',*,*,#3931,.F.);
#4059 = ORIENTED_EDGE('',*,*,#1150,.F.);
#4060 = ADVANCED_FACE('',(#4061),#1138,.F.);
#4061 = FACE_BOUND('',#4062,.F.);
#4062 = EDGE_LOOP('',(#4063,#4064,#4085,#4086));
#4063 = ORIENTED_EDGE('',*,*,#4010,.T.);
#4064 = ORIENTED_EDGE('',*,*,#4065,.T.);
#4065 = EDGE_CURVE('',#4011,#3958,#4066,.T.);
#4066 = SURFACE_CURVE('',#4067,(#4071,#4078),.PCURVE_S1.);
#4067 = LINE('',#4068,#4069);
#4068 = CARTESIAN_POINT('',(-24.64644660989,61.138221847436,
    8.726272820323));
#4069 = VECTOR('',#4070,1.);
#4070 = DIRECTION('',(-0.707106781187,-0.707077255231,
    -6.461821354507E-03));
#4071 = PCURVE('',#1138,#4072);
#4072 = DEFINITIONAL_REPRESENTATION('',(#4073),#4077);
#4073 = LINE('',#4074,#4075);
#4074 = CARTESIAN_POINT('',(-0.,-2.4));
#4075 = VECTOR('',#4076,1.);
#4076 = DIRECTION('',(1.,0.));
#4077 = ( GEOMETRIC_REPRESENTATION_CONTEXT(2) 
PARAMETRIC_REPRESENTATION_CONTEXT() REPRESENTATION_CONTEXT('2D SPACE',''
  ) );
#4078 = PCURVE('',#389,#4079);
#4079 = DEFINITIONAL_REPRESENTATION('',(#4080),#4084);
#4080 = LINE('',#4081,#4082);
#4081 = CARTESIAN_POINT('',(-24.64644660572,29.474873734153));
#4082 = VECTOR('',#4083,1.);
#4083 = DIRECTION('',(-0.707106781187,-0.707106781187));
#4084 = ( GEOMETRIC_REPRESENTATION_CONTEXT(2) 
PARAMETRIC_REPRESENTATION_CONTEXT() REPRESENTATION_CONTEXT('2D SPACE',''
  ) );
#4085 = ORIENTED_EDGE('',*,*,#3985,.F.);
#4086 = ORIENTED_EDGE('',*,*,#1120,.F.);
#4087 = ADVANCED_FACE('',(#4088),#501,.T.);
#4088 = FACE_BOUND('',#4089,.F.);
#4089 = EDGE_LOOP('',(#4090,#4113,#4114,#4137));
#4090 = ORIENTED_EDGE('',*,*,#4091,.T.);
#4091 = EDGE_CURVE('',#4092,#455,#4094,.T.);
#4092 = VERTEX_POINT('',#4093);
#4093 = CARTESIAN_POINT('',(-45.,-15.33345860135,8.027415186192));
#4094 = SURFACE_CURVE('',#4095,(#4099,#4106),.PCURVE_S1.);
#4095 = LINE('',#4096,#4097);
#4096 = CARTESIAN_POINT('',(-45.,-15.33345860135,8.027415186192));
#4097 = VECTOR('',#4098,1.);
#4098 = DIRECTION('',(0.,-9.138395397176E-03,0.999958243993));
#4099 = PCURVE('',#501,#4100);
#4100 = DEFINITIONAL_REPRESENTATION('',(#4101),#4105);
#4101 = LINE('',#4102,#4103);
#4102 = CARTESIAN_POINT('',(-3.14159265359,0.));
#4103 = VECTOR('',#4104,1.);
#4104 = DIRECTION('',(-0.,-1.));
#4105 = ( GEOMETRIC_REPRESENTATION_CONTEXT(2) 
PARAMETRIC_REPRESENTATION_CONTEXT() REPRESENTATION_CONTEXT('2D SPACE',''
  ) );
#4106 = PCURVE('',#472,#4107);
#4107 = DEFINITIONAL_REPRESENTATION('',(#4108),#4112);
#4108 = LINE('',#4109,#4110);
#4109 = CARTESIAN_POINT('',(0.,0.));
#4110 = VECTOR('',#4111,1.);
#4111 = DIRECTION('',(0.,-1.));
#4112 = ( GEOMETRIC_REPRESENTATION_CONTEXT(2) 
PARAMETRIC_REPRESENTATION_CONTEXT() REPRESENTATION_CONTEXT('2D SPACE',''
  ) );
#4113 = ORIENTED_EDGE('',*,*,#484,.T.);
#4114 = ORIENTED_EDGE('',*,*,#4115,.F.);
#4115 = EDGE_CURVE('',#4116,#485,#4118,.T.);
#4116 = VERTEX_POINT('',#4117);
#4117 = CARTESIAN_POINT('',(-42.,-18.33333333333,8.));
#4118 = SURFACE_CURVE('',#4119,(#4123,#4130),.PCURVE_S1.);
#4119 = LINE('',#4120,#4121);
#4120 = CARTESIAN_POINT('',(-42.,-18.33333333333,8.));
#4121 = VECTOR('',#4122,1.);
#4122 = DIRECTION('',(0.,-9.138395397176E-03,0.999958243993));
#4123 = PCURVE('',#501,#4124);
#4124 = DEFINITIONAL_REPRESENTATION('',(#4125),#4129);
#4125 = LINE('',#4126,#4127);
#4126 = CARTESIAN_POINT('',(-4.712388980385,0.));
#4127 = VECTOR('',#4128,1.);
#4128 = DIRECTION('',(-0.,-1.));
#4129 = ( GEOMETRIC_REPRESENTATION_CONTEXT(2) 
PARAMETRIC_REPRESENTATION_CONTEXT() REPRESENTATION_CONTEXT('2D SPACE',''
  ) );
#4130 = PCURVE('',#198,#4131);
#4131 = DEFINITIONAL_REPRESENTATION('',(#4132),#4136);
#4132 = LINE('',#4133,#4134);
#4133 = CARTESIAN_POINT('',(0.,0.));
#4134 = VECTOR('',#4135,1.);
#4135 = DIRECTION('',(0.,-1.));
#4136 = ( GEOMETRIC_REPRESENTATION_CONTEXT(2) 
PARAMETRIC_REPRESENTATION_CONTEXT() REPRESENTATION_CONTEXT('2D SPACE',''
  ) );
#4137 = ORIENTED_EDGE('',*,*,#4138,.F.);
#4138 = EDGE_CURVE('',#4092,#4116,#4139,.T.);
#4139 = SURFACE_CURVE('',#4140,(#4145,#4152),.PCURVE_S1.);
#4140 = CIRCLE('',#4141,3.);
#4141 = AXIS2_PLACEMENT_3D('',#4142,#4143,#4144);
#4142 = CARTESIAN_POINT('',(-42.,-15.33345860135,8.027415186192));
#4143 = DIRECTION('',(0.,-9.138395397176E-03,0.999958243993));
#4144 = DIRECTION('',(1.,0.,0.));
#4145 = PCURVE('',#501,#4146);
#4146 = DEFINITIONAL_REPRESENTATION('',(#4147),#4151);
#4147 = LINE('',#4148,#4149);
#4148 = CARTESIAN_POINT('',(-0.,0.));
#4149 = VECTOR('',#4150,1.);
#4150 = DIRECTION('',(-1.,0.));
#4151 = ( GEOMETRIC_REPRESENTATION_CONTEXT(2) 
PARAMETRIC_REPRESENTATION_CONTEXT() REPRESENTATION_CONTEXT('2D SPACE',''
  ) );
#4152 = PCURVE('',#389,#4153);
#4153 = DEFINITIONAL_REPRESENTATION('',(#4154),#4158);
#4154 = CIRCLE('',#4155,3.);
#4155 = AXIS2_PLACEMENT_2D('',#4156,#4157);
#4156 = CARTESIAN_POINT('',(-41.99999999583,-47.));
#4157 = DIRECTION('',(1.,0.));
#4158 = ( GEOMETRIC_REPRESENTATION_CONTEXT(2) 
PARAMETRIC_REPRESENTATION_CONTEXT() REPRESENTATION_CONTEXT('2D SPACE',''
  ) );
#4159 = ADVANCED_FACE('',(#4160),#577,.F.);
#4160 = FACE_BOUND('',#4161,.F.);
#4161 = EDGE_LOOP('',(#4162,#4185,#4186,#4209));
#4162 = ORIENTED_EDGE('',*,*,#4163,.T.);
#4163 = EDGE_CURVE('',#4164,#538,#4166,.T.);
#4164 = VERTEX_POINT('',#4165);
#4165 = CARTESIAN_POINT('',(44.999999991623,-15.33345860135,
    8.027415186192));
#4166 = SURFACE_CURVE('',#4167,(#4171,#4178),.PCURVE_S1.);
#4167 = LINE('',#4168,#4169);
#4168 = CARTESIAN_POINT('',(44.999999991623,-15.33345860135,
    8.027415186192));
#4169 = VECTOR('',#4170,1.);
#4170 = DIRECTION('',(0.,-9.138395397176E-03,0.999958243993));
#4171 = PCURVE('',#577,#4172);
#4172 = DEFINITIONAL_REPRESENTATION('',(#4173),#4177);
#4173 = LINE('',#4174,#4175);
#4174 = CARTESIAN_POINT('',(0.,0.));
#4175 = VECTOR('',#4176,1.);
#4176 = DIRECTION('',(0.,-1.));
#4177 = ( GEOMETRIC_REPRESENTATION_CONTEXT(2) 
PARAMETRIC_REPRESENTATION_CONTEXT() REPRESENTATION_CONTEXT('2D SPACE',''
  ) );
#4178 = PCURVE('',#439,#4179);
#4179 = DEFINITIONAL_REPRESENTATION('',(#4180),#4184);
#4180 = LINE('',#4181,#4182);
#4181 = CARTESIAN_POINT('',(-6.28318530718,0.));
#4182 = VECTOR('',#4183,1.);
#4183 = DIRECTION('',(-0.,-1.));
#4184 = ( GEOMETRIC_REPRESENTATION_CONTEXT(2) 
PARAMETRIC_REPRESENTATION_CONTEXT() REPRESENTATION_CONTEXT('2D SPACE',''
  ) );
#4185 = ORIENTED_EDGE('',*,*,#561,.T.);
#4186 = ORIENTED_EDGE('',*,*,#4187,.F.);
#4187 = EDGE_CURVE('',#4188,#562,#4190,.T.);
#4188 = VERTEX_POINT('',#4189);
#4189 = CARTESIAN_POINT('',(44.999999991623,78.662616333988,
    8.886424353526));
#4190 = SURFACE_CURVE('',#4191,(#4195,#4202),.PCURVE_S1.);
#4191 = LINE('',#4192,#4193);
#4192 = CARTESIAN_POINT('',(44.999999991623,78.662616333988,
    8.886424353526));
#4193 = VECTOR('',#4194,1.);
#4194 = DIRECTION('',(0.,-9.138395397176E-03,0.999958243993));
#4195 = PCURVE('',#577,#4196);
#4196 = DEFINITIONAL_REPRESENTATION('',(#4197),#4201);
#4197 = LINE('',#4198,#4199);
#4198 = CARTESIAN_POINT('',(94.,0.));
#4199 = VECTOR('',#4200,1.);
#4200 = DIRECTION('',(0.,-1.));
#4201 = ( GEOMETRIC_REPRESENTATION_CONTEXT(2) 
PARAMETRIC_REPRESENTATION_CONTEXT() REPRESENTATION_CONTEXT('2D SPACE',''
  ) );
#4202 = PCURVE('',#606,#4203);
#4203 = DEFINITIONAL_REPRESENTATION('',(#4204),#4208);
#4204 = LINE('',#4205,#4206);
#4205 = CARTESIAN_POINT('',(-0.,0.));
#4206 = VECTOR('',#4207,1.);
#4207 = DIRECTION('',(-0.,-1.));
#4208 = ( GEOMETRIC_REPRESENTATION_CONTEXT(2) 
PARAMETRIC_REPRESENTATION_CONTEXT() REPRESENTATION_CONTEXT('2D SPACE',''
  ) );
#4209 = ORIENTED_EDGE('',*,*,#4210,.F.);
#4210 = EDGE_CURVE('',#4164,#4188,#4211,.T.);
#4211 = SURFACE_CURVE('',#4212,(#4216,#4223),.PCURVE_S1.);
#4212 = LINE('',#4213,#4214);
#4213 = CARTESIAN_POINT('',(45.000000000004,31.664578866317,
    8.456919769859));
#4214 = VECTOR('',#4215,1.);
#4215 = DIRECTION('',(0.,0.999958243993,9.138395397176E-03));
#4216 = PCURVE('',#577,#4217);
#4217 = DEFINITIONAL_REPRESENTATION('',(#4218),#4222);
#4218 = LINE('',#4219,#4220);
#4219 = CARTESIAN_POINT('',(47.,0.));
#4220 = VECTOR('',#4221,1.);
#4221 = DIRECTION('',(1.,0.));
#4222 = ( GEOMETRIC_REPRESENTATION_CONTEXT(2) 
PARAMETRIC_REPRESENTATION_CONTEXT() REPRESENTATION_CONTEXT('2D SPACE',''
  ) );
#4223 = PCURVE('',#389,#4224);
#4224 = DEFINITIONAL_REPRESENTATION('',(#4225),#4229);
#4225 = LINE('',#4226,#4227);
#4226 = CARTESIAN_POINT('',(45.000000004177,1.194874899368E-15));
#4227 = VECTOR('',#4228,1.);
#4228 = DIRECTION('',(0.,1.));
#4229 = ( GEOMETRIC_REPRESENTATION_CONTEXT(2) 
PARAMETRIC_REPRESENTATION_CONTEXT() REPRESENTATION_CONTEXT('2D SPACE',''
  ) );
#4230 = ADVANCED_FACE('',(#4231),#606,.T.);
#4231 = FACE_BOUND('',#4232,.F.);
#4232 = EDGE_LOOP('',(#4233,#4234,#4235,#4258));
#4233 = ORIENTED_EDGE('',*,*,#4187,.T.);
#4234 = ORIENTED_EDGE('',*,*,#589,.T.);
#4235 = ORIENTED_EDGE('',*,*,#4236,.F.);
#4236 = EDGE_CURVE('',#4237,#590,#4239,.T.);
#4237 = VERTEX_POINT('',#4238);
#4238 = CARTESIAN_POINT('',(41.999999983243,81.662491065967,
    8.913839539718));
#4239 = SURFACE_CURVE('',#4240,(#4244,#4251),.PCURVE_S1.);
#4240 = LINE('',#4241,#4242);
#4241 = CARTESIAN_POINT('',(41.999999983243,81.662491065967,
    8.913839539718));
#4242 = VECTOR('',#4243,1.);
#4243 = DIRECTION('',(0.,-9.138395397176E-03,0.999958243993));
#4244 = PCURVE('',#606,#4245);
#4245 = DEFINITIONAL_REPRESENTATION('',(#4246),#4250);
#4246 = LINE('',#4247,#4248);
#4247 = CARTESIAN_POINT('',(-1.570796326795,0.));
#4248 = VECTOR('',#4249,1.);
#4249 = DIRECTION('',(-0.,-1.));
#4250 = ( GEOMETRIC_REPRESENTATION_CONTEXT(2) 
PARAMETRIC_REPRESENTATION_CONTEXT() REPRESENTATION_CONTEXT('2D SPACE',''
  ) );
#4251 = PCURVE('',#634,#4252);
#4252 = DEFINITIONAL_REPRESENTATION('',(#4253),#4257);
#4253 = LINE('',#4254,#4255);
#4254 = CARTESIAN_POINT('',(83.999999983247,0.));
#4255 = VECTOR('',#4256,1.);
#4256 = DIRECTION('',(0.,-1.));
#4257 = ( GEOMETRIC_REPRESENTATION_CONTEXT(2) 
PARAMETRIC_REPRESENTATION_CONTEXT() REPRESENTATION_CONTEXT('2D SPACE',''
  ) );
#4258 = ORIENTED_EDGE('',*,*,#4259,.F.);
#4259 = EDGE_CURVE('',#4188,#4237,#4260,.T.);
#4260 = SURFACE_CURVE('',#4261,(#4266,#4273),.PCURVE_S1.);
#4261 = CIRCLE('',#4262,3.);
#4262 = AXIS2_PLACEMENT_3D('',#4263,#4264,#4265);
#4263 = CARTESIAN_POINT('',(41.999999983243,78.662616333988,
    8.886424353526));
#4264 = DIRECTION('',(0.,-9.138395397176E-03,0.999958243993));
#4265 = DIRECTION('',(1.,0.,0.));
#4266 = PCURVE('',#606,#4267);
#4267 = DEFINITIONAL_REPRESENTATION('',(#4268),#4272);
#4268 = LINE('',#4269,#4270);
#4269 = CARTESIAN_POINT('',(-0.,0.));
#4270 = VECTOR('',#4271,1.);
#4271 = DIRECTION('',(-1.,0.));
#4272 = ( GEOMETRIC_REPRESENTATION_CONTEXT(2) 
PARAMETRIC_REPRESENTATION_CONTEXT() REPRESENTATION_CONTEXT('2D SPACE',''
  ) );
#4273 = PCURVE('',#389,#4274);
#4274 = DEFINITIONAL_REPRESENTATION('',(#4275),#4279);
#4275 = CIRCLE('',#4276,3.);
#4276 = AXIS2_PLACEMENT_2D('',#4277,#4278);
#4277 = CARTESIAN_POINT('',(41.999999987416,47.));
#4278 = DIRECTION('',(1.,0.));
#4279 = ( GEOMETRIC_REPRESENTATION_CONTEXT(2) 
PARAMETRIC_REPRESENTATION_CONTEXT() REPRESENTATION_CONTEXT('2D SPACE',''
  ) );
#4280 = ADVANCED_FACE('',(#4281),#634,.T.);
#4281 = FACE_BOUND('',#4282,.T.);
#4282 = EDGE_LOOP('',(#4283,#4306,#4325,#4326));
#4283 = ORIENTED_EDGE('',*,*,#4284,.F.);
#4284 = EDGE_CURVE('',#4285,#4237,#4287,.T.);
#4285 = VERTEX_POINT('',#4286);
#4286 = CARTESIAN_POINT('',(32.121320343067,81.662491065967,
    8.913839539718));
#4287 = SURFACE_CURVE('',#4288,(#4292,#4299),.PCURVE_S1.);
#4288 = LINE('',#4289,#4290);
#4289 = CARTESIAN_POINT('',(3.545608251443E-12,81.662491065967,
    8.913839539718));
#4290 = VECTOR('',#4291,1.);
#4291 = DIRECTION('',(1.,0.,0.));
#4292 = PCURVE('',#634,#4293);
#4293 = DEFINITIONAL_REPRESENTATION('',(#4294),#4298);
#4294 = LINE('',#4295,#4296);
#4295 = CARTESIAN_POINT('',(42.000000000007,0.));
#4296 = VECTOR('',#4297,1.);
#4297 = DIRECTION('',(1.,0.));
#4298 = ( GEOMETRIC_REPRESENTATION_CONTEXT(2) 
PARAMETRIC_REPRESENTATION_CONTEXT() REPRESENTATION_CONTEXT('2D SPACE',''
  ) );
#4299 = PCURVE('',#389,#4300);
#4300 = DEFINITIONAL_REPRESENTATION('',(#4301),#4305);
#4301 = LINE('',#4302,#4303);
#4302 = CARTESIAN_POINT('',(4.176544879322E-09,50.));
#4303 = VECTOR('',#4304,1.);
#4304 = DIRECTION('',(1.,0.));
#4305 = ( GEOMETRIC_REPRESENTATION_CONTEXT(2) 
PARAMETRIC_REPRESENTATION_CONTEXT() REPRESENTATION_CONTEXT('2D SPACE',''
  ) );
#4306 = ORIENTED_EDGE('',*,*,#4307,.F.);
#4307 = EDGE_CURVE('',#619,#4285,#4308,.T.);
#4308 = SURFACE_CURVE('',#4309,(#4313,#4319),.PCURVE_S1.);
#4309 = LINE('',#4310,#4311);
#4310 = CARTESIAN_POINT('',(32.121320343067,81.65152499149,
    10.113789432509));
#4311 = VECTOR('',#4312,1.);
#4312 = DIRECTION('',(0.,9.138395397176E-03,-0.999958243993));
#4313 = PCURVE('',#634,#4314);
#4314 = DEFINITIONAL_REPRESENTATION('',(#4315),#4318);
#4315 = B_SPLINE_CURVE_WITH_KNOTS('',1,(#4316,#4317),.UNSPECIFIED.,.F.,
  .F.,(2,2),(-1.2,1.2),.PIECEWISE_BEZIER_KNOTS.);
#4316 = CARTESIAN_POINT('',(74.12132034307,-2.4));
#4317 = CARTESIAN_POINT('',(74.12132034307,0.));
#4318 = ( GEOMETRIC_REPRESENTATION_CONTEXT(2) 
PARAMETRIC_REPRESENTATION_CONTEXT() REPRESENTATION_CONTEXT('2D SPACE',''
  ) );
#4319 = PCURVE('',#662,#4320);
#4320 = DEFINITIONAL_REPRESENTATION('',(#4321),#4324);
#4321 = B_SPLINE_CURVE_WITH_KNOTS('',1,(#4322,#4323),.UNSPECIFIED.,.F.,
  .F.,(2,2),(-1.2,1.2),.PIECEWISE_BEZIER_KNOTS.);
#4322 = CARTESIAN_POINT('',(2.085786437627,0.));
#4323 = CARTESIAN_POINT('',(2.085786437627,-2.4));
#4324 = ( GEOMETRIC_REPRESENTATION_CONTEXT(2) 
PARAMETRIC_REPRESENTATION_CONTEXT() REPRESENTATION_CONTEXT('2D SPACE',''
  ) );
#4325 = ORIENTED_EDGE('',*,*,#618,.T.);
#4326 = ORIENTED_EDGE('',*,*,#4236,.F.);
#4327 = ADVANCED_FACE('',(#4328),#662,.F.);
#4328 = FACE_BOUND('',#4329,.F.);
#4329 = EDGE_LOOP('',(#4330,#4331,#4354,#4375));
#4330 = ORIENTED_EDGE('',*,*,#646,.F.);
#4331 = ORIENTED_EDGE('',*,*,#4332,.T.);
#4332 = EDGE_CURVE('',#647,#4333,#4335,.T.);
#4333 = VERTEX_POINT('',#4334);
#4334 = CARTESIAN_POINT('',(30.646446608914,80.187678916652,
    8.900361560374));
#4335 = SURFACE_CURVE('',#4336,(#4340,#4347),.PCURVE_S1.);
#4336 = LINE('',#4337,#4338);
#4337 = CARTESIAN_POINT('',(30.646446608914,80.165746767699,
    11.300261345957));
#4338 = VECTOR('',#4339,1.);
#4339 = DIRECTION('',(0.,9.138395397176E-03,-0.999958243993));
#4340 = PCURVE('',#662,#4341);
#4341 = DEFINITIONAL_REPRESENTATION('',(#4342),#4346);
#4342 = LINE('',#4343,#4344);
#4343 = CARTESIAN_POINT('',(-1.507288760336E-14,0.));
#4344 = VECTOR('',#4345,1.);
#4345 = DIRECTION('',(0.,-1.));
#4346 = ( GEOMETRIC_REPRESENTATION_CONTEXT(2) 
PARAMETRIC_REPRESENTATION_CONTEXT() REPRESENTATION_CONTEXT('2D SPACE',''
  ) );
#4347 = PCURVE('',#695,#4348);
#4348 = DEFINITIONAL_REPRESENTATION('',(#4349),#4353);
#4349 = LINE('',#4350,#4351);
#4350 = CARTESIAN_POINT('',(-1.570796326795,0.));
#4351 = VECTOR('',#4352,1.);
#4352 = DIRECTION('',(-0.,-1.));
#4353 = ( GEOMETRIC_REPRESENTATION_CONTEXT(2) 
PARAMETRIC_REPRESENTATION_CONTEXT() REPRESENTATION_CONTEXT('2D SPACE',''
  ) );
#4354 = ORIENTED_EDGE('',*,*,#4355,.T.);
#4355 = EDGE_CURVE('',#4333,#4285,#4356,.T.);
#4356 = SURFACE_CURVE('',#4357,(#4361,#4368),.PCURVE_S1.);
#4357 = LINE('',#4358,#4359);
#4358 = CARTESIAN_POINT('',(30.646446608914,80.187678916652,
    8.900361560374));
#4359 = VECTOR('',#4360,1.);
#4360 = DIRECTION('',(0.707106781187,0.707077255231,6.461821354507E-03)
  );
#4361 = PCURVE('',#662,#4362);
#4362 = DEFINITIONAL_REPRESENTATION('',(#4363),#4367);
#4363 = LINE('',#4364,#4365);
#4364 = CARTESIAN_POINT('',(0.,-2.4));
#4365 = VECTOR('',#4366,1.);
#4366 = DIRECTION('',(1.,0.));
#4367 = ( GEOMETRIC_REPRESENTATION_CONTEXT(2) 
PARAMETRIC_REPRESENTATION_CONTEXT() REPRESENTATION_CONTEXT('2D SPACE',''
  ) );
#4368 = PCURVE('',#389,#4369);
#4369 = DEFINITIONAL_REPRESENTATION('',(#4370),#4374);
#4370 = LINE('',#4371,#4372);
#4371 = CARTESIAN_POINT('',(30.646446613087,48.525126265847));
#4372 = VECTOR('',#4373,1.);
#4373 = DIRECTION('',(0.707106781187,0.707106781187));
#4374 = ( GEOMETRIC_REPRESENTATION_CONTEXT(2) 
PARAMETRIC_REPRESENTATION_CONTEXT() REPRESENTATION_CONTEXT('2D SPACE',''
  ) );
#4375 = ORIENTED_EDGE('',*,*,#4307,.F.);
#4376 = ADVANCED_FACE('',(#4377),#695,.F.);
#4377 = FACE_BOUND('',#4378,.T.);
#4378 = EDGE_LOOP('',(#4379,#4380,#4381,#4409));
#4379 = ORIENTED_EDGE('',*,*,#674,.F.);
#4380 = ORIENTED_EDGE('',*,*,#4332,.T.);
#4381 = ORIENTED_EDGE('',*,*,#4382,.T.);
#4382 = EDGE_CURVE('',#4333,#4383,#4385,.T.);
#4383 = VERTEX_POINT('',#4384);
#4384 = CARTESIAN_POINT('',(28.144111326457,81.662491065967,
    8.913839539718));
#4385 = SURFACE_CURVE('',#4386,(#4391,#4398),.PCURVE_S1.);
#4386 = CIRCLE('',#4387,1.5);
#4387 = AXIS2_PLACEMENT_3D('',#4388,#4389,#4390);
#4388 = CARTESIAN_POINT('',(29.585786437134,81.248294799498,
    8.910054292406));
#4389 = DIRECTION('',(8.673617379884E-19,9.138395397176E-03,
    -0.999958243993));
#4390 = DIRECTION('',(0.707106781187,0.707077255231,6.461821354507E-03)
  );
#4391 = PCURVE('',#695,#4392);
#4392 = DEFINITIONAL_REPRESENTATION('',(#4393),#4397);
#4393 = LINE('',#4394,#4395);
#4394 = CARTESIAN_POINT('',(-0.,-2.4));
#4395 = VECTOR('',#4396,1.);
#4396 = DIRECTION('',(-1.,0.));
#4397 = ( GEOMETRIC_REPRESENTATION_CONTEXT(2) 
PARAMETRIC_REPRESENTATION_CONTEXT() REPRESENTATION_CONTEXT('2D SPACE',''
  ) );
#4398 = PCURVE('',#389,#4399);
#4399 = DEFINITIONAL_REPRESENTATION('',(#4400),#4408);
#4400 = ( BOUNDED_CURVE() B_SPLINE_CURVE(2,(#4401,#4402,#4403,#4404,
#4405,#4406,#4407),.UNSPECIFIED.,.T.,.F.) B_SPLINE_CURVE_WITH_KNOTS((1,2
    ,2,2,2,1),(-2.094395102393,0.,2.094395102393,4.188790204786,
6.28318530718,8.377580409573),.UNSPECIFIED.) CURVE() 
GEOMETRIC_REPRESENTATION_ITEM() RATIONAL_B_SPLINE_CURVE((1.,0.5,1.,0.5,
1.,0.5,1.)) REPRESENTATION_ITEM('') );
#4401 = CARTESIAN_POINT('',(30.646446613087,50.646446609407));
#4402 = CARTESIAN_POINT('',(32.483563920174,48.809329302319));
#4403 = CARTESIAN_POINT('',(29.974015008961,48.136897698193));
#4404 = CARTESIAN_POINT('',(27.464466097748,47.464466094067));
#4405 = CARTESIAN_POINT('',(28.136897701874,49.974015005281));
#4406 = CARTESIAN_POINT('',(28.809329306,52.483563916494));
#4407 = CARTESIAN_POINT('',(30.646446613087,50.646446609407));
#4408 = ( GEOMETRIC_REPRESENTATION_CONTEXT(2) 
PARAMETRIC_REPRESENTATION_CONTEXT() REPRESENTATION_CONTEXT('2D SPACE',''
  ) );
#4409 = ORIENTED_EDGE('',*,*,#4410,.T.);
#4410 = EDGE_CURVE('',#4383,#675,#4411,.T.);
#4411 = SURFACE_CURVE('',#4412,(#4416,#4422),.PCURVE_S1.);
#4412 = LINE('',#4413,#4414);
#4413 = CARTESIAN_POINT('',(28.144111326457,81.640558917013,
    11.313739325301));
#4414 = VECTOR('',#4415,1.);
#4415 = DIRECTION('',(0.,-9.138395397176E-03,0.999958243993));
#4416 = PCURVE('',#695,#4417);
#4417 = DEFINITIONAL_REPRESENTATION('',(#4418),#4421);
#4418 = B_SPLINE_CURVE_WITH_KNOTS('',1,(#4419,#4420),.UNSPECIFIED.,.F.,
  .F.,(2,2),(-2.4000006,5.999999999062E-07),.PIECEWISE_BEZIER_KNOTS.);
#4419 = CARTESIAN_POINT('',(-4.206768907993,-2.4000006));
#4420 = CARTESIAN_POINT('',(-4.206768907993,5.999999999062E-07));
#4421 = ( GEOMETRIC_REPRESENTATION_CONTEXT(2) 
PARAMETRIC_REPRESENTATION_CONTEXT() REPRESENTATION_CONTEXT('2D SPACE',''
  ) );
#4422 = PCURVE('',#723,#4423);
#4423 = DEFINITIONAL_REPRESENTATION('',(#4424),#4427);
#4424 = B_SPLINE_CURVE_WITH_KNOTS('',1,(#4425,#4426),.UNSPECIFIED.,.F.,
  .F.,(2,2),(-2.4000006,5.999999999062E-07),.PIECEWISE_BEZIER_KNOTS.);
#4425 = CARTESIAN_POINT('',(70.144111326461,5.999999999062E-07));
#4426 = CARTESIAN_POINT('',(70.144111326461,-2.4000006));
#4427 = ( GEOMETRIC_REPRESENTATION_CONTEXT(2) 
PARAMETRIC_REPRESENTATION_CONTEXT() REPRESENTATION_CONTEXT('2D SPACE',''
  ) );
#4428 = ADVANCED_FACE('',(#4429),#723,.T.);
#4429 = FACE_BOUND('',#4430,.T.);
#4430 = EDGE_LOOP('',(#4431,#4454,#4473,#4474));
#4431 = ORIENTED_EDGE('',*,*,#4432,.F.);
#4432 = EDGE_CURVE('',#4433,#4383,#4435,.T.);
#4433 = VERTEX_POINT('',#4434);
#4434 = CARTESIAN_POINT('',(18.121320343067,81.662491065967,
    8.913839539718));
#4435 = SURFACE_CURVE('',#4436,(#4440,#4447),.PCURVE_S1.);
#4436 = LINE('',#4437,#4438);
#4437 = CARTESIAN_POINT('',(3.545608251443E-12,81.662491065967,
    8.913839539718));
#4438 = VECTOR('',#4439,1.);
#4439 = DIRECTION('',(1.,0.,0.));
#4440 = PCURVE('',#723,#4441);
#4441 = DEFINITIONAL_REPRESENTATION('',(#4442),#4446);
#4442 = LINE('',#4443,#4444);
#4443 = CARTESIAN_POINT('',(42.000000000007,0.));
#4444 = VECTOR('',#4445,1.);
#4445 = DIRECTION('',(1.,0.));
#4446 = ( GEOMETRIC_REPRESENTATION_CONTEXT(2) 
PARAMETRIC_REPRESENTATION_CONTEXT() REPRESENTATION_CONTEXT('2D SPACE',''
  ) );
#4447 = PCURVE('',#389,#4448);
#4448 = DEFINITIONAL_REPRESENTATION('',(#4449),#4453);
#4449 = LINE('',#4450,#4451);
#4450 = CARTESIAN_POINT('',(4.176544879322E-09,50.));
#4451 = VECTOR('',#4452,1.);
#4452 = DIRECTION('',(1.,0.));
#4453 = ( GEOMETRIC_REPRESENTATION_CONTEXT(2) 
PARAMETRIC_REPRESENTATION_CONTEXT() REPRESENTATION_CONTEXT('2D SPACE',''
  ) );
#4454 = ORIENTED_EDGE('',*,*,#4455,.F.);
#4455 = EDGE_CURVE('',#708,#4433,#4456,.T.);
#4456 = SURFACE_CURVE('',#4457,(#4461,#4467),.PCURVE_S1.);
#4457 = LINE('',#4458,#4459);
#4458 = CARTESIAN_POINT('',(18.121320343067,81.65152499149,
    10.113789432509));
#4459 = VECTOR('',#4460,1.);
#4460 = DIRECTION('',(0.,9.138395397176E-03,-0.999958243993));
#4461 = PCURVE('',#723,#4462);
#4462 = DEFINITIONAL_REPRESENTATION('',(#4463),#4466);
#4463 = B_SPLINE_CURVE_WITH_KNOTS('',1,(#4464,#4465),.UNSPECIFIED.,.F.,
  .F.,(2,2),(-1.2,1.2),.PIECEWISE_BEZIER_KNOTS.);
#4464 = CARTESIAN_POINT('',(60.12132034307,-2.4));
#4465 = CARTESIAN_POINT('',(60.12132034307,0.));
#4466 = ( GEOMETRIC_REPRESENTATION_CONTEXT(2) 
PARAMETRIC_REPRESENTATION_CONTEXT() REPRESENTATION_CONTEXT('2D SPACE',''
  ) );
#4467 = PCURVE('',#751,#4468);
#4468 = DEFINITIONAL_REPRESENTATION('',(#4469),#4472);
#4469 = B_SPLINE_CURVE_WITH_KNOTS('',1,(#4470,#4471),.UNSPECIFIED.,.F.,
  .F.,(2,2),(-1.2,1.2),.PIECEWISE_BEZIER_KNOTS.);
#4470 = CARTESIAN_POINT('',(2.085786437627,0.));
#4471 = CARTESIAN_POINT('',(2.085786437627,-2.4));
#4472 = ( GEOMETRIC_REPRESENTATION_CONTEXT(2) 
PARAMETRIC_REPRESENTATION_CONTEXT() REPRESENTATION_CONTEXT('2D SPACE',''
  ) );
#4473 = ORIENTED_EDGE('',*,*,#707,.T.);
#4474 = ORIENTED_EDGE('',*,*,#4410,.F.);
#4475 = ADVANCED_FACE('',(#4476),#751,.F.);
#4476 = FACE_BOUND('',#4477,.F.);
#4477 = EDGE_LOOP('',(#4478,#4479,#4502,#4523));
#4478 = ORIENTED_EDGE('',*,*,#735,.F.);
#4479 = ORIENTED_EDGE('',*,*,#4480,.T.);
#4480 = EDGE_CURVE('',#736,#4481,#4483,.T.);
#4481 = VERTEX_POINT('',#4482);
#4482 = CARTESIAN_POINT('',(16.646446608914,80.187678916652,
    8.900361560374));
#4483 = SURFACE_CURVE('',#4484,(#4488,#4495),.PCURVE_S1.);
#4484 = LINE('',#4485,#4486);
#4485 = CARTESIAN_POINT('',(16.646446608914,80.165746767699,
    11.300261345957));
#4486 = VECTOR('',#4487,1.);
#4487 = DIRECTION('',(0.,9.138395397176E-03,-0.999958243993));
#4488 = PCURVE('',#751,#4489);
#4489 = DEFINITIONAL_REPRESENTATION('',(#4490),#4494);
#4490 = LINE('',#4491,#4492);
#4491 = CARTESIAN_POINT('',(-1.507288760336E-14,0.));
#4492 = VECTOR('',#4493,1.);
#4493 = DIRECTION('',(0.,-1.));
#4494 = ( GEOMETRIC_REPRESENTATION_CONTEXT(2) 
PARAMETRIC_REPRESENTATION_CONTEXT() REPRESENTATION_CONTEXT('2D SPACE',''
  ) );
#4495 = PCURVE('',#784,#4496);
#4496 = DEFINITIONAL_REPRESENTATION('',(#4497),#4501);
#4497 = LINE('',#4498,#4499);
#4498 = CARTESIAN_POINT('',(-1.570796326795,0.));
#4499 = VECTOR('',#4500,1.);
#4500 = DIRECTION('',(-0.,-1.));
#4501 = ( GEOMETRIC_REPRESENTATION_CONTEXT(2) 
PARAMETRIC_REPRESENTATION_CONTEXT() REPRESENTATION_CONTEXT('2D SPACE',''
  ) );
#4502 = ORIENTED_EDGE('',*,*,#4503,.T.);
#4503 = EDGE_CURVE('',#4481,#4433,#4504,.T.);
#4504 = SURFACE_CURVE('',#4505,(#4509,#4516),.PCURVE_S1.);
#4505 = LINE('',#4506,#4507);
#4506 = CARTESIAN_POINT('',(16.646446608914,80.187678916652,
    8.900361560374));
#4507 = VECTOR('',#4508,1.);
#4508 = DIRECTION('',(0.707106781187,0.707077255231,6.461821354507E-03)
  );
#4509 = PCURVE('',#751,#4510);
#4510 = DEFINITIONAL_REPRESENTATION('',(#4511),#4515);
#4511 = LINE('',#4512,#4513);
#4512 = CARTESIAN_POINT('',(0.,-2.4));
#4513 = VECTOR('',#4514,1.);
#4514 = DIRECTION('',(1.,0.));
#4515 = ( GEOMETRIC_REPRESENTATION_CONTEXT(2) 
PARAMETRIC_REPRESENTATION_CONTEXT() REPRESENTATION_CONTEXT('2D SPACE',''
  ) );
#4516 = PCURVE('',#389,#4517);
#4517 = DEFINITIONAL_REPRESENTATION('',(#4518),#4522);
#4518 = LINE('',#4519,#4520);
#4519 = CARTESIAN_POINT('',(16.646446613087,48.525126265847));
#4520 = VECTOR('',#4521,1.);
#4521 = DIRECTION('',(0.707106781187,0.707106781187));
#4522 = ( GEOMETRIC_REPRESENTATION_CONTEXT(2) 
PARAMETRIC_REPRESENTATION_CONTEXT() REPRESENTATION_CONTEXT('2D SPACE',''
  ) );
#4523 = ORIENTED_EDGE('',*,*,#4455,.F.);
#4524 = ADVANCED_FACE('',(#4525),#784,.F.);
#4525 = FACE_BOUND('',#4526,.T.);
#4526 = EDGE_LOOP('',(#4527,#4528,#4529,#4557));
#4527 = ORIENTED_EDGE('',*,*,#763,.F.);
#4528 = ORIENTED_EDGE('',*,*,#4480,.T.);
#4529 = ORIENTED_EDGE('',*,*,#4530,.T.);
#4530 = EDGE_CURVE('',#4481,#4531,#4533,.T.);
#4531 = VERTEX_POINT('',#4532);
#4532 = CARTESIAN_POINT('',(14.144111326457,81.662491065967,
    8.913839539718));
#4533 = SURFACE_CURVE('',#4534,(#4539,#4546),.PCURVE_S1.);
#4534 = CIRCLE('',#4535,1.5);
#4535 = AXIS2_PLACEMENT_3D('',#4536,#4537,#4538);
#4536 = CARTESIAN_POINT('',(15.585786437134,81.248294799498,
    8.910054292406));
#4537 = DIRECTION('',(8.673617379884E-19,9.138395397176E-03,
    -0.999958243993));
#4538 = DIRECTION('',(0.707106781187,0.707077255231,6.461821354507E-03)
  );
#4539 = PCURVE('',#784,#4540);
#4540 = DEFINITIONAL_REPRESENTATION('',(#4541),#4545);
#4541 = LINE('',#4542,#4543);
#4542 = CARTESIAN_POINT('',(-0.,-2.4));
#4543 = VECTOR('',#4544,1.);
#4544 = DIRECTION('',(-1.,0.));
#4545 = ( GEOMETRIC_REPRESENTATION_CONTEXT(2) 
PARAMETRIC_REPRESENTATION_CONTEXT() REPRESENTATION_CONTEXT('2D SPACE',''
  ) );
#4546 = PCURVE('',#389,#4547);
#4547 = DEFINITIONAL_REPRESENTATION('',(#4548),#4556);
#4548 = ( BOUNDED_CURVE() B_SPLINE_CURVE(2,(#4549,#4550,#4551,#4552,
#4553,#4554,#4555),.UNSPECIFIED.,.T.,.F.) B_SPLINE_CURVE_WITH_KNOTS((1,2
    ,2,2,2,1),(-2.094395102393,0.,2.094395102393,4.188790204786,
6.28318530718,8.377580409573),.UNSPECIFIED.) CURVE() 
GEOMETRIC_REPRESENTATION_ITEM() RATIONAL_B_SPLINE_CURVE((1.,0.5,1.,0.5,
1.,0.5,1.)) REPRESENTATION_ITEM('') );
#4549 = CARTESIAN_POINT('',(16.646446613087,50.646446609407));
#4550 = CARTESIAN_POINT('',(18.483563920174,48.809329302319));
#4551 = CARTESIAN_POINT('',(15.974015008961,48.136897698193));
#4552 = CARTESIAN_POINT('',(13.464466097748,47.464466094067));
#4553 = CARTESIAN_POINT('',(14.136897701874,49.974015005281));
#4554 = CARTESIAN_POINT('',(14.809329306,52.483563916494));
#4555 = CARTESIAN_POINT('',(16.646446613087,50.646446609407));
#4556 = ( GEOMETRIC_REPRESENTATION_CONTEXT(2) 
PARAMETRIC_REPRESENTATION_CONTEXT() REPRESENTATION_CONTEXT('2D SPACE',''
  ) );
#4557 = ORIENTED_EDGE('',*,*,#4558,.T.);
#4558 = EDGE_CURVE('',#4531,#764,#4559,.T.);
#4559 = SURFACE_CURVE('',#4560,(#4564,#4570),.PCURVE_S1.);
#4560 = LINE('',#4561,#4562);
#4561 = CARTESIAN_POINT('',(14.144111326457,81.640558917013,
    11.313739325301));
#4562 = VECTOR('',#4563,1.);
#4563 = DIRECTION('',(0.,-9.138395397176E-03,0.999958243993));
#4564 = PCURVE('',#784,#4565);
#4565 = DEFINITIONAL_REPRESENTATION('',(#4566),#4569);
#4566 = B_SPLINE_CURVE_WITH_KNOTS('',1,(#4567,#4568),.UNSPECIFIED.,.F.,
  .F.,(2,2),(-2.4000006,5.999999999062E-07),.PIECEWISE_BEZIER_KNOTS.);
#4567 = CARTESIAN_POINT('',(-4.206768907993,-2.4000006));
#4568 = CARTESIAN_POINT('',(-4.206768907993,5.999999999062E-07));
#4569 = ( GEOMETRIC_REPRESENTATION_CONTEXT(2) 
PARAMETRIC_REPRESENTATION_CONTEXT() REPRESENTATION_CONTEXT('2D SPACE',''
  ) );
#4570 = PCURVE('',#812,#4571);
#4571 = DEFINITIONAL_REPRESENTATION('',(#4572),#4575);
#4572 = B_SPLINE_CURVE_WITH_KNOTS('',1,(#4573,#4574),.UNSPECIFIED.,.F.,
  .F.,(2,2),(-2.4000006,5.999999999062E-07),.PIECEWISE_BEZIER_KNOTS.);
#4573 = CARTESIAN_POINT('',(56.144111326461,5.999999999062E-07));
#4574 = CARTESIAN_POINT('',(56.144111326461,-2.4000006));
#4575 = ( GEOMETRIC_REPRESENTATION_CONTEXT(2) 
PARAMETRIC_REPRESENTATION_CONTEXT() REPRESENTATION_CONTEXT('2D SPACE',''
  ) );
#4576 = ADVANCED_FACE('',(#4577),#812,.T.);
#4577 = FACE_BOUND('',#4578,.T.);
#4578 = EDGE_LOOP('',(#4579,#4602,#4621,#4622));
#4579 = ORIENTED_EDGE('',*,*,#4580,.F.);
#4580 = EDGE_CURVE('',#4581,#4531,#4583,.T.);
#4581 = VERTEX_POINT('',#4582);
#4582 = CARTESIAN_POINT('',(4.121320343067,81.662491065967,
    8.913839539718));
#4583 = SURFACE_CURVE('',#4584,(#4588,#4595),.PCURVE_S1.);
#4584 = LINE('',#4585,#4586);
#4585 = CARTESIAN_POINT('',(3.545608251443E-12,81.662491065967,
    8.913839539718));
#4586 = VECTOR('',#4587,1.);
#4587 = DIRECTION('',(1.,0.,0.));
#4588 = PCURVE('',#812,#4589);
#4589 = DEFINITIONAL_REPRESENTATION('',(#4590),#4594);
#4590 = LINE('',#4591,#4592);
#4591 = CARTESIAN_POINT('',(42.000000000007,0.));
#4592 = VECTOR('',#4593,1.);
#4593 = DIRECTION('',(1.,0.));
#4594 = ( GEOMETRIC_REPRESENTATION_CONTEXT(2) 
PARAMETRIC_REPRESENTATION_CONTEXT() REPRESENTATION_CONTEXT('2D SPACE',''
  ) );
#4595 = PCURVE('',#389,#4596);
#4596 = DEFINITIONAL_REPRESENTATION('',(#4597),#4601);
#4597 = LINE('',#4598,#4599);
#4598 = CARTESIAN_POINT('',(4.176544879322E-09,50.));
#4599 = VECTOR('',#4600,1.);
#4600 = DIRECTION('',(1.,0.));
#4601 = ( GEOMETRIC_REPRESENTATION_CONTEXT(2) 
PARAMETRIC_REPRESENTATION_CONTEXT() REPRESENTATION_CONTEXT('2D SPACE',''
  ) );
#4602 = ORIENTED_EDGE('',*,*,#4603,.F.);
#4603 = EDGE_CURVE('',#797,#4581,#4604,.T.);
#4604 = SURFACE_CURVE('',#4605,(#4609,#4615),.PCURVE_S1.);
#4605 = LINE('',#4606,#4607);
#4606 = CARTESIAN_POINT('',(4.121320343067,81.65152499149,
    10.113789432509));
#4607 = VECTOR('',#4608,1.);
#4608 = DIRECTION('',(0.,9.138395397176E-03,-0.999958243993));
#4609 = PCURVE('',#812,#4610);
#4610 = DEFINITIONAL_REPRESENTATION('',(#4611),#4614);
#4611 = B_SPLINE_CURVE_WITH_KNOTS('',1,(#4612,#4613),.UNSPECIFIED.,.F.,
  .F.,(2,2),(-1.2,1.2),.PIECEWISE_BEZIER_KNOTS.);
#4612 = CARTESIAN_POINT('',(46.12132034307,-2.4));
#4613 = CARTESIAN_POINT('',(46.12132034307,0.));
#4614 = ( GEOMETRIC_REPRESENTATION_CONTEXT(2) 
PARAMETRIC_REPRESENTATION_CONTEXT() REPRESENTATION_CONTEXT('2D SPACE',''
  ) );
#4615 = PCURVE('',#840,#4616);
#4616 = DEFINITIONAL_REPRESENTATION('',(#4617),#4620);
#4617 = B_SPLINE_CURVE_WITH_KNOTS('',1,(#4618,#4619),.UNSPECIFIED.,.F.,
  .F.,(2,2),(-1.2,1.2),.PIECEWISE_BEZIER_KNOTS.);
#4618 = CARTESIAN_POINT('',(2.085786437627,0.));
#4619 = CARTESIAN_POINT('',(2.085786437627,-2.4));
#4620 = ( GEOMETRIC_REPRESENTATION_CONTEXT(2) 
PARAMETRIC_REPRESENTATION_CONTEXT() REPRESENTATION_CONTEXT('2D SPACE',''
  ) );
#4621 = ORIENTED_EDGE('',*,*,#796,.T.);
#4622 = ORIENTED_EDGE('',*,*,#4558,.F.);
#4623 = ADVANCED_FACE('',(#4624),#840,.F.);
#4624 = FACE_BOUND('',#4625,.F.);
#4625 = EDGE_LOOP('',(#4626,#4627,#4650,#4671));
#4626 = ORIENTED_EDGE('',*,*,#824,.F.);
#4627 = ORIENTED_EDGE('',*,*,#4628,.T.);
#4628 = EDGE_CURVE('',#825,#4629,#4631,.T.);
#4629 = VERTEX_POINT('',#4630);
#4630 = CARTESIAN_POINT('',(2.646446608914,80.187678916652,
    8.900361560374));
#4631 = SURFACE_CURVE('',#4632,(#4636,#4643),.PCURVE_S1.);
#4632 = LINE('',#4633,#4634);
#4633 = CARTESIAN_POINT('',(2.646446608914,80.165746767699,
    11.300261345957));
#4634 = VECTOR('',#4635,1.);
#4635 = DIRECTION('',(0.,9.138395397176E-03,-0.999958243993));
#4636 = PCURVE('',#840,#4637);
#4637 = DEFINITIONAL_REPRESENTATION('',(#4638),#4642);
#4638 = LINE('',#4639,#4640);
#4639 = CARTESIAN_POINT('',(-1.507288760336E-14,0.));
#4640 = VECTOR('',#4641,1.);
#4641 = DIRECTION('',(0.,-1.));
#4642 = ( GEOMETRIC_REPRESENTATION_CONTEXT(2) 
PARAMETRIC_REPRESENTATION_CONTEXT() REPRESENTATION_CONTEXT('2D SPACE',''
  ) );
#4643 = PCURVE('',#873,#4644);
#4644 = DEFINITIONAL_REPRESENTATION('',(#4645),#4649);
#4645 = LINE('',#4646,#4647);
#4646 = CARTESIAN_POINT('',(-1.570796326795,0.));
#4647 = VECTOR('',#4648,1.);
#4648 = DIRECTION('',(-0.,-1.));
#4649 = ( GEOMETRIC_REPRESENTATION_CONTEXT(2) 
PARAMETRIC_REPRESENTATION_CONTEXT() REPRESENTATION_CONTEXT('2D SPACE',''
  ) );
#4650 = ORIENTED_EDGE('',*,*,#4651,.T.);
#4651 = EDGE_CURVE('',#4629,#4581,#4652,.T.);
#4652 = SURFACE_CURVE('',#4653,(#4657,#4664),.PCURVE_S1.);
#4653 = LINE('',#4654,#4655);
#4654 = CARTESIAN_POINT('',(2.646446608914,80.187678916652,
    8.900361560374));
#4655 = VECTOR('',#4656,1.);
#4656 = DIRECTION('',(0.707106781187,0.707077255231,6.461821354507E-03)
  );
#4657 = PCURVE('',#840,#4658);
#4658 = DEFINITIONAL_REPRESENTATION('',(#4659),#4663);
#4659 = LINE('',#4660,#4661);
#4660 = CARTESIAN_POINT('',(0.,-2.4));
#4661 = VECTOR('',#4662,1.);
#4662 = DIRECTION('',(1.,0.));
#4663 = ( GEOMETRIC_REPRESENTATION_CONTEXT(2) 
PARAMETRIC_REPRESENTATION_CONTEXT() REPRESENTATION_CONTEXT('2D SPACE',''
  ) );
#4664 = PCURVE('',#389,#4665);
#4665 = DEFINITIONAL_REPRESENTATION('',(#4666),#4670);
#4666 = LINE('',#4667,#4668);
#4667 = CARTESIAN_POINT('',(2.646446613087,48.525126265847));
#4668 = VECTOR('',#4669,1.);
#4669 = DIRECTION('',(0.707106781187,0.707106781187));
#4670 = ( GEOMETRIC_REPRESENTATION_CONTEXT(2) 
PARAMETRIC_REPRESENTATION_CONTEXT() REPRESENTATION_CONTEXT('2D SPACE',''
  ) );
#4671 = ORIENTED_EDGE('',*,*,#4603,.F.);
#4672 = ADVANCED_FACE('',(#4673),#873,.F.);
#4673 = FACE_BOUND('',#4674,.T.);
#4674 = EDGE_LOOP('',(#4675,#4676,#4677,#4705));
#4675 = ORIENTED_EDGE('',*,*,#852,.F.);
#4676 = ORIENTED_EDGE('',*,*,#4628,.T.);
#4677 = ORIENTED_EDGE('',*,*,#4678,.T.);
#4678 = EDGE_CURVE('',#4629,#4679,#4681,.T.);
#4679 = VERTEX_POINT('',#4680);
#4680 = CARTESIAN_POINT('',(0.144111326457,81.662491065967,
    8.913839539718));
#4681 = SURFACE_CURVE('',#4682,(#4687,#4694),.PCURVE_S1.);
#4682 = CIRCLE('',#4683,1.5);
#4683 = AXIS2_PLACEMENT_3D('',#4684,#4685,#4686);
#4684 = CARTESIAN_POINT('',(1.585786437134,81.248294799498,
    8.910054292406));
#4685 = DIRECTION('',(8.673617379884E-19,9.138395397176E-03,
    -0.999958243993));
#4686 = DIRECTION('',(0.707106781187,0.707077255231,6.461821354507E-03)
  );
#4687 = PCURVE('',#873,#4688);
#4688 = DEFINITIONAL_REPRESENTATION('',(#4689),#4693);
#4689 = LINE('',#4690,#4691);
#4690 = CARTESIAN_POINT('',(-0.,-2.4));
#4691 = VECTOR('',#4692,1.);
#4692 = DIRECTION('',(-1.,0.));
#4693 = ( GEOMETRIC_REPRESENTATION_CONTEXT(2) 
PARAMETRIC_REPRESENTATION_CONTEXT() REPRESENTATION_CONTEXT('2D SPACE',''
  ) );
#4694 = PCURVE('',#389,#4695);
#4695 = DEFINITIONAL_REPRESENTATION('',(#4696),#4704);
#4696 = ( BOUNDED_CURVE() B_SPLINE_CURVE(2,(#4697,#4698,#4699,#4700,
#4701,#4702,#4703),.UNSPECIFIED.,.T.,.F.) B_SPLINE_CURVE_WITH_KNOTS((1,2
    ,2,2,2,1),(-2.094395102393,0.,2.094395102393,4.188790204786,
6.28318530718,8.377580409573),.UNSPECIFIED.) CURVE() 
GEOMETRIC_REPRESENTATION_ITEM() RATIONAL_B_SPLINE_CURVE((1.,0.5,1.,0.5,
1.,0.5,1.)) REPRESENTATION_ITEM('') );
#4697 = CARTESIAN_POINT('',(2.646446613087,50.646446609407));
#4698 = CARTESIAN_POINT('',(4.483563920174,48.809329302319));
#4699 = CARTESIAN_POINT('',(1.974015008961,48.136897698193));
#4700 = CARTESIAN_POINT('',(-0.535533902252,47.464466094067));
#4701 = CARTESIAN_POINT('',(0.136897701874,49.974015005281));
#4702 = CARTESIAN_POINT('',(0.809329306,52.483563916494));
#4703 = CARTESIAN_POINT('',(2.646446613087,50.646446609407));
#4704 = ( GEOMETRIC_REPRESENTATION_CONTEXT(2) 
PARAMETRIC_REPRESENTATION_CONTEXT() REPRESENTATION_CONTEXT('2D SPACE',''
  ) );
#4705 = ORIENTED_EDGE('',*,*,#4706,.T.);
#4706 = EDGE_CURVE('',#4679,#853,#4707,.T.);
#4707 = SURFACE_CURVE('',#4708,(#4712,#4718),.PCURVE_S1.);
#4708 = LINE('',#4709,#4710);
#4709 = CARTESIAN_POINT('',(0.144111326457,81.640558917013,
    11.313739325301));
#4710 = VECTOR('',#4711,1.);
#4711 = DIRECTION('',(0.,-9.138395397176E-03,0.999958243993));
#4712 = PCURVE('',#873,#4713);
#4713 = DEFINITIONAL_REPRESENTATION('',(#4714),#4717);
#4714 = B_SPLINE_CURVE_WITH_KNOTS('',1,(#4715,#4716),.UNSPECIFIED.,.F.,
  .F.,(2,2),(-2.4000006,5.999999999062E-07),.PIECEWISE_BEZIER_KNOTS.);
#4715 = CARTESIAN_POINT('',(-4.206768907993,-2.4000006));
#4716 = CARTESIAN_POINT('',(-4.206768907993,5.999999999062E-07));
#4717 = ( GEOMETRIC_REPRESENTATION_CONTEXT(2) 
PARAMETRIC_REPRESENTATION_CONTEXT() REPRESENTATION_CONTEXT('2D SPACE',''
  ) );
#4718 = PCURVE('',#901,#4719);
#4719 = DEFINITIONAL_REPRESENTATION('',(#4720),#4723);
#4720 = B_SPLINE_CURVE_WITH_KNOTS('',1,(#4721,#4722),.UNSPECIFIED.,.F.,
  .F.,(2,2),(-2.4000006,5.999999999062E-07),.PIECEWISE_BEZIER_KNOTS.);
#4721 = CARTESIAN_POINT('',(42.144111326461,5.999999999062E-07));
#4722 = CARTESIAN_POINT('',(42.144111326461,-2.4000006));
#4723 = ( GEOMETRIC_REPRESENTATION_CONTEXT(2) 
PARAMETRIC_REPRESENTATION_CONTEXT() REPRESENTATION_CONTEXT('2D SPACE',''
  ) );
#4724 = ADVANCED_FACE('',(#4725),#901,.T.);
#4725 = FACE_BOUND('',#4726,.T.);
#4726 = EDGE_LOOP('',(#4727,#4750,#4769,#4770));
#4727 = ORIENTED_EDGE('',*,*,#4728,.F.);
#4728 = EDGE_CURVE('',#4729,#4679,#4731,.T.);
#4729 = VERTEX_POINT('',#4730);
#4730 = CARTESIAN_POINT('',(-9.878679656933,81.662491065967,
    8.913839539718));
#4731 = SURFACE_CURVE('',#4732,(#4736,#4743),.PCURVE_S1.);
#4732 = LINE('',#4733,#4734);
#4733 = CARTESIAN_POINT('',(3.545608251443E-12,81.662491065967,
    8.913839539718));
#4734 = VECTOR('',#4735,1.);
#4735 = DIRECTION('',(1.,0.,0.));
#4736 = PCURVE('',#901,#4737);
#4737 = DEFINITIONAL_REPRESENTATION('',(#4738),#4742);
#4738 = LINE('',#4739,#4740);
#4739 = CARTESIAN_POINT('',(42.000000000007,0.));
#4740 = VECTOR('',#4741,1.);
#4741 = DIRECTION('',(1.,0.));
#4742 = ( GEOMETRIC_REPRESENTATION_CONTEXT(2) 
PARAMETRIC_REPRESENTATION_CONTEXT() REPRESENTATION_CONTEXT('2D SPACE',''
  ) );
#4743 = PCURVE('',#389,#4744);
#4744 = DEFINITIONAL_REPRESENTATION('',(#4745),#4749);
#4745 = LINE('',#4746,#4747);
#4746 = CARTESIAN_POINT('',(4.176544879322E-09,50.));
#4747 = VECTOR('',#4748,1.);
#4748 = DIRECTION('',(1.,0.));
#4749 = ( GEOMETRIC_REPRESENTATION_CONTEXT(2) 
PARAMETRIC_REPRESENTATION_CONTEXT() REPRESENTATION_CONTEXT('2D SPACE',''
  ) );
#4750 = ORIENTED_EDGE('',*,*,#4751,.F.);
#4751 = EDGE_CURVE('',#886,#4729,#4752,.T.);
#4752 = SURFACE_CURVE('',#4753,(#4757,#4763),.PCURVE_S1.);
#4753 = LINE('',#4754,#4755);
#4754 = CARTESIAN_POINT('',(-9.878679656933,81.65152499149,
    10.113789432509));
#4755 = VECTOR('',#4756,1.);
#4756 = DIRECTION('',(0.,9.138395397176E-03,-0.999958243993));
#4757 = PCURVE('',#901,#4758);
#4758 = DEFINITIONAL_REPRESENTATION('',(#4759),#4762);
#4759 = B_SPLINE_CURVE_WITH_KNOTS('',1,(#4760,#4761),.UNSPECIFIED.,.F.,
  .F.,(2,2),(-1.2,1.2),.PIECEWISE_BEZIER_KNOTS.);
#4760 = CARTESIAN_POINT('',(32.12132034307,-2.4));
#4761 = CARTESIAN_POINT('',(32.12132034307,0.));
#4762 = ( GEOMETRIC_REPRESENTATION_CONTEXT(2) 
PARAMETRIC_REPRESENTATION_CONTEXT() REPRESENTATION_CONTEXT('2D SPACE',''
  ) );
#4763 = PCURVE('',#929,#4764);
#4764 = DEFINITIONAL_REPRESENTATION('',(#4765),#4768);
#4765 = B_SPLINE_CURVE_WITH_KNOTS('',1,(#4766,#4767),.UNSPECIFIED.,.F.,
  .F.,(2,2),(-1.2,1.2),.PIECEWISE_BEZIER_KNOTS.);
#4766 = CARTESIAN_POINT('',(2.085786437627,0.));
#4767 = CARTESIAN_POINT('',(2.085786437627,-2.4));
#4768 = ( GEOMETRIC_REPRESENTATION_CONTEXT(2) 
PARAMETRIC_REPRESENTATION_CONTEXT() REPRESENTATION_CONTEXT('2D SPACE',''
  ) );
#4769 = ORIENTED_EDGE('',*,*,#885,.T.);
#4770 = ORIENTED_EDGE('',*,*,#4706,.F.);
#4771 = ADVANCED_FACE('',(#4772),#929,.F.);
#4772 = FACE_BOUND('',#4773,.F.);
#4773 = EDGE_LOOP('',(#4774,#4775,#4798,#4819));
#4774 = ORIENTED_EDGE('',*,*,#913,.F.);
#4775 = ORIENTED_EDGE('',*,*,#4776,.T.);
#4776 = EDGE_CURVE('',#914,#4777,#4779,.T.);
#4777 = VERTEX_POINT('',#4778);
#4778 = CARTESIAN_POINT('',(-11.35355339108,80.187678916652,
    8.900361560374));
#4779 = SURFACE_CURVE('',#4780,(#4784,#4791),.PCURVE_S1.);
#4780 = LINE('',#4781,#4782);
#4781 = CARTESIAN_POINT('',(-11.35355339108,80.165746767699,
    11.300261345957));
#4782 = VECTOR('',#4783,1.);
#4783 = DIRECTION('',(0.,9.138395397176E-03,-0.999958243993));
#4784 = PCURVE('',#929,#4785);
#4785 = DEFINITIONAL_REPRESENTATION('',(#4786),#4790);
#4786 = LINE('',#4787,#4788);
#4787 = CARTESIAN_POINT('',(-1.507288760336E-14,0.));
#4788 = VECTOR('',#4789,1.);
#4789 = DIRECTION('',(0.,-1.));
#4790 = ( GEOMETRIC_REPRESENTATION_CONTEXT(2) 
PARAMETRIC_REPRESENTATION_CONTEXT() REPRESENTATION_CONTEXT('2D SPACE',''
  ) );
#4791 = PCURVE('',#962,#4792);
#4792 = DEFINITIONAL_REPRESENTATION('',(#4793),#4797);
#4793 = LINE('',#4794,#4795);
#4794 = CARTESIAN_POINT('',(-1.570796326795,0.));
#4795 = VECTOR('',#4796,1.);
#4796 = DIRECTION('',(-0.,-1.));
#4797 = ( GEOMETRIC_REPRESENTATION_CONTEXT(2) 
PARAMETRIC_REPRESENTATION_CONTEXT() REPRESENTATION_CONTEXT('2D SPACE',''
  ) );
#4798 = ORIENTED_EDGE('',*,*,#4799,.T.);
#4799 = EDGE_CURVE('',#4777,#4729,#4800,.T.);
#4800 = SURFACE_CURVE('',#4801,(#4805,#4812),.PCURVE_S1.);
#4801 = LINE('',#4802,#4803);
#4802 = CARTESIAN_POINT('',(-11.35355339108,80.187678916652,
    8.900361560374));
#4803 = VECTOR('',#4804,1.);
#4804 = DIRECTION('',(0.707106781187,0.707077255231,6.461821354507E-03)
  );
#4805 = PCURVE('',#929,#4806);
#4806 = DEFINITIONAL_REPRESENTATION('',(#4807),#4811);
#4807 = LINE('',#4808,#4809);
#4808 = CARTESIAN_POINT('',(0.,-2.4));
#4809 = VECTOR('',#4810,1.);
#4810 = DIRECTION('',(1.,0.));
#4811 = ( GEOMETRIC_REPRESENTATION_CONTEXT(2) 
PARAMETRIC_REPRESENTATION_CONTEXT() REPRESENTATION_CONTEXT('2D SPACE',''
  ) );
#4812 = PCURVE('',#389,#4813);
#4813 = DEFINITIONAL_REPRESENTATION('',(#4814),#4818);
#4814 = LINE('',#4815,#4816);
#4815 = CARTESIAN_POINT('',(-11.35355338691,48.525126265847));
#4816 = VECTOR('',#4817,1.);
#4817 = DIRECTION('',(0.707106781187,0.707106781187));
#4818 = ( GEOMETRIC_REPRESENTATION_CONTEXT(2) 
PARAMETRIC_REPRESENTATION_CONTEXT() REPRESENTATION_CONTEXT('2D SPACE',''
  ) );
#4819 = ORIENTED_EDGE('',*,*,#4751,.F.);
#4820 = ADVANCED_FACE('',(#4821),#962,.F.);
#4821 = FACE_BOUND('',#4822,.T.);
#4822 = EDGE_LOOP('',(#4823,#4824,#4825,#4853));
#4823 = ORIENTED_EDGE('',*,*,#941,.F.);
#4824 = ORIENTED_EDGE('',*,*,#4776,.T.);
#4825 = ORIENTED_EDGE('',*,*,#4826,.T.);
#4826 = EDGE_CURVE('',#4777,#4827,#4829,.T.);
#4827 = VERTEX_POINT('',#4828);
#4828 = CARTESIAN_POINT('',(-13.85588867354,81.662491065967,
    8.913839539718));
#4829 = SURFACE_CURVE('',#4830,(#4835,#4842),.PCURVE_S1.);
#4830 = CIRCLE('',#4831,1.5);
#4831 = AXIS2_PLACEMENT_3D('',#4832,#4833,#4834);
#4832 = CARTESIAN_POINT('',(-12.41421356286,81.248294799498,
    8.910054292406));
#4833 = DIRECTION('',(8.673617379884E-19,9.138395397176E-03,
    -0.999958243993));
#4834 = DIRECTION('',(0.707106781187,0.707077255231,6.461821354507E-03)
  );
#4835 = PCURVE('',#962,#4836);
#4836 = DEFINITIONAL_REPRESENTATION('',(#4837),#4841);
#4837 = LINE('',#4838,#4839);
#4838 = CARTESIAN_POINT('',(-0.,-2.4));
#4839 = VECTOR('',#4840,1.);
#4840 = DIRECTION('',(-1.,0.));
#4841 = ( GEOMETRIC_REPRESENTATION_CONTEXT(2) 
PARAMETRIC_REPRESENTATION_CONTEXT() REPRESENTATION_CONTEXT('2D SPACE',''
  ) );
#4842 = PCURVE('',#389,#4843);
#4843 = DEFINITIONAL_REPRESENTATION('',(#4844),#4852);
#4844 = ( BOUNDED_CURVE() B_SPLINE_CURVE(2,(#4845,#4846,#4847,#4848,
#4849,#4850,#4851),.UNSPECIFIED.,.T.,.F.) B_SPLINE_CURVE_WITH_KNOTS((1,2
    ,2,2,2,1),(-2.094395102393,0.,2.094395102393,4.188790204786,
6.28318530718,8.377580409573),.UNSPECIFIED.) CURVE() 
GEOMETRIC_REPRESENTATION_ITEM() RATIONAL_B_SPLINE_CURVE((1.,0.5,1.,0.5,
1.,0.5,1.)) REPRESENTATION_ITEM('') );
#4845 = CARTESIAN_POINT('',(-11.35355338691,50.646446609407));
#4846 = CARTESIAN_POINT('',(-9.516436079826,48.809329302319));
#4847 = CARTESIAN_POINT('',(-12.02598499103,48.136897698193));
#4848 = CARTESIAN_POINT('',(-14.53553390225,47.464466094067));
#4849 = CARTESIAN_POINT('',(-13.86310229812,49.974015005281));
#4850 = CARTESIAN_POINT('',(-13.190670694,52.483563916494));
#4851 = CARTESIAN_POINT('',(-11.35355338691,50.646446609407));
#4852 = ( GEOMETRIC_REPRESENTATION_CONTEXT(2) 
PARAMETRIC_REPRESENTATION_CONTEXT() REPRESENTATION_CONTEXT('2D SPACE',''
  ) );
#4853 = ORIENTED_EDGE('',*,*,#4854,.T.);
#4854 = EDGE_CURVE('',#4827,#942,#4855,.T.);
#4855 = SURFACE_CURVE('',#4856,(#4860,#4866),.PCURVE_S1.);
#4856 = LINE('',#4857,#4858);
#4857 = CARTESIAN_POINT('',(-13.85588867354,81.640558917013,
    11.313739325301));
#4858 = VECTOR('',#4859,1.);
#4859 = DIRECTION('',(0.,-9.138395397176E-03,0.999958243993));
#4860 = PCURVE('',#962,#4861);
#4861 = DEFINITIONAL_REPRESENTATION('',(#4862),#4865);
#4862 = B_SPLINE_CURVE_WITH_KNOTS('',1,(#4863,#4864),.UNSPECIFIED.,.F.,
  .F.,(2,2),(-2.4000006,5.999999999062E-07),.PIECEWISE_BEZIER_KNOTS.);
#4863 = CARTESIAN_POINT('',(-4.206768907993,-2.4000006));
#4864 = CARTESIAN_POINT('',(-4.206768907993,5.999999999062E-07));
#4865 = ( GEOMETRIC_REPRESENTATION_CONTEXT(2) 
PARAMETRIC_REPRESENTATION_CONTEXT() REPRESENTATION_CONTEXT('2D SPACE',''
  ) );
#4866 = PCURVE('',#990,#4867);
#4867 = DEFINITIONAL_REPRESENTATION('',(#4868),#4871);
#4868 = B_SPLINE_CURVE_WITH_KNOTS('',1,(#4869,#4870),.UNSPECIFIED.,.F.,
  .F.,(2,2),(-2.4000006,5.999999999062E-07),.PIECEWISE_BEZIER_KNOTS.);
#4869 = CARTESIAN_POINT('',(28.144111326461,5.999999999062E-07));
#4870 = CARTESIAN_POINT('',(28.144111326461,-2.4000006));
#4871 = ( GEOMETRIC_REPRESENTATION_CONTEXT(2) 
PARAMETRIC_REPRESENTATION_CONTEXT() REPRESENTATION_CONTEXT('2D SPACE',''
  ) );
#4872 = ADVANCED_FACE('',(#4873),#990,.T.);
#4873 = FACE_BOUND('',#4874,.T.);
#4874 = EDGE_LOOP('',(#4875,#4898,#4917,#4918));
#4875 = ORIENTED_EDGE('',*,*,#4876,.F.);
#4876 = EDGE_CURVE('',#4877,#4827,#4879,.T.);
#4877 = VERTEX_POINT('',#4878);
#4878 = CARTESIAN_POINT('',(-23.87867965693,81.662491065967,
    8.913839539718));
#4879 = SURFACE_CURVE('',#4880,(#4884,#4891),.PCURVE_S1.);
#4880 = LINE('',#4881,#4882);
#4881 = CARTESIAN_POINT('',(3.545608251443E-12,81.662491065967,
    8.913839539718));
#4882 = VECTOR('',#4883,1.);
#4883 = DIRECTION('',(1.,0.,0.));
#4884 = PCURVE('',#990,#4885);
#4885 = DEFINITIONAL_REPRESENTATION('',(#4886),#4890);
#4886 = LINE('',#4887,#4888);
#4887 = CARTESIAN_POINT('',(42.000000000007,0.));
#4888 = VECTOR('',#4889,1.);
#4889 = DIRECTION('',(1.,0.));
#4890 = ( GEOMETRIC_REPRESENTATION_CONTEXT(2) 
PARAMETRIC_REPRESENTATION_CONTEXT() REPRESENTATION_CONTEXT('2D SPACE',''
  ) );
#4891 = PCURVE('',#389,#4892);
#4892 = DEFINITIONAL_REPRESENTATION('',(#4893),#4897);
#4893 = LINE('',#4894,#4895);
#4894 = CARTESIAN_POINT('',(4.176544879322E-09,50.));
#4895 = VECTOR('',#4896,1.);
#4896 = DIRECTION('',(1.,0.));
#4897 = ( GEOMETRIC_REPRESENTATION_CONTEXT(2) 
PARAMETRIC_REPRESENTATION_CONTEXT() REPRESENTATION_CONTEXT('2D SPACE',''
  ) );
#4898 = ORIENTED_EDGE('',*,*,#4899,.F.);
#4899 = EDGE_CURVE('',#975,#4877,#4900,.T.);
#4900 = SURFACE_CURVE('',#4901,(#4905,#4911),.PCURVE_S1.);
#4901 = LINE('',#4902,#4903);
#4902 = CARTESIAN_POINT('',(-23.87867965693,81.65152499149,
    10.113789432509));
#4903 = VECTOR('',#4904,1.);
#4904 = DIRECTION('',(0.,9.138395397176E-03,-0.999958243993));
#4905 = PCURVE('',#990,#4906);
#4906 = DEFINITIONAL_REPRESENTATION('',(#4907),#4910);
#4907 = B_SPLINE_CURVE_WITH_KNOTS('',1,(#4908,#4909),.UNSPECIFIED.,.F.,
  .F.,(2,2),(-1.2,1.2),.PIECEWISE_BEZIER_KNOTS.);
#4908 = CARTESIAN_POINT('',(18.12132034307,-2.4));
#4909 = CARTESIAN_POINT('',(18.12132034307,0.));
#4910 = ( GEOMETRIC_REPRESENTATION_CONTEXT(2) 
PARAMETRIC_REPRESENTATION_CONTEXT() REPRESENTATION_CONTEXT('2D SPACE',''
  ) );
#4911 = PCURVE('',#1018,#4912);
#4912 = DEFINITIONAL_REPRESENTATION('',(#4913),#4916);
#4913 = B_SPLINE_CURVE_WITH_KNOTS('',1,(#4914,#4915),.UNSPECIFIED.,.F.,
  .F.,(2,2),(-1.2,1.2),.PIECEWISE_BEZIER_KNOTS.);
#4914 = CARTESIAN_POINT('',(2.085786437627,0.));
#4915 = CARTESIAN_POINT('',(2.085786437627,-2.4));
#4916 = ( GEOMETRIC_REPRESENTATION_CONTEXT(2) 
PARAMETRIC_REPRESENTATION_CONTEXT() REPRESENTATION_CONTEXT('2D SPACE',''
  ) );
#4917 = ORIENTED_EDGE('',*,*,#974,.T.);
#4918 = ORIENTED_EDGE('',*,*,#4854,.F.);
#4919 = ADVANCED_FACE('',(#4920),#1018,.F.);
#4920 = FACE_BOUND('',#4921,.F.);
#4921 = EDGE_LOOP('',(#4922,#4923,#4946,#4967));
#4922 = ORIENTED_EDGE('',*,*,#1002,.F.);
#4923 = ORIENTED_EDGE('',*,*,#4924,.T.);
#4924 = EDGE_CURVE('',#1003,#4925,#4927,.T.);
#4925 = VERTEX_POINT('',#4926);
#4926 = CARTESIAN_POINT('',(-25.35355339108,80.187678916652,
    8.900361560374));
#4927 = SURFACE_CURVE('',#4928,(#4932,#4939),.PCURVE_S1.);
#4928 = LINE('',#4929,#4930);
#4929 = CARTESIAN_POINT('',(-25.35355339108,80.165746767699,
    11.300261345957));
#4930 = VECTOR('',#4931,1.);
#4931 = DIRECTION('',(0.,9.138395397176E-03,-0.999958243993));
#4932 = PCURVE('',#1018,#4933);
#4933 = DEFINITIONAL_REPRESENTATION('',(#4934),#4938);
#4934 = LINE('',#4935,#4936);
#4935 = CARTESIAN_POINT('',(-1.507288760336E-14,0.));
#4936 = VECTOR('',#4937,1.);
#4937 = DIRECTION('',(0.,-1.));
#4938 = ( GEOMETRIC_REPRESENTATION_CONTEXT(2) 
PARAMETRIC_REPRESENTATION_CONTEXT() REPRESENTATION_CONTEXT('2D SPACE',''
  ) );
#4939 = PCURVE('',#1051,#4940);
#4940 = DEFINITIONAL_REPRESENTATION('',(#4941),#4945);
#4941 = LINE('',#4942,#4943);
#4942 = CARTESIAN_POINT('',(-1.570796326795,0.));
#4943 = VECTOR('',#4944,1.);
#4944 = DIRECTION('',(-0.,-1.));
#4945 = ( GEOMETRIC_REPRESENTATION_CONTEXT(2) 
PARAMETRIC_REPRESENTATION_CONTEXT() REPRESENTATION_CONTEXT('2D SPACE',''
  ) );
#4946 = ORIENTED_EDGE('',*,*,#4947,.T.);
#4947 = EDGE_CURVE('',#4925,#4877,#4948,.T.);
#4948 = SURFACE_CURVE('',#4949,(#4953,#4960),.PCURVE_S1.);
#4949 = LINE('',#4950,#4951);
#4950 = CARTESIAN_POINT('',(-25.35355339108,80.187678916652,
    8.900361560374));
#4951 = VECTOR('',#4952,1.);
#4952 = DIRECTION('',(0.707106781187,0.707077255231,6.461821354507E-03)
  );
#4953 = PCURVE('',#1018,#4954);
#4954 = DEFINITIONAL_REPRESENTATION('',(#4955),#4959);
#4955 = LINE('',#4956,#4957);
#4956 = CARTESIAN_POINT('',(0.,-2.4));
#4957 = VECTOR('',#4958,1.);
#4958 = DIRECTION('',(1.,0.));
#4959 = ( GEOMETRIC_REPRESENTATION_CONTEXT(2) 
PARAMETRIC_REPRESENTATION_CONTEXT() REPRESENTATION_CONTEXT('2D SPACE',''
  ) );
#4960 = PCURVE('',#389,#4961);
#4961 = DEFINITIONAL_REPRESENTATION('',(#4962),#4966);
#4962 = LINE('',#4963,#4964);
#4963 = CARTESIAN_POINT('',(-25.35355338691,48.525126265847));
#4964 = VECTOR('',#4965,1.);
#4965 = DIRECTION('',(0.707106781187,0.707106781187));
#4966 = ( GEOMETRIC_REPRESENTATION_CONTEXT(2) 
PARAMETRIC_REPRESENTATION_CONTEXT() REPRESENTATION_CONTEXT('2D SPACE',''
  ) );
#4967 = ORIENTED_EDGE('',*,*,#4899,.F.);
#4968 = ADVANCED_FACE('',(#4969),#1051,.F.);
#4969 = FACE_BOUND('',#4970,.T.);
#4970 = EDGE_LOOP('',(#4971,#4972,#4973,#5001));
#4971 = ORIENTED_EDGE('',*,*,#1030,.F.);
#4972 = ORIENTED_EDGE('',*,*,#4924,.T.);
#4973 = ORIENTED_EDGE('',*,*,#4974,.T.);
#4974 = EDGE_CURVE('',#4925,#4975,#4977,.T.);
#4975 = VERTEX_POINT('',#4976);
#4976 = CARTESIAN_POINT('',(-27.85588867354,81.662491065967,
    8.913839539718));
#4977 = SURFACE_CURVE('',#4978,(#4983,#4990),.PCURVE_S1.);
#4978 = CIRCLE('',#4979,1.5);
#4979 = AXIS2_PLACEMENT_3D('',#4980,#4981,#4982);
#4980 = CARTESIAN_POINT('',(-26.41421356286,81.248294799498,
    8.910054292406));
#4981 = DIRECTION('',(8.673617379884E-19,9.138395397176E-03,
    -0.999958243993));
#4982 = DIRECTION('',(0.707106781187,0.707077255231,6.461821354507E-03)
  );
#4983 = PCURVE('',#1051,#4984);
#4984 = DEFINITIONAL_REPRESENTATION('',(#4985),#4989);
#4985 = LINE('',#4986,#4987);
#4986 = CARTESIAN_POINT('',(-0.,-2.4));
#4987 = VECTOR('',#4988,1.);
#4988 = DIRECTION('',(-1.,0.));
#4989 = ( GEOMETRIC_REPRESENTATION_CONTEXT(2) 
PARAMETRIC_REPRESENTATION_CONTEXT() REPRESENTATION_CONTEXT('2D SPACE',''
  ) );
#4990 = PCURVE('',#389,#4991);
#4991 = DEFINITIONAL_REPRESENTATION('',(#4992),#5000);
#4992 = ( BOUNDED_CURVE() B_SPLINE_CURVE(2,(#4993,#4994,#4995,#4996,
#4997,#4998,#4999),.UNSPECIFIED.,.T.,.F.) B_SPLINE_CURVE_WITH_KNOTS((1,2
    ,2,2,2,1),(-2.094395102393,0.,2.094395102393,4.188790204786,
6.28318530718,8.377580409573),.UNSPECIFIED.) CURVE() 
GEOMETRIC_REPRESENTATION_ITEM() RATIONAL_B_SPLINE_CURVE((1.,0.5,1.,0.5,
1.,0.5,1.)) REPRESENTATION_ITEM('') );
#4993 = CARTESIAN_POINT('',(-25.35355338691,50.646446609407));
#4994 = CARTESIAN_POINT('',(-23.51643607982,48.809329302319));
#4995 = CARTESIAN_POINT('',(-26.02598499103,48.136897698193));
#4996 = CARTESIAN_POINT('',(-28.53553390225,47.464466094067));
#4997 = CARTESIAN_POINT('',(-27.86310229812,49.974015005281));
#4998 = CARTESIAN_POINT('',(-27.190670694,52.483563916494));
#4999 = CARTESIAN_POINT('',(-25.35355338691,50.646446609407));
#5000 = ( GEOMETRIC_REPRESENTATION_CONTEXT(2) 
PARAMETRIC_REPRESENTATION_CONTEXT() REPRESENTATION_CONTEXT('2D SPACE',''
  ) );
#5001 = ORIENTED_EDGE('',*,*,#5002,.T.);
#5002 = EDGE_CURVE('',#4975,#1031,#5003,.T.);
#5003 = SURFACE_CURVE('',#5004,(#5008,#5014),.PCURVE_S1.);
#5004 = LINE('',#5005,#5006);
#5005 = CARTESIAN_POINT('',(-27.85588867354,81.640558917013,
    11.313739325301));
#5006 = VECTOR('',#5007,1.);
#5007 = DIRECTION('',(0.,-9.138395397176E-03,0.999958243993));
#5008 = PCURVE('',#1051,#5009);
#5009 = DEFINITIONAL_REPRESENTATION('',(#5010),#5013);
#5010 = B_SPLINE_CURVE_WITH_KNOTS('',1,(#5011,#5012),.UNSPECIFIED.,.F.,
  .F.,(2,2),(-2.4000006,5.999999999062E-07),.PIECEWISE_BEZIER_KNOTS.);
#5011 = CARTESIAN_POINT('',(-4.206768907993,-2.4000006));
#5012 = CARTESIAN_POINT('',(-4.206768907993,5.999999999062E-07));
#5013 = ( GEOMETRIC_REPRESENTATION_CONTEXT(2) 
PARAMETRIC_REPRESENTATION_CONTEXT() REPRESENTATION_CONTEXT('2D SPACE',''
  ) );
#5014 = PCURVE('',#1079,#5015);
#5015 = DEFINITIONAL_REPRESENTATION('',(#5016),#5019);
#5016 = B_SPLINE_CURVE_WITH_KNOTS('',1,(#5017,#5018),.UNSPECIFIED.,.F.,
  .F.,(2,2),(-2.4000006,5.999999999062E-07),.PIECEWISE_BEZIER_KNOTS.);
#5017 = CARTESIAN_POINT('',(14.144111326461,5.999999999062E-07));
#5018 = CARTESIAN_POINT('',(14.144111326461,-2.4000006));
#5019 = ( GEOMETRIC_REPRESENTATION_CONTEXT(2) 
PARAMETRIC_REPRESENTATION_CONTEXT() REPRESENTATION_CONTEXT('2D SPACE',''
  ) );
#5020 = ADVANCED_FACE('',(#5021),#1079,.T.);
#5021 = FACE_BOUND('',#5022,.T.);
#5022 = EDGE_LOOP('',(#5023,#5046,#5067,#5068));
#5023 = ORIENTED_EDGE('',*,*,#5024,.F.);
#5024 = EDGE_CURVE('',#5025,#4975,#5027,.T.);
#5025 = VERTEX_POINT('',#5026);
#5026 = CARTESIAN_POINT('',(-42.,81.662491065967,8.913839539718));
#5027 = SURFACE_CURVE('',#5028,(#5032,#5039),.PCURVE_S1.);
#5028 = LINE('',#5029,#5030);
#5029 = CARTESIAN_POINT('',(3.545608251443E-12,81.662491065967,
    8.913839539718));
#5030 = VECTOR('',#5031,1.);
#5031 = DIRECTION('',(1.,0.,0.));
#5032 = PCURVE('',#1079,#5033);
#5033 = DEFINITIONAL_REPRESENTATION('',(#5034),#5038);
#5034 = LINE('',#5035,#5036);
#5035 = CARTESIAN_POINT('',(42.000000000007,0.));
#5036 = VECTOR('',#5037,1.);
#5037 = DIRECTION('',(1.,0.));
#5038 = ( GEOMETRIC_REPRESENTATION_CONTEXT(2) 
PARAMETRIC_REPRESENTATION_CONTEXT() REPRESENTATION_CONTEXT('2D SPACE',''
  ) );
#5039 = PCURVE('',#389,#5040);
#5040 = DEFINITIONAL_REPRESENTATION('',(#5041),#5045);
#5041 = LINE('',#5042,#5043);
#5042 = CARTESIAN_POINT('',(4.176544879322E-09,50.));
#5043 = VECTOR('',#5044,1.);
#5044 = DIRECTION('',(1.,0.));
#5045 = ( GEOMETRIC_REPRESENTATION_CONTEXT(2) 
PARAMETRIC_REPRESENTATION_CONTEXT() REPRESENTATION_CONTEXT('2D SPACE',''
  ) );
#5046 = ORIENTED_EDGE('',*,*,#5047,.T.);
#5047 = EDGE_CURVE('',#5025,#1064,#5048,.T.);
#5048 = SURFACE_CURVE('',#5049,(#5053,#5060),.PCURVE_S1.);
#5049 = LINE('',#5050,#5051);
#5050 = CARTESIAN_POINT('',(-42.,81.662491065967,8.913839539718));
#5051 = VECTOR('',#5052,1.);
#5052 = DIRECTION('',(0.,-9.138395397176E-03,0.999958243993));
#5053 = PCURVE('',#1079,#5054);
#5054 = DEFINITIONAL_REPRESENTATION('',(#5055),#5059);
#5055 = LINE('',#5056,#5057);
#5056 = CARTESIAN_POINT('',(0.,0.));
#5057 = VECTOR('',#5058,1.);
#5058 = DIRECTION('',(0.,-1.));
#5059 = ( GEOMETRIC_REPRESENTATION_CONTEXT(2) 
PARAMETRIC_REPRESENTATION_CONTEXT() REPRESENTATION_CONTEXT('2D SPACE',''
  ) );
#5060 = PCURVE('',#1106,#5061);
#5061 = DEFINITIONAL_REPRESENTATION('',(#5062),#5066);
#5062 = LINE('',#5063,#5064);
#5063 = CARTESIAN_POINT('',(-1.570796326795,0.));
#5064 = VECTOR('',#5065,1.);
#5065 = DIRECTION('',(-0.,-1.));
#5066 = ( GEOMETRIC_REPRESENTATION_CONTEXT(2) 
PARAMETRIC_REPRESENTATION_CONTEXT() REPRESENTATION_CONTEXT('2D SPACE',''
  ) );
#5067 = ORIENTED_EDGE('',*,*,#1063,.T.);
#5068 = ORIENTED_EDGE('',*,*,#5002,.F.);
#5069 = ADVANCED_FACE('',(#5070),#1106,.T.);
#5070 = FACE_BOUND('',#5071,.F.);
#5071 = EDGE_LOOP('',(#5072,#5073,#5074,#5097));
#5072 = ORIENTED_EDGE('',*,*,#5047,.T.);
#5073 = ORIENTED_EDGE('',*,*,#1091,.T.);
#5074 = ORIENTED_EDGE('',*,*,#5075,.F.);
#5075 = EDGE_CURVE('',#5076,#457,#5078,.T.);
#5076 = VERTEX_POINT('',#5077);
#5077 = CARTESIAN_POINT('',(-45.,78.662616333988,8.886424353526));
#5078 = SURFACE_CURVE('',#5079,(#5083,#5090),.PCURVE_S1.);
#5079 = LINE('',#5080,#5081);
#5080 = CARTESIAN_POINT('',(-45.,78.662616333988,8.886424353526));
#5081 = VECTOR('',#5082,1.);
#5082 = DIRECTION('',(0.,-9.138395397176E-03,0.999958243993));
#5083 = PCURVE('',#1106,#5084);
#5084 = DEFINITIONAL_REPRESENTATION('',(#5085),#5089);
#5085 = LINE('',#5086,#5087);
#5086 = CARTESIAN_POINT('',(-3.14159265359,0.));
#5087 = VECTOR('',#5088,1.);
#5088 = DIRECTION('',(-0.,-1.));
#5089 = ( GEOMETRIC_REPRESENTATION_CONTEXT(2) 
PARAMETRIC_REPRESENTATION_CONTEXT() REPRESENTATION_CONTEXT('2D SPACE',''
  ) );
#5090 = PCURVE('',#472,#5091);
#5091 = DEFINITIONAL_REPRESENTATION('',(#5092),#5096);
#5092 = LINE('',#5093,#5094);
#5093 = CARTESIAN_POINT('',(94.,0.));
#5094 = VECTOR('',#5095,1.);
#5095 = DIRECTION('',(0.,-1.));
#5096 = ( GEOMETRIC_REPRESENTATION_CONTEXT(2) 
PARAMETRIC_REPRESENTATION_CONTEXT() REPRESENTATION_CONTEXT('2D SPACE',''
  ) );
#5097 = ORIENTED_EDGE('',*,*,#5098,.F.);
#5098 = EDGE_CURVE('',#5025,#5076,#5099,.T.);
#5099 = SURFACE_CURVE('',#5100,(#5105,#5112),.PCURVE_S1.);
#5100 = CIRCLE('',#5101,3.);
#5101 = AXIS2_PLACEMENT_3D('',#5102,#5103,#5104);
#5102 = CARTESIAN_POINT('',(-42.,78.662616333988,8.886424353526));
#5103 = DIRECTION('',(0.,-9.138395397176E-03,0.999958243993));
#5104 = DIRECTION('',(1.,0.,0.));
#5105 = PCURVE('',#1106,#5106);
#5106 = DEFINITIONAL_REPRESENTATION('',(#5107),#5111);
#5107 = LINE('',#5108,#5109);
#5108 = CARTESIAN_POINT('',(-0.,0.));
#5109 = VECTOR('',#5110,1.);
#5110 = DIRECTION('',(-1.,0.));
#5111 = ( GEOMETRIC_REPRESENTATION_CONTEXT(2) 
PARAMETRIC_REPRESENTATION_CONTEXT() REPRESENTATION_CONTEXT('2D SPACE',''
  ) );
#5112 = PCURVE('',#389,#5113);
#5113 = DEFINITIONAL_REPRESENTATION('',(#5114),#5118);
#5114 = CIRCLE('',#5115,3.);
#5115 = AXIS2_PLACEMENT_2D('',#5116,#5117);
#5116 = CARTESIAN_POINT('',(-41.99999999583,47.));
#5117 = DIRECTION('',(1.,0.));
#5118 = ( GEOMETRIC_REPRESENTATION_CONTEXT(2) 
PARAMETRIC_REPRESENTATION_CONTEXT() REPRESENTATION_CONTEXT('2D SPACE',''
  ) );
#5119 = ADVANCED_FACE('',(#5120),#472,.T.);
#5120 = FACE_BOUND('',#5121,.T.);
#5121 = EDGE_LOOP('',(#5122,#5123,#5124,#5125));
#5122 = ORIENTED_EDGE('',*,*,#4091,.T.);
#5123 = ORIENTED_EDGE('',*,*,#454,.T.);
#5124 = ORIENTED_EDGE('',*,*,#5075,.F.);
#5125 = ORIENTED_EDGE('',*,*,#5126,.F.);
#5126 = EDGE_CURVE('',#4092,#5076,#5127,.T.);
#5127 = SURFACE_CURVE('',#5128,(#5132,#5139),.PCURVE_S1.);
#5128 = LINE('',#5129,#5130);
#5129 = CARTESIAN_POINT('',(-44.99999999999,31.664578866317,
    8.456919769859));
#5130 = VECTOR('',#5131,1.);
#5131 = DIRECTION('',(0.,0.999958243993,9.138395397176E-03));
#5132 = PCURVE('',#472,#5133);
#5133 = DEFINITIONAL_REPRESENTATION('',(#5134),#5138);
#5134 = LINE('',#5135,#5136);
#5135 = CARTESIAN_POINT('',(47.,0.));
#5136 = VECTOR('',#5137,1.);
#5137 = DIRECTION('',(1.,0.));
#5138 = ( GEOMETRIC_REPRESENTATION_CONTEXT(2) 
PARAMETRIC_REPRESENTATION_CONTEXT() REPRESENTATION_CONTEXT('2D SPACE',''
  ) );
#5139 = PCURVE('',#389,#5140);
#5140 = DEFINITIONAL_REPRESENTATION('',(#5141),#5145);
#5141 = LINE('',#5142,#5143);
#5142 = CARTESIAN_POINT('',(-44.99999999582,1.194874899368E-15));
#5143 = VECTOR('',#5144,1.);
#5144 = DIRECTION('',(0.,1.));
#5145 = ( GEOMETRIC_REPRESENTATION_CONTEXT(2) 
PARAMETRIC_REPRESENTATION_CONTEXT() REPRESENTATION_CONTEXT('2D SPACE',''
  ) );
#5146 = ADVANCED_FACE('',(#5147),#439,.T.);
#5147 = FACE_BOUND('',#5148,.F.);
#5148 = EDGE_LOOP('',(#5149,#5150,#5151,#5152));
#5149 = ORIENTED_EDGE('',*,*,#425,.T.);
#5150 = ORIENTED_EDGE('',*,*,#537,.T.);
#5151 = ORIENTED_EDGE('',*,*,#4163,.F.);
#5152 = ORIENTED_EDGE('',*,*,#5153,.F.);
#5153 = EDGE_CURVE('',#374,#4164,#5154,.T.);
#5154 = SURFACE_CURVE('',#5155,(#5160,#5167),.PCURVE_S1.);
#5155 = CIRCLE('',#5156,3.);
#5156 = AXIS2_PLACEMENT_3D('',#5157,#5158,#5159);
#5157 = CARTESIAN_POINT('',(41.999999983243,-15.33345860135,
    8.027415186192));
#5158 = DIRECTION('',(0.,-9.138395397176E-03,0.999958243993));
#5159 = DIRECTION('',(1.,0.,0.));
#5160 = PCURVE('',#439,#5161);
#5161 = DEFINITIONAL_REPRESENTATION('',(#5162),#5166);
#5162 = LINE('',#5163,#5164);
#5163 = CARTESIAN_POINT('',(-0.,0.));
#5164 = VECTOR('',#5165,1.);
#5165 = DIRECTION('',(-1.,0.));
#5166 = ( GEOMETRIC_REPRESENTATION_CONTEXT(2) 
PARAMETRIC_REPRESENTATION_CONTEXT() REPRESENTATION_CONTEXT('2D SPACE',''
  ) );
#5167 = PCURVE('',#389,#5168);
#5168 = DEFINITIONAL_REPRESENTATION('',(#5169),#5173);
#5169 = CIRCLE('',#5170,3.);
#5170 = AXIS2_PLACEMENT_2D('',#5171,#5172);
#5171 = CARTESIAN_POINT('',(41.999999987416,-47.));
#5172 = DIRECTION('',(1.,0.));
#5173 = ( GEOMETRIC_REPRESENTATION_CONTEXT(2) 
PARAMETRIC_REPRESENTATION_CONTEXT() REPRESENTATION_CONTEXT('2D SPACE',''
  ) );
#5174 = ADVANCED_FACE('',(#5175),#198,.F.);
#5175 = FACE_BOUND('',#5176,.F.);
#5176 = EDGE_LOOP('',(#5177,#5198,#5199,#5200));
#5177 = ORIENTED_EDGE('',*,*,#5178,.F.);
#5178 = EDGE_CURVE('',#4116,#113,#5179,.T.);
#5179 = SURFACE_CURVE('',#5180,(#5184,#5191),.PCURVE_S1.);
#5180 = LINE('',#5181,#5182);
#5181 = CARTESIAN_POINT('',(3.545608251443E-12,-18.33333333333,8.));
#5182 = VECTOR('',#5183,1.);
#5183 = DIRECTION('',(1.,0.,0.));
#5184 = PCURVE('',#198,#5185);
#5185 = DEFINITIONAL_REPRESENTATION('',(#5186),#5190);
#5186 = LINE('',#5187,#5188);
#5187 = CARTESIAN_POINT('',(42.000000000007,0.));
#5188 = VECTOR('',#5189,1.);
#5189 = DIRECTION('',(1.,0.));
#5190 = ( GEOMETRIC_REPRESENTATION_CONTEXT(2) 
PARAMETRIC_REPRESENTATION_CONTEXT() REPRESENTATION_CONTEXT('2D SPACE',''
  ) );
#5191 = PCURVE('',#389,#5192);
#5192 = DEFINITIONAL_REPRESENTATION('',(#5193),#5197);
#5193 = LINE('',#5194,#5195);
#5194 = CARTESIAN_POINT('',(4.176544879322E-09,-50.));
#5195 = VECTOR('',#5196,1.);
#5196 = DIRECTION('',(1.,0.));
#5197 = ( GEOMETRIC_REPRESENTATION_CONTEXT(2) 
PARAMETRIC_REPRESENTATION_CONTEXT() REPRESENTATION_CONTEXT('2D SPACE',''
  ) );
#5198 = ORIENTED_EDGE('',*,*,#4115,.T.);
#5199 = ORIENTED_EDGE('',*,*,#513,.T.);
#5200 = ORIENTED_EDGE('',*,*,#178,.F.);
#5201 = ADVANCED_FACE('',(#5202,#5290,#5296,#5302,#5308,#5314,#5320,
    #5326,#5332,#5338),#389,.F.);
#5202 = FACE_BOUND('',#5203,.F.);
#5203 = EDGE_LOOP('',(#5204,#5205,#5206,#5207,#5244,#5269,#5270,#5271,
    #5272,#5273,#5274,#5275,#5276,#5277,#5278,#5279,#5280,#5281,#5282,
    #5283,#5284,#5285,#5286,#5287,#5288,#5289));
#5204 = ORIENTED_EDGE('',*,*,#5126,.F.);
#5205 = ORIENTED_EDGE('',*,*,#4138,.T.);
#5206 = ORIENTED_EDGE('',*,*,#5178,.T.);
#5207 = ORIENTED_EDGE('',*,*,#5208,.F.);
#5208 = EDGE_CURVE('',#5209,#113,#5211,.T.);
#5209 = VERTEX_POINT('',#5210);
#5210 = CARTESIAN_POINT('',(27.75,-1.916703710348E-15,8.167544244927));
#5211 = SURFACE_CURVE('',#5212,(#5217,#5224),.PCURVE_S1.);
#5212 = ELLIPSE('',#5213,27.75115877758,27.75);
#5213 = AXIS2_PLACEMENT_3D('',#5214,#5215,#5216);
#5214 = CARTESIAN_POINT('',(1.42108547152E-14,-1.916703710348E-15,
    8.167544244927));
#5215 = DIRECTION('',(0.,-9.138395397176E-03,0.999958243993));
#5216 = DIRECTION('',(0.,-0.999958243993,-9.138395397176E-03));
#5217 = PCURVE('',#389,#5218);
#5218 = DEFINITIONAL_REPRESENTATION('',(#5219),#5223);
#5219 = ELLIPSE('',#5220,27.75115877758,27.75);
#5220 = AXIS2_PLACEMENT_2D('',#5221,#5222);
#5221 = CARTESIAN_POINT('',(4.173013481925E-09,-31.6659011079));
#5222 = DIRECTION('',(0.,-1.));
#5223 = ( GEOMETRIC_REPRESENTATION_CONTEXT(2) 
PARAMETRIC_REPRESENTATION_CONTEXT() REPRESENTATION_CONTEXT('2D SPACE',''
  ) );
#5224 = PCURVE('',#135,#5225);
#5225 = DEFINITIONAL_REPRESENTATION('',(#5226),#5243);
#5226 = B_SPLINE_CURVE_WITH_KNOTS('',8,(#5227,#5228,#5229,#5230,#5231,
    #5232,#5233,#5234,#5235,#5236,#5237,#5238,#5239,#5240,#5241,#5242),
  .UNSPECIFIED.,.F.,.F.,(9,7,9),(1.570796326795,3.502448205927,
    5.434087478256),.UNSPECIFIED.);
#5227 = CARTESIAN_POINT('',(-6.28318530718,-0.167544244927));
#5228 = CARTESIAN_POINT('',(-6.524641792071,-0.228777865835));
#5229 = CARTESIAN_POINT('',(-6.766098276963,-0.290011549573));
#5230 = CARTESIAN_POINT('',(-7.007554761852,-0.345804720341));
#5231 = CARTESIAN_POINT('',(-7.249011246747,-0.390719985804));
#5232 = CARTESIAN_POINT('',(-7.490467731636,-0.420324408799));
#5233 = CARTESIAN_POINT('',(-7.731924216528,-0.432243043344));
#5234 = CARTESIAN_POINT('',(-7.973380701421,-0.426432202809));
#5235 = CARTESIAN_POINT('',(-8.456292095353,-0.383192245412));
#5236 = CARTESIAN_POINT('',(-8.697747004394,-0.345762965121));
#5237 = CARTESIAN_POINT('',(-8.939201913436,-0.294448084166));
#5238 = CARTESIAN_POINT('',(-9.180656822477,-0.233124288114));
#5239 = CARTESIAN_POINT('',(-9.422111731517,-0.167307494877));
#5240 = CARTESIAN_POINT('',(-9.663566640559,-0.10309677766));
#5241 = CARTESIAN_POINT('',(-9.9050215496,-4.596684121345E-02));
#5242 = CARTESIAN_POINT('',(-10.14647645864,3.666429546035E-15));
#5243 = ( GEOMETRIC_REPRESENTATION_CONTEXT(2) 
PARAMETRIC_REPRESENTATION_CONTEXT() REPRESENTATION_CONTEXT('2D SPACE',''
  ) );
#5244 = ORIENTED_EDGE('',*,*,#5245,.F.);
#5245 = EDGE_CURVE('',#115,#5209,#5246,.T.);
#5246 = SURFACE_CURVE('',#5247,(#5252,#5259),.PCURVE_S1.);
#5247 = ELLIPSE('',#5248,27.75115877758,27.75);
#5248 = AXIS2_PLACEMENT_3D('',#5249,#5250,#5251);
#5249 = CARTESIAN_POINT('',(1.42108547152E-14,-1.916703710348E-15,
    8.167544244927));
#5250 = DIRECTION('',(0.,-9.138395397176E-03,0.999958243993));
#5251 = DIRECTION('',(0.,-0.999958243993,-9.138395397176E-03));
#5252 = PCURVE('',#389,#5253);
#5253 = DEFINITIONAL_REPRESENTATION('',(#5254),#5258);
#5254 = ELLIPSE('',#5255,27.75115877758,27.75);
#5255 = AXIS2_PLACEMENT_2D('',#5256,#5257);
#5256 = CARTESIAN_POINT('',(4.173013481925E-09,-31.6659011079));
#5257 = DIRECTION('',(0.,-1.));
#5258 = ( GEOMETRIC_REPRESENTATION_CONTEXT(2) 
PARAMETRIC_REPRESENTATION_CONTEXT() REPRESENTATION_CONTEXT('2D SPACE',''
  ) );
#5259 = PCURVE('',#135,#5260);
#5260 = DEFINITIONAL_REPRESENTATION('',(#5261),#5268);
#5261 = B_SPLINE_CURVE_WITH_KNOTS('',5,(#5262,#5263,#5264,#5265,#5266,
    #5267),.UNSPECIFIED.,.F.,.F.,(6,6),(0.849097828923,1.570796326795),
  .PIECEWISE_BEZIER_KNOTS.);
#5262 = CARTESIAN_POINT('',(-5.561486809308,5.381860787847E-15));
#5263 = CARTESIAN_POINT('',(-5.705826508882,-2.747858832878E-02));
#5264 = CARTESIAN_POINT('',(-5.850166208457,-5.932001405519E-02));
#5265 = CARTESIAN_POINT('',(-5.994505908031,-9.433450201355E-02));
#5266 = CARTESIAN_POINT('',(-6.138845607605,-0.130939543878));
#5267 = CARTESIAN_POINT('',(-6.28318530718,-0.167544244927));
#5268 = ( GEOMETRIC_REPRESENTATION_CONTEXT(2) 
PARAMETRIC_REPRESENTATION_CONTEXT() REPRESENTATION_CONTEXT('2D SPACE',''
  ) );
#5269 = ORIENTED_EDGE('',*,*,#373,.T.);
#5270 = ORIENTED_EDGE('',*,*,#5153,.T.);
#5271 = ORIENTED_EDGE('',*,*,#4210,.T.);
#5272 = ORIENTED_EDGE('',*,*,#4259,.T.);
#5273 = ORIENTED_EDGE('',*,*,#4284,.F.);
#5274 = ORIENTED_EDGE('',*,*,#4355,.F.);
#5275 = ORIENTED_EDGE('',*,*,#4382,.T.);
#5276 = ORIENTED_EDGE('',*,*,#4432,.F.);
#5277 = ORIENTED_EDGE('',*,*,#4503,.F.);
#5278 = ORIENTED_EDGE('',*,*,#4530,.T.);
#5279 = ORIENTED_EDGE('',*,*,#4580,.F.);
#5280 = ORIENTED_EDGE('',*,*,#4651,.F.);
#5281 = ORIENTED_EDGE('',*,*,#4678,.T.);
#5282 = ORIENTED_EDGE('',*,*,#4728,.F.);
#5283 = ORIENTED_EDGE('',*,*,#4799,.F.);
#5284 = ORIENTED_EDGE('',*,*,#4826,.T.);
#5285 = ORIENTED_EDGE('',*,*,#4876,.F.);
#5286 = ORIENTED_EDGE('',*,*,#4947,.F.);
#5287 = ORIENTED_EDGE('',*,*,#4974,.T.);
#5288 = ORIENTED_EDGE('',*,*,#5024,.F.);
#5289 = ORIENTED_EDGE('',*,*,#5098,.T.);
#5290 = FACE_BOUND('',#5291,.F.);
#5291 = EDGE_LOOP('',(#5292,#5293,#5294,#5295));
#5292 = ORIENTED_EDGE('',*,*,#4065,.F.);
#5293 = ORIENTED_EDGE('',*,*,#4033,.T.);
#5294 = ORIENTED_EDGE('',*,*,#3908,.F.);
#5295 = ORIENTED_EDGE('',*,*,#3957,.T.);
#5296 = FACE_BOUND('',#5297,.F.);
#5297 = EDGE_LOOP('',(#5298,#5299,#5300,#5301));
#5298 = ORIENTED_EDGE('',*,*,#3859,.F.);
#5299 = ORIENTED_EDGE('',*,*,#3827,.T.);
#5300 = ORIENTED_EDGE('',*,*,#3702,.F.);
#5301 = ORIENTED_EDGE('',*,*,#3751,.T.);
#5302 = FACE_BOUND('',#5303,.F.);
#5303 = EDGE_LOOP('',(#5304,#5305,#5306,#5307));
#5304 = ORIENTED_EDGE('',*,*,#3653,.F.);
#5305 = ORIENTED_EDGE('',*,*,#3621,.T.);
#5306 = ORIENTED_EDGE('',*,*,#3496,.F.);
#5307 = ORIENTED_EDGE('',*,*,#3545,.T.);
#5308 = FACE_BOUND('',#5309,.F.);
#5309 = EDGE_LOOP('',(#5310,#5311,#5312,#5313));
#5310 = ORIENTED_EDGE('',*,*,#3447,.F.);
#5311 = ORIENTED_EDGE('',*,*,#3415,.T.);
#5312 = ORIENTED_EDGE('',*,*,#3290,.F.);
#5313 = ORIENTED_EDGE('',*,*,#3339,.T.);
#5314 = FACE_BOUND('',#5315,.F.);
#5315 = EDGE_LOOP('',(#5316,#5317,#5318,#5319));
#5316 = ORIENTED_EDGE('',*,*,#3241,.F.);
#5317 = ORIENTED_EDGE('',*,*,#3209,.T.);
#5318 = ORIENTED_EDGE('',*,*,#3084,.F.);
#5319 = ORIENTED_EDGE('',*,*,#3133,.T.);
#5320 = FACE_BOUND('',#5321,.F.);
#5321 = EDGE_LOOP('',(#5322,#5323,#5324,#5325));
#5322 = ORIENTED_EDGE('',*,*,#3035,.F.);
#5323 = ORIENTED_EDGE('',*,*,#3003,.T.);
#5324 = ORIENTED_EDGE('',*,*,#2878,.F.);
#5325 = ORIENTED_EDGE('',*,*,#2927,.T.);
#5326 = FACE_BOUND('',#5327,.F.);
#5327 = EDGE_LOOP('',(#5328,#5329,#5330,#5331));
#5328 = ORIENTED_EDGE('',*,*,#2829,.F.);
#5329 = ORIENTED_EDGE('',*,*,#2797,.T.);
#5330 = ORIENTED_EDGE('',*,*,#2672,.F.);
#5331 = ORIENTED_EDGE('',*,*,#2721,.T.);
#5332 = FACE_BOUND('',#5333,.F.);
#5333 = EDGE_LOOP('',(#5334,#5335,#5336,#5337));
#5334 = ORIENTED_EDGE('',*,*,#2623,.F.);
#5335 = ORIENTED_EDGE('',*,*,#2591,.T.);
#5336 = ORIENTED_EDGE('',*,*,#2466,.F.);
#5337 = ORIENTED_EDGE('',*,*,#2515,.T.);
#5338 = FACE_BOUND('',#5339,.F.);
#5339 = EDGE_LOOP('',(#5340,#5341,#5342,#5343));
#5340 = ORIENTED_EDGE('',*,*,#2417,.F.);
#5341 = ORIENTED_EDGE('',*,*,#2385,.T.);
#5342 = ORIENTED_EDGE('',*,*,#2260,.F.);
#5343 = ORIENTED_EDGE('',*,*,#2309,.T.);
#5344 = ADVANCED_FACE('',(#5345,#5348),#290,.T.);
#5345 = FACE_BOUND('',#5346,.T.);
#5346 = EDGE_LOOP('',(#5347));
#5347 = ORIENTED_EDGE('',*,*,#275,.T.);
#5348 = FACE_BOUND('',#5349,.T.);
#5349 = EDGE_LOOP('',(#5350));
#5350 = ORIENTED_EDGE('',*,*,#5351,.F.);
#5351 = EDGE_CURVE('',#5352,#5352,#5354,.T.);
#5352 = VERTEX_POINT('',#5353);
#5353 = CARTESIAN_POINT('',(24.75,-1.916703710348E-15,11.));
#5354 = SURFACE_CURVE('',#5355,(#5360,#5367),.PCURVE_S1.);
#5355 = CIRCLE('',#5356,24.75);
#5356 = AXIS2_PLACEMENT_3D('',#5357,#5358,#5359);
#5357 = CARTESIAN_POINT('',(1.42108547152E-14,-1.916703710348E-15,11.));
#5358 = DIRECTION('',(0.,0.,1.));
#5359 = DIRECTION('',(1.,0.,0.));
#5360 = PCURVE('',#290,#5361);
#5361 = DEFINITIONAL_REPRESENTATION('',(#5362),#5366);
#5362 = CIRCLE('',#5363,24.75);
#5363 = AXIS2_PLACEMENT_2D('',#5364,#5365);
#5364 = CARTESIAN_POINT('',(2.365301850879E-15,1.132798289211E-15));
#5365 = DIRECTION('',(1.,0.));
#5366 = ( GEOMETRIC_REPRESENTATION_CONTEXT(2) 
PARAMETRIC_REPRESENTATION_CONTEXT() REPRESENTATION_CONTEXT('2D SPACE',''
  ) );
#5367 = PCURVE('',#5368,#5373);
#5368 = CYLINDRICAL_SURFACE('',#5369,24.75);
#5369 = AXIS2_PLACEMENT_3D('',#5370,#5371,#5372);
#5370 = CARTESIAN_POINT('',(1.42108547152E-14,-1.916703710348E-15,8.));
#5371 = DIRECTION('',(-0.,-0.,-1.));
#5372 = DIRECTION('',(1.,0.,0.));
#5373 = DEFINITIONAL_REPRESENTATION('',(#5374),#5378);
#5374 = LINE('',#5375,#5376);
#5375 = CARTESIAN_POINT('',(-0.,-3.));
#5376 = VECTOR('',#5377,1.);
#5377 = DIRECTION('',(-1.,0.));
#5378 = ( GEOMETRIC_REPRESENTATION_CONTEXT(2) 
PARAMETRIC_REPRESENTATION_CONTEXT() REPRESENTATION_CONTEXT('2D SPACE',''
  ) );
#5379 = ADVANCED_FACE('',(#5380),#5368,.F.);
#5380 = FACE_BOUND('',#5381,.T.);
#5381 = EDGE_LOOP('',(#5382,#5413,#5445,#5487,#5508,#5509,#5510,#5547));
#5382 = ORIENTED_EDGE('',*,*,#5383,.F.);
#5383 = EDGE_CURVE('',#5384,#5386,#5388,.T.);
#5384 = VERTEX_POINT('',#5385);
#5385 = CARTESIAN_POINT('',(-16.62682738494,-18.33333333333,8.));
#5386 = VERTEX_POINT('',#5387);
#5387 = CARTESIAN_POINT('',(16.626827384949,-18.33333333333,8.));
#5388 = SURFACE_CURVE('',#5389,(#5394,#5401),.PCURVE_S1.);
#5389 = CIRCLE('',#5390,24.75);
#5390 = AXIS2_PLACEMENT_3D('',#5391,#5392,#5393);
#5391 = CARTESIAN_POINT('',(1.42108547152E-14,-1.916703710348E-15,8.));
#5392 = DIRECTION('',(0.,0.,1.));
#5393 = DIRECTION('',(1.,0.,0.));
#5394 = PCURVE('',#5368,#5395);
#5395 = DEFINITIONAL_REPRESENTATION('',(#5396),#5400);
#5396 = LINE('',#5397,#5398);
#5397 = CARTESIAN_POINT('',(-0.,0.));
#5398 = VECTOR('',#5399,1.);
#5399 = DIRECTION('',(-1.,0.));
#5400 = ( GEOMETRIC_REPRESENTATION_CONTEXT(2) 
PARAMETRIC_REPRESENTATION_CONTEXT() REPRESENTATION_CONTEXT('2D SPACE',''
  ) );
#5401 = PCURVE('',#5402,#5407);
#5402 = PLANE('',#5403);
#5403 = AXIS2_PLACEMENT_3D('',#5404,#5405,#5406);
#5404 = CARTESIAN_POINT('',(-3.182406126637E-15,9.372203282004E-16,8.));
#5405 = DIRECTION('',(0.,0.,1.));
#5406 = DIRECTION('',(1.,0.,0.));
#5407 = DEFINITIONAL_REPRESENTATION('',(#5408),#5412);
#5408 = CIRCLE('',#5409,24.75);
#5409 = AXIS2_PLACEMENT_2D('',#5410,#5411);
#5410 = CARTESIAN_POINT('',(1.739326084184E-14,-2.853924038548E-15));
#5411 = DIRECTION('',(1.,0.));
#5412 = ( GEOMETRIC_REPRESENTATION_CONTEXT(2) 
PARAMETRIC_REPRESENTATION_CONTEXT() REPRESENTATION_CONTEXT('2D SPACE',''
  ) );
#5413 = ORIENTED_EDGE('',*,*,#5414,.T.);
#5414 = EDGE_CURVE('',#5384,#5415,#5417,.T.);
#5415 = VERTEX_POINT('',#5416);
#5416 = CARTESIAN_POINT('',(-16.60261211601,-18.35526548228,
    10.399899785583));
#5417 = SURFACE_CURVE('',#5418,(#5423,#5433),.PCURVE_S1.);
#5418 = ELLIPSE('',#5419,2.708352935533E+03,24.75);
#5419 = AXIS2_PLACEMENT_3D('',#5420,#5421,#5422);
#5420 = CARTESIAN_POINT('',(1.42108547152E-14,-1.916703710348E-15,
    -1.99810358928E+03));
#5421 = DIRECTION('',(0.,0.999958243993,9.138395397176E-03));
#5422 = DIRECTION('',(0.,9.138395397176E-03,-0.999958243993));
#5423 = PCURVE('',#5368,#5424);
#5424 = DEFINITIONAL_REPRESENTATION('',(#5425),#5432);
#5425 = B_SPLINE_CURVE_WITH_KNOTS('',5,(#5426,#5427,#5428,#5429,#5430,
    #5431),.UNSPECIFIED.,.F.,.F.,(6,6),(2.404968650252,2.406420804887),
  .PIECEWISE_BEZIER_KNOTS.);
#5426 = CARTESIAN_POINT('',(-3.975764977046,2.400000994385E-06));
#5427 = CARTESIAN_POINT('',(-3.976055407974,-0.528399256177));
#5428 = CARTESIAN_POINT('',(-3.976345838901,-1.056589393499));
#5429 = CARTESIAN_POINT('',(-3.976636269828,-1.584567919107));
#5430 = CARTESIAN_POINT('',(-3.976926700755,-2.112334740225));
#5431 = CARTESIAN_POINT('',(-3.977217131682,-2.639889764141));
#5432 = ( GEOMETRIC_REPRESENTATION_CONTEXT(2) 
PARAMETRIC_REPRESENTATION_CONTEXT() REPRESENTATION_CONTEXT('2D SPACE',''
  ) );
#5433 = PCURVE('',#5434,#5439);
#5434 = PLANE('',#5435);
#5435 = AXIS2_PLACEMENT_3D('',#5436,#5437,#5438);
#5436 = CARTESIAN_POINT('',(-42.,-18.33333333333,8.));
#5437 = DIRECTION('',(0.,0.999958243993,9.138395397176E-03));
#5438 = DIRECTION('',(1.,0.,0.));
#5439 = DEFINITIONAL_REPRESENTATION('',(#5440),#5444);
#5440 = ELLIPSE('',#5441,2.708352935533E+03,24.75);
#5441 = AXIS2_PLACEMENT_2D('',#5442,#5443);
#5442 = CARTESIAN_POINT('',(42.000000000004,2.006187359654E+03));
#5443 = DIRECTION('',(0.,1.));
#5444 = ( GEOMETRIC_REPRESENTATION_CONTEXT(2) 
PARAMETRIC_REPRESENTATION_CONTEXT() REPRESENTATION_CONTEXT('2D SPACE',''
  ) );
#5445 = ORIENTED_EDGE('',*,*,#5446,.F.);
#5446 = EDGE_CURVE('',#5447,#5415,#5449,.T.);
#5447 = VERTEX_POINT('',#5448);
#5448 = CARTESIAN_POINT('',(24.75,-1.916703710348E-15,10.567644463528));
#5449 = SURFACE_CURVE('',#5450,(#5455,#5475),.PCURVE_S1.);
#5450 = ELLIPSE('',#5451,24.751033504328,24.75);
#5451 = AXIS2_PLACEMENT_3D('',#5452,#5453,#5454);
#5452 = CARTESIAN_POINT('',(1.42108547152E-14,-1.916703710348E-15,
    10.567644463528));
#5453 = DIRECTION('',(0.,-9.138395397176E-03,0.999958243993));
#5454 = DIRECTION('',(0.,-0.999958243993,-9.138395397176E-03));
#5455 = PCURVE('',#5368,#5456);
#5456 = DEFINITIONAL_REPRESENTATION('',(#5457),#5474);
#5457 = B_SPLINE_CURVE_WITH_KNOTS('',8,(#5458,#5459,#5460,#5461,#5462,
    #5463,#5464,#5465,#5466,#5467,#5468,#5469,#5470,#5471,#5472,#5473),
  .UNSPECIFIED.,.F.,.F.,(9,7,9),(1.570796326795,4.712388980385,
    7.853981633974),.UNSPECIFIED.);
#5458 = CARTESIAN_POINT('',(0.,-2.567644463528));
#5459 = CARTESIAN_POINT('',(-0.392699081699,-2.656466999549));
#5460 = CARTESIAN_POINT('',(-0.785398163384,-2.745290243799));
#5461 = CARTESIAN_POINT('',(-1.178097245135,-2.813233429961));
#5462 = CARTESIAN_POINT('',(-1.570796326731,-2.83947294403));
#5463 = CARTESIAN_POINT('',(-1.963495408527,-2.813233429963));
#5464 = CARTESIAN_POINT('',(-2.356194490182,-2.7452902438));
#5465 = CARTESIAN_POINT('',(-2.748893571891,-2.656466999549));
#5466 = CARTESIAN_POINT('',(-3.534291735289,-2.478821927507));
#5467 = CARTESIAN_POINT('',(-3.926990816972,-2.38999868326));
#5468 = CARTESIAN_POINT('',(-4.319689898683,-2.322055497077));
#5469 = CARTESIAN_POINT('',(-4.712388980396,-2.295815983025));
#5470 = CARTESIAN_POINT('',(-5.105088062072,-2.322055497076));
#5471 = CARTESIAN_POINT('',(-5.497787143772,-2.38999868326));
#5472 = CARTESIAN_POINT('',(-5.890486225481,-2.478821927507));
#5473 = CARTESIAN_POINT('',(-6.28318530718,-2.567644463528));
#5474 = ( GEOMETRIC_REPRESENTATION_CONTEXT(2) 
PARAMETRIC_REPRESENTATION_CONTEXT() REPRESENTATION_CONTEXT('2D SPACE',''
  ) );
#5475 = PCURVE('',#5476,#5481);
#5476 = PLANE('',#5477);
#5477 = AXIS2_PLACEMENT_3D('',#5478,#5479,#5480);
#5478 = CARTESIAN_POINT('',(-4.17299927107E-09,31.642646717363,
    10.856819555442));
#5479 = DIRECTION('',(0.,-9.138395397176E-03,0.999958243993));
#5480 = DIRECTION('',(1.,0.,0.));
#5481 = DEFINITIONAL_REPRESENTATION('',(#5482),#5486);
#5482 = ELLIPSE('',#5483,24.751033504328,24.75);
#5483 = AXIS2_PLACEMENT_2D('',#5484,#5485);
#5484 = CARTESIAN_POINT('',(4.173013481925E-09,-31.64396804311));
#5485 = DIRECTION('',(0.,-1.));
#5486 = ( GEOMETRIC_REPRESENTATION_CONTEXT(2) 
PARAMETRIC_REPRESENTATION_CONTEXT() REPRESENTATION_CONTEXT('2D SPACE',''
  ) );
#5487 = ORIENTED_EDGE('',*,*,#5488,.T.);
#5488 = EDGE_CURVE('',#5447,#5352,#5489,.T.);
#5489 = SEAM_CURVE('',#5490,(#5494,#5501),.PCURVE_S1.);
#5490 = LINE('',#5491,#5492);
#5491 = CARTESIAN_POINT('',(24.75,-1.916703710348E-15,8.));
#5492 = VECTOR('',#5493,1.);
#5493 = DIRECTION('',(0.,0.,1.));
#5494 = PCURVE('',#5368,#5495);
#5495 = DEFINITIONAL_REPRESENTATION('',(#5496),#5500);
#5496 = LINE('',#5497,#5498);
#5497 = CARTESIAN_POINT('',(-6.28318530718,0.));
#5498 = VECTOR('',#5499,1.);
#5499 = DIRECTION('',(-0.,-1.));
#5500 = ( GEOMETRIC_REPRESENTATION_CONTEXT(2) 
PARAMETRIC_REPRESENTATION_CONTEXT() REPRESENTATION_CONTEXT('2D SPACE',''
  ) );
#5501 = PCURVE('',#5368,#5502);
#5502 = DEFINITIONAL_REPRESENTATION('',(#5503),#5507);
#5503 = LINE('',#5504,#5505);
#5504 = CARTESIAN_POINT('',(-0.,0.));
#5505 = VECTOR('',#5506,1.);
#5506 = DIRECTION('',(-0.,-1.));
#5507 = ( GEOMETRIC_REPRESENTATION_CONTEXT(2) 
PARAMETRIC_REPRESENTATION_CONTEXT() REPRESENTATION_CONTEXT('2D SPACE',''
  ) );
#5508 = ORIENTED_EDGE('',*,*,#5351,.T.);
#5509 = ORIENTED_EDGE('',*,*,#5488,.F.);
#5510 = ORIENTED_EDGE('',*,*,#5511,.F.);
#5511 = EDGE_CURVE('',#5512,#5447,#5514,.T.);
#5512 = VERTEX_POINT('',#5513);
#5513 = CARTESIAN_POINT('',(16.602612116013,-18.35526548228,
    10.399899785583));
#5514 = SURFACE_CURVE('',#5515,(#5520,#5540),.PCURVE_S1.);
#5515 = ELLIPSE('',#5516,24.751033504328,24.75);
#5516 = AXIS2_PLACEMENT_3D('',#5517,#5518,#5519);
#5517 = CARTESIAN_POINT('',(1.42108547152E-14,-1.916703710348E-15,
    10.567644463528));
#5518 = DIRECTION('',(0.,-9.138395397176E-03,0.999958243993));
#5519 = DIRECTION('',(0.,-0.999958243993,-9.138395397176E-03));
#5520 = PCURVE('',#5368,#5521);
#5521 = DEFINITIONAL_REPRESENTATION('',(#5522),#5539);
#5522 = B_SPLINE_CURVE_WITH_KNOTS('',8,(#5523,#5524,#5525,#5526,#5527,
    #5528,#5529,#5530,#5531,#5532,#5533,#5534,#5535,#5536,#5537,#5538),
  .UNSPECIFIED.,.F.,.F.,(9,7,9),(1.570796326795,4.712388980385,
    7.853981633974),.UNSPECIFIED.);
#5523 = CARTESIAN_POINT('',(0.,-2.567644463528));
#5524 = CARTESIAN_POINT('',(-0.392699081699,-2.656466999549));
#5525 = CARTESIAN_POINT('',(-0.785398163384,-2.745290243799));
#5526 = CARTESIAN_POINT('',(-1.178097245135,-2.813233429961));
#5527 = CARTESIAN_POINT('',(-1.570796326731,-2.83947294403));
#5528 = CARTESIAN_POINT('',(-1.963495408527,-2.813233429963));
#5529 = CARTESIAN_POINT('',(-2.356194490182,-2.7452902438));
#5530 = CARTESIAN_POINT('',(-2.748893571891,-2.656466999549));
#5531 = CARTESIAN_POINT('',(-3.534291735289,-2.478821927507));
#5532 = CARTESIAN_POINT('',(-3.926990816972,-2.38999868326));
#5533 = CARTESIAN_POINT('',(-4.319689898683,-2.322055497077));
#5534 = CARTESIAN_POINT('',(-4.712388980396,-2.295815983025));
#5535 = CARTESIAN_POINT('',(-5.105088062072,-2.322055497076));
#5536 = CARTESIAN_POINT('',(-5.497787143772,-2.38999868326));
#5537 = CARTESIAN_POINT('',(-5.890486225481,-2.478821927507));
#5538 = CARTESIAN_POINT('',(-6.28318530718,-2.567644463528));
#5539 = ( GEOMETRIC_REPRESENTATION_CONTEXT(2) 
PARAMETRIC_REPRESENTATION_CONTEXT() REPRESENTATION_CONTEXT('2D SPACE',''
  ) );
#5540 = PCURVE('',#5476,#5541);
#5541 = DEFINITIONAL_REPRESENTATION('',(#5542),#5546);
#5542 = ELLIPSE('',#5543,24.751033504328,24.75);
#5543 = AXIS2_PLACEMENT_2D('',#5544,#5545);
#5544 = CARTESIAN_POINT('',(4.173013481925E-09,-31.64396804311));
#5545 = DIRECTION('',(0.,-1.));
#5546 = ( GEOMETRIC_REPRESENTATION_CONTEXT(2) 
PARAMETRIC_REPRESENTATION_CONTEXT() REPRESENTATION_CONTEXT('2D SPACE',''
  ) );
#5547 = ORIENTED_EDGE('',*,*,#5548,.T.);
#5548 = EDGE_CURVE('',#5512,#5386,#5549,.T.);
#5549 = SURFACE_CURVE('',#5550,(#5555,#5565),.PCURVE_S1.);
#5550 = ELLIPSE('',#5551,2.708352935533E+03,24.75);
#5551 = AXIS2_PLACEMENT_3D('',#5552,#5553,#5554);
#5552 = CARTESIAN_POINT('',(1.42108547152E-14,-1.916703710348E-15,
    -1.99810358928E+03));
#5553 = DIRECTION('',(0.,0.999958243993,9.138395397176E-03));
#5554 = DIRECTION('',(0.,9.138395397176E-03,-0.999958243993));
#5555 = PCURVE('',#5368,#5556);
#5556 = DEFINITIONAL_REPRESENTATION('',(#5557),#5564);
#5557 = B_SPLINE_CURVE_WITH_KNOTS('',5,(#5558,#5559,#5560,#5561,#5562,
    #5563),.UNSPECIFIED.,.F.,.F.,(6,6),(3.876764502292,3.878216656928),
  .PIECEWISE_BEZIER_KNOTS.);
#5558 = CARTESIAN_POINT('',(-5.447560829087,-2.639889764142));
#5559 = CARTESIAN_POINT('',(-5.447851260014,-2.112334740227));
#5560 = CARTESIAN_POINT('',(-5.448141690941,-1.584567919111));
#5561 = CARTESIAN_POINT('',(-5.448432121869,-1.056589393502));
#5562 = CARTESIAN_POINT('',(-5.448722552796,-0.528399256179));
#5563 = CARTESIAN_POINT('',(-5.449012983723,2.399999630143E-06));
#5564 = ( GEOMETRIC_REPRESENTATION_CONTEXT(2) 
PARAMETRIC_REPRESENTATION_CONTEXT() REPRESENTATION_CONTEXT('2D SPACE',''
  ) );
#5565 = PCURVE('',#5434,#5566);
#5566 = DEFINITIONAL_REPRESENTATION('',(#5567),#5571);
#5567 = ELLIPSE('',#5568,2.708352935533E+03,24.75);
#5568 = AXIS2_PLACEMENT_2D('',#5569,#5570);
#5569 = CARTESIAN_POINT('',(42.000000000004,2.006187359654E+03));
#5570 = DIRECTION('',(0.,1.));
#5571 = ( GEOMETRIC_REPRESENTATION_CONTEXT(2) 
PARAMETRIC_REPRESENTATION_CONTEXT() REPRESENTATION_CONTEXT('2D SPACE',''
  ) );
#5572 = ADVANCED_FACE('',(#5573,#5598),#5476,.T.);
#5573 = FACE_BOUND('',#5574,.T.);
#5574 = EDGE_LOOP('',(#5575,#5576,#5597));
#5575 = ORIENTED_EDGE('',*,*,#5446,.T.);
#5576 = ORIENTED_EDGE('',*,*,#5577,.T.);
#5577 = EDGE_CURVE('',#5415,#5512,#5578,.T.);
#5578 = SURFACE_CURVE('',#5579,(#5583,#5590),.PCURVE_S1.);
#5579 = LINE('',#5580,#5581);
#5580 = CARTESIAN_POINT('',(3.545608251443E-12,-18.35526548228,
    10.399899785583));
#5581 = VECTOR('',#5582,1.);
#5582 = DIRECTION('',(1.,0.,0.));
#5583 = PCURVE('',#5476,#5584);
#5584 = DEFINITIONAL_REPRESENTATION('',(#5585),#5589);
#5585 = LINE('',#5586,#5587);
#5586 = CARTESIAN_POINT('',(4.176544879322E-09,-50.));
#5587 = VECTOR('',#5588,1.);
#5588 = DIRECTION('',(1.,0.));
#5589 = ( GEOMETRIC_REPRESENTATION_CONTEXT(2) 
PARAMETRIC_REPRESENTATION_CONTEXT() REPRESENTATION_CONTEXT('2D SPACE',''
  ) );
#5590 = PCURVE('',#5434,#5591);
#5591 = DEFINITIONAL_REPRESENTATION('',(#5592),#5596);
#5592 = LINE('',#5593,#5594);
#5593 = CARTESIAN_POINT('',(42.000000000007,-2.4));
#5594 = VECTOR('',#5595,1.);
#5595 = DIRECTION('',(1.,0.));
#5596 = ( GEOMETRIC_REPRESENTATION_CONTEXT(2) 
PARAMETRIC_REPRESENTATION_CONTEXT() REPRESENTATION_CONTEXT('2D SPACE',''
  ) );
#5597 = ORIENTED_EDGE('',*,*,#5511,.T.);
#5598 = FACE_BOUND('',#5599,.T.);
#5599 = EDGE_LOOP('',(#5600,#5628,#5654,#5680));
#5600 = ORIENTED_EDGE('',*,*,#5601,.T.);
#5601 = EDGE_CURVE('',#5602,#5604,#5606,.T.);
#5602 = VERTEX_POINT('',#5603);
#5603 = CARTESIAN_POINT('',(-4.386342439892,23.442989116621,
    10.781884713185));
#5604 = VERTEX_POINT('',#5605);
#5605 = CARTESIAN_POINT('',(4.386342439892,23.442989116621,
    10.781884713185));
#5606 = SURFACE_CURVE('',#5607,(#5611,#5617),.PCURVE_S1.);
#5607 = LINE('',#5608,#5609);
#5608 = CARTESIAN_POINT('',(-2.086499772279E-09,23.442989116621,
    10.781884713185));
#5609 = VECTOR('',#5610,1.);
#5610 = DIRECTION('',(1.,0.,0.));
#5611 = PCURVE('',#5476,#5612);
#5612 = DEFINITIONAL_REPRESENTATION('',(#5613),#5616);
#5613 = B_SPLINE_CURVE_WITH_KNOTS('',1,(#5614,#5615),.UNSPECIFIED.,.F.,
  .F.,(2,2),(-4.999999997914,5.000000002086),.PIECEWISE_BEZIER_KNOTS.);
#5614 = CARTESIAN_POINT('',(-4.999999995827,-8.2));
#5615 = CARTESIAN_POINT('',(5.000000004173,-8.2));
#5616 = ( GEOMETRIC_REPRESENTATION_CONTEXT(2) 
PARAMETRIC_REPRESENTATION_CONTEXT() REPRESENTATION_CONTEXT('2D SPACE',''
  ) );
#5617 = PCURVE('',#5618,#5623);
#5618 = PLANE('',#5619);
#5619 = AXIS2_PLACEMENT_3D('',#5620,#5621,#5622);
#5620 = CARTESIAN_POINT('',(-2.734880265079E-16,23.464921265574,
    8.381984927602));
#5621 = DIRECTION('',(0.,-0.999958243993,-9.138395397176E-03));
#5622 = DIRECTION('',(1.,0.,0.));
#5623 = DEFINITIONAL_REPRESENTATION('',(#5624),#5627);
#5624 = B_SPLINE_CURVE_WITH_KNOTS('',1,(#5625,#5626),.UNSPECIFIED.,.F.,
  .F.,(2,2),(-4.999999997914,5.000000002086),.PIECEWISE_BEZIER_KNOTS.);
#5625 = CARTESIAN_POINT('',(-5.,2.4));
#5626 = CARTESIAN_POINT('',(5.,2.4));
#5627 = ( GEOMETRIC_REPRESENTATION_CONTEXT(2) 
PARAMETRIC_REPRESENTATION_CONTEXT() REPRESENTATION_CONTEXT('2D SPACE',''
  ) );
#5628 = ORIENTED_EDGE('',*,*,#5629,.T.);
#5629 = EDGE_CURVE('',#5604,#5630,#5632,.T.);
#5630 = VERTEX_POINT('',#5631);
#5631 = CARTESIAN_POINT('',(4.386342439892,13.843389974288,
    10.694156117372));
#5632 = SURFACE_CURVE('',#5633,(#5637,#5643),.PCURVE_S1.);
#5633 = LINE('',#5634,#5635);
#5634 = CARTESIAN_POINT('',(4.386342439892,18.643189545454,
    10.738020415279));
#5635 = VECTOR('',#5636,1.);
#5636 = DIRECTION('',(0.,-0.999958243993,-9.138395397176E-03));
#5637 = PCURVE('',#5476,#5638);
#5638 = DEFINITIONAL_REPRESENTATION('',(#5639),#5642);
#5639 = B_SPLINE_CURVE_WITH_KNOTS('',1,(#5640,#5641),.UNSPECIFIED.,.F.,
  .F.,(2,2),(-4.8000006,4.8000006),.PIECEWISE_BEZIER_KNOTS.);
#5640 = CARTESIAN_POINT('',(4.386342444065,-8.1999994));
#5641 = CARTESIAN_POINT('',(4.386342444065,-17.8000006));
#5642 = ( GEOMETRIC_REPRESENTATION_CONTEXT(2) 
PARAMETRIC_REPRESENTATION_CONTEXT() REPRESENTATION_CONTEXT('2D SPACE',''
  ) );
#5643 = PCURVE('',#5644,#5649);
#5644 = CYLINDRICAL_SURFACE('',#5645,5.);
#5645 = AXIS2_PLACEMENT_3D('',#5646,#5647,#5648);
#5646 = CARTESIAN_POINT('',(0.,18.665121694408,8.338120629696));
#5647 = DIRECTION('',(0.,-0.999958243993,-9.138395397176E-03));
#5648 = DIRECTION('',(1.,0.,0.));
#5649 = DEFINITIONAL_REPRESENTATION('',(#5650),#5653);
#5650 = B_SPLINE_CURVE_WITH_KNOTS('',1,(#5651,#5652),.UNSPECIFIED.,.F.,
  .F.,(2,2),(-4.8000006,4.8000006),.PIECEWISE_BEZIER_KNOTS.);
#5651 = CARTESIAN_POINT('',(0.500654712405,-4.8000006));
#5652 = CARTESIAN_POINT('',(0.500654712405,4.8000006));
#5653 = ( GEOMETRIC_REPRESENTATION_CONTEXT(2) 
PARAMETRIC_REPRESENTATION_CONTEXT() REPRESENTATION_CONTEXT('2D SPACE',''
  ) );
#5654 = ORIENTED_EDGE('',*,*,#5655,.F.);
#5655 = EDGE_CURVE('',#5656,#5630,#5658,.T.);
#5656 = VERTEX_POINT('',#5657);
#5657 = CARTESIAN_POINT('',(-4.386342439892,13.843389974288,
    10.694156117372));
#5658 = SURFACE_CURVE('',#5659,(#5663,#5669),.PCURVE_S1.);
#5659 = LINE('',#5660,#5661);
#5660 = CARTESIAN_POINT('',(-2.086499772279E-09,13.843389974288,
    10.694156117372));
#5661 = VECTOR('',#5662,1.);
#5662 = DIRECTION('',(1.,0.,0.));
#5663 = PCURVE('',#5476,#5664);
#5664 = DEFINITIONAL_REPRESENTATION('',(#5665),#5668);
#5665 = B_SPLINE_CURVE_WITH_KNOTS('',1,(#5666,#5667),.UNSPECIFIED.,.F.,
  .F.,(2,2),(-4.999999997914,5.000000002086),.PIECEWISE_BEZIER_KNOTS.);
#5666 = CARTESIAN_POINT('',(-4.999999995827,-17.8));
#5667 = CARTESIAN_POINT('',(5.000000004173,-17.8));
#5668 = ( GEOMETRIC_REPRESENTATION_CONTEXT(2) 
PARAMETRIC_REPRESENTATION_CONTEXT() REPRESENTATION_CONTEXT('2D SPACE',''
  ) );
#5669 = PCURVE('',#5670,#5675);
#5670 = PLANE('',#5671);
#5671 = AXIS2_PLACEMENT_3D('',#5672,#5673,#5674);
#5672 = CARTESIAN_POINT('',(-2.734880265079E-16,13.865322123241,
    8.294256331789));
#5673 = DIRECTION('',(0.,-0.999958243993,-9.138395397176E-03));
#5674 = DIRECTION('',(1.,0.,0.));
#5675 = DEFINITIONAL_REPRESENTATION('',(#5676),#5679);
#5676 = B_SPLINE_CURVE_WITH_KNOTS('',1,(#5677,#5678),.UNSPECIFIED.,.F.,
  .F.,(2,2),(-4.999999997914,5.000000002086),.PIECEWISE_BEZIER_KNOTS.);
#5677 = CARTESIAN_POINT('',(-5.,2.4));
#5678 = CARTESIAN_POINT('',(5.,2.4));
#5679 = ( GEOMETRIC_REPRESENTATION_CONTEXT(2) 
PARAMETRIC_REPRESENTATION_CONTEXT() REPRESENTATION_CONTEXT('2D SPACE',''
  ) );
#5680 = ORIENTED_EDGE('',*,*,#5681,.F.);
#5681 = EDGE_CURVE('',#5602,#5656,#5682,.T.);
#5682 = SURFACE_CURVE('',#5683,(#5687,#5693),.PCURVE_S1.);
#5683 = LINE('',#5684,#5685);
#5684 = CARTESIAN_POINT('',(-4.386342439892,18.643189545454,
    10.738020415279));
#5685 = VECTOR('',#5686,1.);
#5686 = DIRECTION('',(0.,-0.999958243993,-9.138395397176E-03));
#5687 = PCURVE('',#5476,#5688);
#5688 = DEFINITIONAL_REPRESENTATION('',(#5689),#5692);
#5689 = B_SPLINE_CURVE_WITH_KNOTS('',1,(#5690,#5691),.UNSPECIFIED.,.F.,
  .F.,(2,2),(-4.8000006,4.8000006),.PIECEWISE_BEZIER_KNOTS.);
#5690 = CARTESIAN_POINT('',(-4.386342435719,-8.1999994));
#5691 = CARTESIAN_POINT('',(-4.386342435719,-17.8000006));
#5692 = ( GEOMETRIC_REPRESENTATION_CONTEXT(2) 
PARAMETRIC_REPRESENTATION_CONTEXT() REPRESENTATION_CONTEXT('2D SPACE',''
  ) );
#5693 = PCURVE('',#5644,#5694);
#5694 = DEFINITIONAL_REPRESENTATION('',(#5695),#5698);
#5695 = B_SPLINE_CURVE_WITH_KNOTS('',1,(#5696,#5697),.UNSPECIFIED.,.F.,
  .F.,(2,2),(-4.8000006,4.8000006),.PIECEWISE_BEZIER_KNOTS.);
#5696 = CARTESIAN_POINT('',(2.640937941185,-4.8000006));
#5697 = CARTESIAN_POINT('',(2.640937941185,4.8000006));
#5698 = ( GEOMETRIC_REPRESENTATION_CONTEXT(2) 
PARAMETRIC_REPRESENTATION_CONTEXT() REPRESENTATION_CONTEXT('2D SPACE',''
  ) );
#5699 = ADVANCED_FACE('',(#5700),#5670,.T.);
#5700 = FACE_BOUND('',#5701,.T.);
#5701 = EDGE_LOOP('',(#5702,#5703));
#5702 = ORIENTED_EDGE('',*,*,#5655,.T.);
#5703 = ORIENTED_EDGE('',*,*,#5704,.T.);
#5704 = EDGE_CURVE('',#5630,#5656,#5705,.T.);
#5705 = SURFACE_CURVE('',#5706,(#5711,#5718),.PCURVE_S1.);
#5706 = CIRCLE('',#5707,5.);
#5707 = AXIS2_PLACEMENT_3D('',#5708,#5709,#5710);
#5708 = CARTESIAN_POINT('',(0.,13.865322123241,8.294256331789));
#5709 = DIRECTION('',(0.,-0.999958243993,-9.138395397176E-03));
#5710 = DIRECTION('',(1.,0.,0.));
#5711 = PCURVE('',#5670,#5712);
#5712 = DEFINITIONAL_REPRESENTATION('',(#5713),#5717);
#5713 = CIRCLE('',#5714,5.);
#5714 = AXIS2_PLACEMENT_2D('',#5715,#5716);
#5715 = CARTESIAN_POINT('',(2.734880265079E-16,-6.938022664999E-17));
#5716 = DIRECTION('',(1.,0.));
#5717 = ( GEOMETRIC_REPRESENTATION_CONTEXT(2) 
PARAMETRIC_REPRESENTATION_CONTEXT() REPRESENTATION_CONTEXT('2D SPACE',''
  ) );
#5718 = PCURVE('',#5644,#5719);
#5719 = DEFINITIONAL_REPRESENTATION('',(#5720),#5724);
#5720 = LINE('',#5721,#5722);
#5721 = CARTESIAN_POINT('',(-0.,4.8));
#5722 = VECTOR('',#5723,1.);
#5723 = DIRECTION('',(1.,-0.));
#5724 = ( GEOMETRIC_REPRESENTATION_CONTEXT(2) 
PARAMETRIC_REPRESENTATION_CONTEXT() REPRESENTATION_CONTEXT('2D SPACE',''
  ) );
#5725 = ADVANCED_FACE('',(#5726),#5644,.T.);
#5726 = FACE_BOUND('',#5727,.T.);
#5727 = EDGE_LOOP('',(#5728,#5729,#5751,#5752));
#5728 = ORIENTED_EDGE('',*,*,#5629,.F.);
#5729 = ORIENTED_EDGE('',*,*,#5730,.T.);
#5730 = EDGE_CURVE('',#5604,#5602,#5731,.T.);
#5731 = SURFACE_CURVE('',#5732,(#5737,#5744),.PCURVE_S1.);
#5732 = CIRCLE('',#5733,5.);
#5733 = AXIS2_PLACEMENT_3D('',#5734,#5735,#5736);
#5734 = CARTESIAN_POINT('',(0.,23.464921265574,8.381984927602));
#5735 = DIRECTION('',(0.,-0.999958243993,-9.138395397176E-03));
#5736 = DIRECTION('',(1.,0.,0.));
#5737 = PCURVE('',#5644,#5738);
#5738 = DEFINITIONAL_REPRESENTATION('',(#5739),#5743);
#5739 = LINE('',#5740,#5741);
#5740 = CARTESIAN_POINT('',(0.,-4.8));
#5741 = VECTOR('',#5742,1.);
#5742 = DIRECTION('',(1.,0.));
#5743 = ( GEOMETRIC_REPRESENTATION_CONTEXT(2) 
PARAMETRIC_REPRESENTATION_CONTEXT() REPRESENTATION_CONTEXT('2D SPACE',''
  ) );
#5744 = PCURVE('',#5618,#5745);
#5745 = DEFINITIONAL_REPRESENTATION('',(#5746),#5750);
#5746 = CIRCLE('',#5747,5.);
#5747 = AXIS2_PLACEMENT_2D('',#5748,#5749);
#5748 = CARTESIAN_POINT('',(2.734880265079E-16,-6.938022664999E-17));
#5749 = DIRECTION('',(1.,0.));
#5750 = ( GEOMETRIC_REPRESENTATION_CONTEXT(2) 
PARAMETRIC_REPRESENTATION_CONTEXT() REPRESENTATION_CONTEXT('2D SPACE',''
  ) );
#5751 = ORIENTED_EDGE('',*,*,#5681,.T.);
#5752 = ORIENTED_EDGE('',*,*,#5704,.F.);
#5753 = ADVANCED_FACE('',(#5754),#5618,.F.);
#5754 = FACE_BOUND('',#5755,.F.);
#5755 = EDGE_LOOP('',(#5756,#5757));
#5756 = ORIENTED_EDGE('',*,*,#5601,.T.);
#5757 = ORIENTED_EDGE('',*,*,#5730,.T.);
#5758 = ADVANCED_FACE('',(#5759),#5434,.F.);
#5759 = FACE_BOUND('',#5760,.F.);
#5760 = EDGE_LOOP('',(#5761,#5782,#5783,#5784));
#5761 = ORIENTED_EDGE('',*,*,#5762,.F.);
#5762 = EDGE_CURVE('',#5384,#5386,#5763,.T.);
#5763 = SURFACE_CURVE('',#5764,(#5768,#5775),.PCURVE_S1.);
#5764 = LINE('',#5765,#5766);
#5765 = CARTESIAN_POINT('',(3.545608251443E-12,-18.33333333333,8.));
#5766 = VECTOR('',#5767,1.);
#5767 = DIRECTION('',(1.,0.,0.));
#5768 = PCURVE('',#5434,#5769);
#5769 = DEFINITIONAL_REPRESENTATION('',(#5770),#5774);
#5770 = LINE('',#5771,#5772);
#5771 = CARTESIAN_POINT('',(42.000000000007,0.));
#5772 = VECTOR('',#5773,1.);
#5773 = DIRECTION('',(1.,0.));
#5774 = ( GEOMETRIC_REPRESENTATION_CONTEXT(2) 
PARAMETRIC_REPRESENTATION_CONTEXT() REPRESENTATION_CONTEXT('2D SPACE',''
  ) );
#5775 = PCURVE('',#5402,#5776);
#5776 = DEFINITIONAL_REPRESENTATION('',(#5777),#5781);
#5777 = LINE('',#5778,#5779);
#5778 = CARTESIAN_POINT('',(3.54879065757E-12,-18.33333333333));
#5779 = VECTOR('',#5780,1.);
#5780 = DIRECTION('',(1.,0.));
#5781 = ( GEOMETRIC_REPRESENTATION_CONTEXT(2) 
PARAMETRIC_REPRESENTATION_CONTEXT() REPRESENTATION_CONTEXT('2D SPACE',''
  ) );
#5782 = ORIENTED_EDGE('',*,*,#5414,.T.);
#5783 = ORIENTED_EDGE('',*,*,#5577,.T.);
#5784 = ORIENTED_EDGE('',*,*,#5548,.T.);
#5785 = ADVANCED_FACE('',(#5786),#5402,.T.);
#5786 = FACE_BOUND('',#5787,.T.);
#5787 = EDGE_LOOP('',(#5788,#5789));
#5788 = ORIENTED_EDGE('',*,*,#5762,.F.);
#5789 = ORIENTED_EDGE('',*,*,#5383,.T.);
#5790 = ADVANCED_FACE('',(#5791),#135,.T.);
#5791 = FACE_BOUND('',#5792,.F.);
#5792 = EDGE_LOOP('',(#5793,#5794,#5795));
#5793 = ORIENTED_EDGE('',*,*,#112,.T.);
#5794 = ORIENTED_EDGE('',*,*,#5245,.T.);
#5795 = ORIENTED_EDGE('',*,*,#5208,.T.);
#5796 = ADVANCED_FACE('',(#5797,#5800),#94,.F.);
#5797 = FACE_BOUND('',#5798,.F.);
#5798 = EDGE_LOOP('',(#5799));
#5799 = ORIENTED_EDGE('',*,*,#79,.T.);
#5800 = FACE_BOUND('',#5801,.F.);
#5801 = EDGE_LOOP('',(#5802,#5837,#5865,#5898,#5926,#5959,#5987));
#5802 = ORIENTED_EDGE('',*,*,#5803,.T.);
#5803 = EDGE_CURVE('',#5804,#5806,#5808,.T.);
#5804 = VERTEX_POINT('',#5805);
#5805 = CARTESIAN_POINT('',(42.836657911502,19.339615791759,0.));
#5806 = VERTEX_POINT('',#5807);
#5807 = CARTESIAN_POINT('',(47.,-1.916703710348E-15,0.));
#5808 = SURFACE_CURVE('',#5809,(#5814,#5825),.PCURVE_S1.);
#5809 = CIRCLE('',#5810,47.);
#5810 = AXIS2_PLACEMENT_3D('',#5811,#5812,#5813);
#5811 = CARTESIAN_POINT('',(1.42108547152E-14,-1.916703710348E-15,0.));
#5812 = DIRECTION('',(0.,0.,-1.));
#5813 = DIRECTION('',(1.,0.,0.));
#5814 = PCURVE('',#94,#5815);
#5815 = DEFINITIONAL_REPRESENTATION('',(#5816),#5824);
#5816 = ( BOUNDED_CURVE() B_SPLINE_CURVE(2,(#5817,#5818,#5819,#5820,
#5821,#5822,#5823),.UNSPECIFIED.,.T.,.F.) B_SPLINE_CURVE_WITH_KNOTS((1,2
    ,2,2,2,1),(-2.094395102393,0.,2.094395102393,4.188790204786,
6.28318530718,8.377580409573),.UNSPECIFIED.) CURVE() 
GEOMETRIC_REPRESENTATION_ITEM() RATIONAL_B_SPLINE_CURVE((1.,0.5,1.,0.5,
1.,0.5,1.)) REPRESENTATION_ITEM('') );
#5817 = CARTESIAN_POINT('',(47.,-2.853924038548E-15));
#5818 = CARTESIAN_POINT('',(47.,-81.40638795573));
#5819 = CARTESIAN_POINT('',(-23.5,-40.70319397786));
#5820 = CARTESIAN_POINT('',(-94.,-1.436560395053E-14));
#5821 = CARTESIAN_POINT('',(-23.5,40.703193977869));
#5822 = CARTESIAN_POINT('',(47.,81.406387955737));
#5823 = CARTESIAN_POINT('',(47.,-2.853924038548E-15));
#5824 = ( GEOMETRIC_REPRESENTATION_CONTEXT(2) 
PARAMETRIC_REPRESENTATION_CONTEXT() REPRESENTATION_CONTEXT('2D SPACE',''
  ) );
#5825 = PCURVE('',#5826,#5831);
#5826 = CYLINDRICAL_SURFACE('',#5827,47.);
#5827 = AXIS2_PLACEMENT_3D('',#5828,#5829,#5830);
#5828 = CARTESIAN_POINT('',(1.42108547152E-14,-1.916703710348E-15,0.));
#5829 = DIRECTION('',(0.,0.,-1.));
#5830 = DIRECTION('',(1.,0.,0.));
#5831 = DEFINITIONAL_REPRESENTATION('',(#5832),#5836);
#5832 = LINE('',#5833,#5834);
#5833 = CARTESIAN_POINT('',(0.,0.));
#5834 = VECTOR('',#5835,1.);
#5835 = DIRECTION('',(1.,0.));
#5836 = ( GEOMETRIC_REPRESENTATION_CONTEXT(2) 
PARAMETRIC_REPRESENTATION_CONTEXT() REPRESENTATION_CONTEXT('2D SPACE',''
  ) );
#5837 = ORIENTED_EDGE('',*,*,#5838,.T.);
#5838 = EDGE_CURVE('',#5806,#5839,#5841,.T.);
#5839 = VERTEX_POINT('',#5840);
#5840 = CARTESIAN_POINT('',(4.669730380655,-46.76744186046,0.));
#5841 = SURFACE_CURVE('',#5842,(#5847,#5858),.PCURVE_S1.);
#5842 = CIRCLE('',#5843,47.);
#5843 = AXIS2_PLACEMENT_3D('',#5844,#5845,#5846);
#5844 = CARTESIAN_POINT('',(1.42108547152E-14,-1.916703710348E-15,0.));
#5845 = DIRECTION('',(0.,0.,-1.));
#5846 = DIRECTION('',(1.,0.,0.));
#5847 = PCURVE('',#94,#5848);
#5848 = DEFINITIONAL_REPRESENTATION('',(#5849),#5857);
#5849 = ( BOUNDED_CURVE() B_SPLINE_CURVE(2,(#5850,#5851,#5852,#5853,
#5854,#5855,#5856),.UNSPECIFIED.,.T.,.F.) B_SPLINE_CURVE_WITH_KNOTS((1,2
    ,2,2,2,1),(-2.094395102393,0.,2.094395102393,4.188790204786,
6.28318530718,8.377580409573),.UNSPECIFIED.) CURVE() 
GEOMETRIC_REPRESENTATION_ITEM() RATIONAL_B_SPLINE_CURVE((1.,0.5,1.,0.5,
1.,0.5,1.)) REPRESENTATION_ITEM('') );
#5850 = CARTESIAN_POINT('',(47.,-2.853924038548E-15));
#5851 = CARTESIAN_POINT('',(47.,-81.40638795573));
#5852 = CARTESIAN_POINT('',(-23.5,-40.70319397786));
#5853 = CARTESIAN_POINT('',(-94.,-1.436560395053E-14));
#5854 = CARTESIAN_POINT('',(-23.5,40.703193977869));
#5855 = CARTESIAN_POINT('',(47.,81.406387955737));
#5856 = CARTESIAN_POINT('',(47.,-2.853924038548E-15));
#5857 = ( GEOMETRIC_REPRESENTATION_CONTEXT(2) 
PARAMETRIC_REPRESENTATION_CONTEXT() REPRESENTATION_CONTEXT('2D SPACE',''
  ) );
#5858 = PCURVE('',#5826,#5859);
#5859 = DEFINITIONAL_REPRESENTATION('',(#5860),#5864);
#5860 = LINE('',#5861,#5862);
#5861 = CARTESIAN_POINT('',(0.,0.));
#5862 = VECTOR('',#5863,1.);
#5863 = DIRECTION('',(1.,0.));
#5864 = ( GEOMETRIC_REPRESENTATION_CONTEXT(2) 
PARAMETRIC_REPRESENTATION_CONTEXT() REPRESENTATION_CONTEXT('2D SPACE',''
  ) );
#5865 = ORIENTED_EDGE('',*,*,#5866,.T.);
#5866 = EDGE_CURVE('',#5839,#5867,#5869,.T.);
#5867 = VERTEX_POINT('',#5868);
#5868 = CARTESIAN_POINT('',(-4.669730380655,-46.76744186046,0.));
#5869 = SURFACE_CURVE('',#5870,(#5875,#5886),.PCURVE_S1.);
#5870 = CIRCLE('',#5871,6.);
#5871 = AXIS2_PLACEMENT_3D('',#5872,#5873,#5874);
#5872 = CARTESIAN_POINT('',(1.684384533337E-14,-43.,0.));
#5873 = DIRECTION('',(0.,0.,-1.));
#5874 = DIRECTION('',(1.,0.,0.));
#5875 = PCURVE('',#94,#5876);
#5876 = DEFINITIONAL_REPRESENTATION('',(#5877),#5885);
#5877 = ( BOUNDED_CURVE() B_SPLINE_CURVE(2,(#5878,#5879,#5880,#5881,
#5882,#5883,#5884),.UNSPECIFIED.,.T.,.F.) B_SPLINE_CURVE_WITH_KNOTS((1,2
    ,2,2,2,1),(-2.094395102393,0.,2.094395102393,4.188790204786,
6.28318530718,8.377580409573),.UNSPECIFIED.) CURVE() 
GEOMETRIC_REPRESENTATION_ITEM() RATIONAL_B_SPLINE_CURVE((1.,0.5,1.,0.5,
1.,0.5,1.)) REPRESENTATION_ITEM('') );
#5878 = CARTESIAN_POINT('',(6.,-43.));
#5879 = CARTESIAN_POINT('',(6.,-53.39230484541));
#5880 = CARTESIAN_POINT('',(-3.,-48.1961524227));
#5881 = CARTESIAN_POINT('',(-12.,-43.));
#5882 = CARTESIAN_POINT('',(-3.,-37.80384757729));
#5883 = CARTESIAN_POINT('',(6.,-32.60769515458));
#5884 = CARTESIAN_POINT('',(6.,-43.));
#5885 = ( GEOMETRIC_REPRESENTATION_CONTEXT(2) 
PARAMETRIC_REPRESENTATION_CONTEXT() REPRESENTATION_CONTEXT('2D SPACE',''
  ) );
#5886 = PCURVE('',#5887,#5892);
#5887 = CYLINDRICAL_SURFACE('',#5888,6.);
#5888 = AXIS2_PLACEMENT_3D('',#5889,#5890,#5891);
#5889 = CARTESIAN_POINT('',(1.684384533337E-14,-43.,0.));
#5890 = DIRECTION('',(0.,0.,-1.));
#5891 = DIRECTION('',(1.,0.,0.));
#5892 = DEFINITIONAL_REPRESENTATION('',(#5893),#5897);
#5893 = LINE('',#5894,#5895);
#5894 = CARTESIAN_POINT('',(0.,0.));
#5895 = VECTOR('',#5896,1.);
#5896 = DIRECTION('',(1.,0.));
#5897 = ( GEOMETRIC_REPRESENTATION_CONTEXT(2) 
PARAMETRIC_REPRESENTATION_CONTEXT() REPRESENTATION_CONTEXT('2D SPACE',''
  ) );
#5898 = ORIENTED_EDGE('',*,*,#5899,.T.);
#5899 = EDGE_CURVE('',#5867,#5900,#5902,.T.);
#5900 = VERTEX_POINT('',#5901);
#5901 = CARTESIAN_POINT('',(-42.8366579115,19.339615791759,0.));
#5902 = SURFACE_CURVE('',#5903,(#5908,#5919),.PCURVE_S1.);
#5903 = CIRCLE('',#5904,47.);
#5904 = AXIS2_PLACEMENT_3D('',#5905,#5906,#5907);
#5905 = CARTESIAN_POINT('',(1.42108547152E-14,-1.916703710348E-15,0.));
#5906 = DIRECTION('',(0.,0.,-1.));
#5907 = DIRECTION('',(1.,0.,0.));
#5908 = PCURVE('',#94,#5909);
#5909 = DEFINITIONAL_REPRESENTATION('',(#5910),#5918);
#5910 = ( BOUNDED_CURVE() B_SPLINE_CURVE(2,(#5911,#5912,#5913,#5914,
#5915,#5916,#5917),.UNSPECIFIED.,.T.,.F.) B_SPLINE_CURVE_WITH_KNOTS((1,2
    ,2,2,2,1),(-2.094395102393,0.,2.094395102393,4.188790204786,
6.28318530718,8.377580409573),.UNSPECIFIED.) CURVE() 
GEOMETRIC_REPRESENTATION_ITEM() RATIONAL_B_SPLINE_CURVE((1.,0.5,1.,0.5,
1.,0.5,1.)) REPRESENTATION_ITEM('') );
#5911 = CARTESIAN_POINT('',(47.,-2.853924038548E-15));
#5912 = CARTESIAN_POINT('',(47.,-81.40638795573));
#5913 = CARTESIAN_POINT('',(-23.5,-40.70319397786));
#5914 = CARTESIAN_POINT('',(-94.,-1.436560395053E-14));
#5915 = CARTESIAN_POINT('',(-23.5,40.703193977869));
#5916 = CARTESIAN_POINT('',(47.,81.406387955737));
#5917 = CARTESIAN_POINT('',(47.,-2.853924038548E-15));
#5918 = ( GEOMETRIC_REPRESENTATION_CONTEXT(2) 
PARAMETRIC_REPRESENTATION_CONTEXT() REPRESENTATION_CONTEXT('2D SPACE',''
  ) );
#5919 = PCURVE('',#5826,#5920);
#5920 = DEFINITIONAL_REPRESENTATION('',(#5921),#5925);
#5921 = LINE('',#5922,#5923);
#5922 = CARTESIAN_POINT('',(0.,0.));
#5923 = VECTOR('',#5924,1.);
#5924 = DIRECTION('',(1.,0.));
#5925 = ( GEOMETRIC_REPRESENTATION_CONTEXT(2) 
PARAMETRIC_REPRESENTATION_CONTEXT() REPRESENTATION_CONTEXT('2D SPACE',''
  ) );
#5926 = ORIENTED_EDGE('',*,*,#5927,.T.);
#5927 = EDGE_CURVE('',#5900,#5928,#5930,.T.);
#5928 = VERTEX_POINT('',#5929);
#5929 = CARTESIAN_POINT('',(-38.16692753084,27.427826068703,0.));
#5930 = SURFACE_CURVE('',#5931,(#5936,#5947),.PCURVE_S1.);
#5931 = CIRCLE('',#5932,6.);
#5932 = AXIS2_PLACEMENT_3D('',#5933,#5934,#5935);
#5933 = CARTESIAN_POINT('',(-37.23909236273,21.5,0.));
#5934 = DIRECTION('',(0.,0.,-1.));
#5935 = DIRECTION('',(1.,0.,0.));
#5936 = PCURVE('',#94,#5937);
#5937 = DEFINITIONAL_REPRESENTATION('',(#5938),#5946);
#5938 = ( BOUNDED_CURVE() B_SPLINE_CURVE(2,(#5939,#5940,#5941,#5942,
#5943,#5944,#5945),.UNSPECIFIED.,.T.,.F.) B_SPLINE_CURVE_WITH_KNOTS((1,2
    ,2,2,2,1),(-2.094395102393,0.,2.094395102393,4.188790204786,
6.28318530718,8.377580409573),.UNSPECIFIED.) CURVE() 
GEOMETRIC_REPRESENTATION_ITEM() RATIONAL_B_SPLINE_CURVE((1.,0.5,1.,0.5,
1.,0.5,1.)) REPRESENTATION_ITEM('') );
#5939 = CARTESIAN_POINT('',(-31.23909236273,21.5));
#5940 = CARTESIAN_POINT('',(-31.23909236273,11.107695154587));
#5941 = CARTESIAN_POINT('',(-40.23909236273,16.303847577293));
#5942 = CARTESIAN_POINT('',(-49.23909236273,21.5));
#5943 = CARTESIAN_POINT('',(-40.23909236273,26.696152422707));
#5944 = CARTESIAN_POINT('',(-31.23909236273,31.892304845413));
#5945 = CARTESIAN_POINT('',(-31.23909236273,21.5));
#5946 = ( GEOMETRIC_REPRESENTATION_CONTEXT(2) 
PARAMETRIC_REPRESENTATION_CONTEXT() REPRESENTATION_CONTEXT('2D SPACE',''
  ) );
#5947 = PCURVE('',#5948,#5953);
#5948 = CYLINDRICAL_SURFACE('',#5949,6.);
#5949 = AXIS2_PLACEMENT_3D('',#5950,#5951,#5952);
#5950 = CARTESIAN_POINT('',(-37.23909236273,21.5,0.));
#5951 = DIRECTION('',(0.,0.,-1.));
#5952 = DIRECTION('',(1.,0.,0.));
#5953 = DEFINITIONAL_REPRESENTATION('',(#5954),#5958);
#5954 = LINE('',#5955,#5956);
#5955 = CARTESIAN_POINT('',(0.,0.));
#5956 = VECTOR('',#5957,1.);
#5957 = DIRECTION('',(1.,0.));
#5958 = ( GEOMETRIC_REPRESENTATION_CONTEXT(2) 
PARAMETRIC_REPRESENTATION_CONTEXT() REPRESENTATION_CONTEXT('2D SPACE',''
  ) );
#5959 = ORIENTED_EDGE('',*,*,#5960,.T.);
#5960 = EDGE_CURVE('',#5928,#5961,#5963,.T.);
#5961 = VERTEX_POINT('',#5962);
#5962 = CARTESIAN_POINT('',(38.166927530848,27.427826068703,0.));
#5963 = SURFACE_CURVE('',#5964,(#5969,#5980),.PCURVE_S1.);
#5964 = CIRCLE('',#5965,47.);
#5965 = AXIS2_PLACEMENT_3D('',#5966,#5967,#5968);
#5966 = CARTESIAN_POINT('',(1.42108547152E-14,-1.916703710348E-15,0.));
#5967 = DIRECTION('',(0.,0.,-1.));
#5968 = DIRECTION('',(1.,0.,0.));
#5969 = PCURVE('',#94,#5970);
#5970 = DEFINITIONAL_REPRESENTATION('',(#5971),#5979);
#5971 = ( BOUNDED_CURVE() B_SPLINE_CURVE(2,(#5972,#5973,#5974,#5975,
#5976,#5977,#5978),.UNSPECIFIED.,.T.,.F.) B_SPLINE_CURVE_WITH_KNOTS((1,2
    ,2,2,2,1),(-2.094395102393,0.,2.094395102393,4.188790204786,
6.28318530718,8.377580409573),.UNSPECIFIED.) CURVE() 
GEOMETRIC_REPRESENTATION_ITEM() RATIONAL_B_SPLINE_CURVE((1.,0.5,1.,0.5,
1.,0.5,1.)) REPRESENTATION_ITEM('') );
#5972 = CARTESIAN_POINT('',(47.,-2.853924038548E-15));
#5973 = CARTESIAN_POINT('',(47.,-81.40638795573));
#5974 = CARTESIAN_POINT('',(-23.5,-40.70319397786));
#5975 = CARTESIAN_POINT('',(-94.,-1.436560395053E-14));
#5976 = CARTESIAN_POINT('',(-23.5,40.703193977869));
#5977 = CARTESIAN_POINT('',(47.,81.406387955737));
#5978 = CARTESIAN_POINT('',(47.,-2.853924038548E-15));
#5979 = ( GEOMETRIC_REPRESENTATION_CONTEXT(2) 
PARAMETRIC_REPRESENTATION_CONTEXT() REPRESENTATION_CONTEXT('2D SPACE',''
  ) );
#5980 = PCURVE('',#5826,#5981);
#5981 = DEFINITIONAL_REPRESENTATION('',(#5982),#5986);
#5982 = LINE('',#5983,#5984);
#5983 = CARTESIAN_POINT('',(0.,0.));
#5984 = VECTOR('',#5985,1.);
#5985 = DIRECTION('',(1.,0.));
#5986 = ( GEOMETRIC_REPRESENTATION_CONTEXT(2) 
PARAMETRIC_REPRESENTATION_CONTEXT() REPRESENTATION_CONTEXT('2D SPACE',''
  ) );
#5987 = ORIENTED_EDGE('',*,*,#5988,.F.);
#5988 = EDGE_CURVE('',#5804,#5961,#5989,.T.);
#5989 = SURFACE_CURVE('',#5990,(#5995,#6002),.PCURVE_S1.);
#5990 = CIRCLE('',#5991,6.);
#5991 = AXIS2_PLACEMENT_3D('',#5992,#5993,#5994);
#5992 = CARTESIAN_POINT('',(37.239092362731,21.5,0.));
#5993 = DIRECTION('',(-0.,0.,1.));
#5994 = DIRECTION('',(0.932927591462,-0.360064034707,0.));
#5995 = PCURVE('',#94,#5996);
#5996 = DEFINITIONAL_REPRESENTATION('',(#5997),#6001);
#5997 = CIRCLE('',#5998,6.);
#5998 = AXIS2_PLACEMENT_2D('',#5999,#6000);
#5999 = CARTESIAN_POINT('',(37.239092362731,21.5));
#6000 = DIRECTION('',(0.932927591462,-0.360064034707));
#6001 = ( GEOMETRIC_REPRESENTATION_CONTEXT(2) 
PARAMETRIC_REPRESENTATION_CONTEXT() REPRESENTATION_CONTEXT('2D SPACE',''
  ) );
#6002 = PCURVE('',#6003,#6008);
#6003 = CYLINDRICAL_SURFACE('',#6004,6.);
#6004 = AXIS2_PLACEMENT_3D('',#6005,#6006,#6007);
#6005 = CARTESIAN_POINT('',(37.239092362731,21.5,0.));
#6006 = DIRECTION('',(0.,0.,-1.));
#6007 = DIRECTION('',(1.,0.,0.));
#6008 = DEFINITIONAL_REPRESENTATION('',(#6009),#6013);
#6009 = LINE('',#6010,#6011);
#6010 = CARTESIAN_POINT('',(6.65152183816,0.));
#6011 = VECTOR('',#6012,1.);
#6012 = DIRECTION('',(-1.,-0.));
#6013 = ( GEOMETRIC_REPRESENTATION_CONTEXT(2) 
PARAMETRIC_REPRESENTATION_CONTEXT() REPRESENTATION_CONTEXT('2D SPACE',''
  ) );
#6014 = ADVANCED_FACE('',(#6015),#6003,.F.);
#6015 = FACE_BOUND('',#6016,.F.);
#6016 = EDGE_LOOP('',(#6017,#6018,#6039,#6072));
#6017 = ORIENTED_EDGE('',*,*,#5988,.T.);
#6018 = ORIENTED_EDGE('',*,*,#6019,.F.);
#6019 = EDGE_CURVE('',#6020,#5961,#6022,.T.);
#6020 = VERTEX_POINT('',#6021);
#6021 = CARTESIAN_POINT('',(38.166927530847,27.427826068704,2.));
#6022 = SURFACE_CURVE('',#6023,(#6027,#6033),.PCURVE_S1.);
#6023 = LINE('',#6024,#6025);
#6024 = CARTESIAN_POINT('',(38.166927530847,27.427826068704,0.));
#6025 = VECTOR('',#6026,1.);
#6026 = DIRECTION('',(0.,0.,-1.));
#6027 = PCURVE('',#6003,#6028);
#6028 = DEFINITIONAL_REPRESENTATION('',(#6029),#6032);
#6029 = B_SPLINE_CURVE_WITH_KNOTS('',1,(#6030,#6031),.UNSPECIFIED.,.F.,
  .F.,(2,2),(-2.,0.),.PIECEWISE_BEZIER_KNOTS.);
#6030 = CARTESIAN_POINT('',(4.867651225003,-2.));
#6031 = CARTESIAN_POINT('',(4.867651225003,0.));
#6032 = ( GEOMETRIC_REPRESENTATION_CONTEXT(2) 
PARAMETRIC_REPRESENTATION_CONTEXT() REPRESENTATION_CONTEXT('2D SPACE',''
  ) );
#6033 = PCURVE('',#5826,#6034);
#6034 = DEFINITIONAL_REPRESENTATION('',(#6035),#6038);
#6035 = B_SPLINE_CURVE_WITH_KNOTS('',1,(#6036,#6037),.UNSPECIFIED.,.F.,
  .F.,(2,2),(-2.0000006,6.E-07),.PIECEWISE_BEZIER_KNOTS.);
#6036 = CARTESIAN_POINT('',(5.660066368393,-2.0000006));
#6037 = CARTESIAN_POINT('',(5.660066368393,6.E-07));
#6038 = ( GEOMETRIC_REPRESENTATION_CONTEXT(2) 
PARAMETRIC_REPRESENTATION_CONTEXT() REPRESENTATION_CONTEXT('2D SPACE',''
  ) );
#6039 = ORIENTED_EDGE('',*,*,#6040,.F.);
#6040 = EDGE_CURVE('',#6041,#6020,#6043,.T.);
#6041 = VERTEX_POINT('',#6042);
#6042 = CARTESIAN_POINT('',(42.836657911502,19.339615791761,2.));
#6043 = SURFACE_CURVE('',#6044,(#6049,#6056),.PCURVE_S1.);
#6044 = CIRCLE('',#6045,6.);
#6045 = AXIS2_PLACEMENT_3D('',#6046,#6047,#6048);
#6046 = CARTESIAN_POINT('',(37.239092362731,21.5,2.));
#6047 = DIRECTION('',(-0.,0.,1.));
#6048 = DIRECTION('',(0.932927591462,-0.360064034706,0.));
#6049 = PCURVE('',#6003,#6050);
#6050 = DEFINITIONAL_REPRESENTATION('',(#6051),#6055);
#6051 = LINE('',#6052,#6053);
#6052 = CARTESIAN_POINT('',(6.65152183816,-2.));
#6053 = VECTOR('',#6054,1.);
#6054 = DIRECTION('',(-1.,-0.));
#6055 = ( GEOMETRIC_REPRESENTATION_CONTEXT(2) 
PARAMETRIC_REPRESENTATION_CONTEXT() REPRESENTATION_CONTEXT('2D SPACE',''
  ) );
#6056 = PCURVE('',#6057,#6062);
#6057 = PLANE('',#6058);
#6058 = AXIS2_PLACEMENT_3D('',#6059,#6060,#6061);
#6059 = CARTESIAN_POINT('',(37.239092362731,21.5,2.));
#6060 = DIRECTION('',(0.,0.,-1.));
#6061 = DIRECTION('',(1.,0.,0.));
#6062 = DEFINITIONAL_REPRESENTATION('',(#6063),#6071);
#6063 = ( BOUNDED_CURVE() B_SPLINE_CURVE(2,(#6064,#6065,#6066,#6067,
#6068,#6069,#6070),.UNSPECIFIED.,.T.,.F.) B_SPLINE_CURVE_WITH_KNOTS((1,2
    ,2,2,2,1),(-2.094395102393,0.,2.094395102393,4.188790204786,
6.28318530718,8.377580409573),.UNSPECIFIED.) CURVE() 
GEOMETRIC_REPRESENTATION_ITEM() RATIONAL_B_SPLINE_CURVE((1.,0.5,1.,0.5,
1.,0.5,1.)) REPRESENTATION_ITEM('') );
#6064 = CARTESIAN_POINT('',(5.597565548771,2.160384208239));
#6065 = CARTESIAN_POINT('',(9.339460761311,-7.53488372093));
#6066 = CARTESIAN_POINT('',(-0.927835168116,-5.927826068704));
#6067 = CARTESIAN_POINT('',(-11.19513109754,-4.320768416478));
#6068 = CARTESIAN_POINT('',(-4.669730380655,3.767441860465));
#6069 = CARTESIAN_POINT('',(1.855670336232,11.855652137408));
#6070 = CARTESIAN_POINT('',(5.597565548771,2.160384208239));
#6071 = ( GEOMETRIC_REPRESENTATION_CONTEXT(2) 
PARAMETRIC_REPRESENTATION_CONTEXT() REPRESENTATION_CONTEXT('2D SPACE',''
  ) );
#6072 = ORIENTED_EDGE('',*,*,#6073,.T.);
#6073 = EDGE_CURVE('',#6041,#5804,#6074,.T.);
#6074 = SURFACE_CURVE('',#6075,(#6079,#6085),.PCURVE_S1.);
#6075 = LINE('',#6076,#6077);
#6076 = CARTESIAN_POINT('',(42.836657911502,19.339615791761,0.));
#6077 = VECTOR('',#6078,1.);
#6078 = DIRECTION('',(0.,0.,-1.));
#6079 = PCURVE('',#6003,#6080);
#6080 = DEFINITIONAL_REPRESENTATION('',(#6081),#6084);
#6081 = B_SPLINE_CURVE_WITH_KNOTS('',1,(#6082,#6083),.UNSPECIFIED.,.F.,
  .F.,(2,2),(-2.,0.),.PIECEWISE_BEZIER_KNOTS.);
#6082 = CARTESIAN_POINT('',(6.65152183816,-2.));
#6083 = CARTESIAN_POINT('',(6.65152183816,0.));
#6084 = ( GEOMETRIC_REPRESENTATION_CONTEXT(2) 
PARAMETRIC_REPRESENTATION_CONTEXT() REPRESENTATION_CONTEXT('2D SPACE',''
  ) );
#6085 = PCURVE('',#5826,#6086);
#6086 = DEFINITIONAL_REPRESENTATION('',(#6087),#6090);
#6087 = B_SPLINE_CURVE_WITH_KNOTS('',1,(#6088,#6089),.UNSPECIFIED.,.F.,
  .F.,(2,2),(-2.0000006,6.E-07),.PIECEWISE_BEZIER_KNOTS.);
#6088 = CARTESIAN_POINT('',(5.85910669477,-2.0000006));
#6089 = CARTESIAN_POINT('',(5.85910669477,6.E-07));
#6090 = ( GEOMETRIC_REPRESENTATION_CONTEXT(2) 
PARAMETRIC_REPRESENTATION_CONTEXT() REPRESENTATION_CONTEXT('2D SPACE',''
  ) );
#6091 = ADVANCED_FACE('',(#6092),#6057,.T.);
#6092 = FACE_BOUND('',#6093,.T.);
#6093 = EDGE_LOOP('',(#6094,#6116));
#6094 = ORIENTED_EDGE('',*,*,#6095,.F.);
#6095 = EDGE_CURVE('',#6020,#6041,#6096,.T.);
#6096 = SURFACE_CURVE('',#6097,(#6102,#6109),.PCURVE_S1.);
#6097 = CIRCLE('',#6098,47.);
#6098 = AXIS2_PLACEMENT_3D('',#6099,#6100,#6101);
#6099 = CARTESIAN_POINT('',(1.42108547152E-14,-1.916703710348E-15,2.));
#6100 = DIRECTION('',(0.,0.,-1.));
#6101 = DIRECTION('',(1.,0.,0.));
#6102 = PCURVE('',#6057,#6103);
#6103 = DEFINITIONAL_REPRESENTATION('',(#6104),#6108);
#6104 = CIRCLE('',#6105,47.);
#6105 = AXIS2_PLACEMENT_2D('',#6106,#6107);
#6106 = CARTESIAN_POINT('',(-37.23909236273,21.5));
#6107 = DIRECTION('',(1.,0.));
#6108 = ( GEOMETRIC_REPRESENTATION_CONTEXT(2) 
PARAMETRIC_REPRESENTATION_CONTEXT() REPRESENTATION_CONTEXT('2D SPACE',''
  ) );
#6109 = PCURVE('',#5826,#6110);
#6110 = DEFINITIONAL_REPRESENTATION('',(#6111),#6115);
#6111 = LINE('',#6112,#6113);
#6112 = CARTESIAN_POINT('',(0.,-2.));
#6113 = VECTOR('',#6114,1.);
#6114 = DIRECTION('',(1.,0.));
#6115 = ( GEOMETRIC_REPRESENTATION_CONTEXT(2) 
PARAMETRIC_REPRESENTATION_CONTEXT() REPRESENTATION_CONTEXT('2D SPACE',''
  ) );
#6116 = ORIENTED_EDGE('',*,*,#6040,.F.);
#6117 = ADVANCED_FACE('',(#6118),#5948,.F.);
#6118 = FACE_BOUND('',#6119,.F.);
#6119 = EDGE_LOOP('',(#6120,#6121,#6142,#6171));
#6120 = ORIENTED_EDGE('',*,*,#5927,.F.);
#6121 = ORIENTED_EDGE('',*,*,#6122,.F.);
#6122 = EDGE_CURVE('',#6123,#5900,#6125,.T.);
#6123 = VERTEX_POINT('',#6124);
#6124 = CARTESIAN_POINT('',(-42.8366579115,19.339615791761,2.));
#6125 = SURFACE_CURVE('',#6126,(#6130,#6136),.PCURVE_S1.);
#6126 = LINE('',#6127,#6128);
#6127 = CARTESIAN_POINT('',(-42.8366579115,19.339615791761,0.));
#6128 = VECTOR('',#6129,1.);
#6129 = DIRECTION('',(0.,0.,-1.));
#6130 = PCURVE('',#5948,#6131);
#6131 = DEFINITIONAL_REPRESENTATION('',(#6132),#6135);
#6132 = B_SPLINE_CURVE_WITH_KNOTS('',1,(#6133,#6134),.UNSPECIFIED.,.F.,
  .F.,(2,2),(-2.0000006,6.E-07),.PIECEWISE_BEZIER_KNOTS.);
#6133 = CARTESIAN_POINT('',(2.773256122609,-2.0000006));
#6134 = CARTESIAN_POINT('',(2.773256122609,6.E-07));
#6135 = ( GEOMETRIC_REPRESENTATION_CONTEXT(2) 
PARAMETRIC_REPRESENTATION_CONTEXT() REPRESENTATION_CONTEXT('2D SPACE',''
  ) );
#6136 = PCURVE('',#5826,#6137);
#6137 = DEFINITIONAL_REPRESENTATION('',(#6138),#6141);
#6138 = B_SPLINE_CURVE_WITH_KNOTS('',1,(#6139,#6140),.UNSPECIFIED.,.F.,
  .F.,(2,2),(-2.0000006,6.E-07),.PIECEWISE_BEZIER_KNOTS.);
#6139 = CARTESIAN_POINT('',(3.565671266,-2.0000006));
#6140 = CARTESIAN_POINT('',(3.565671266,6.E-07));
#6141 = ( GEOMETRIC_REPRESENTATION_CONTEXT(2) 
PARAMETRIC_REPRESENTATION_CONTEXT() REPRESENTATION_CONTEXT('2D SPACE',''
  ) );
#6142 = ORIENTED_EDGE('',*,*,#6143,.T.);
#6143 = EDGE_CURVE('',#6123,#6144,#6146,.T.);
#6144 = VERTEX_POINT('',#6145);
#6145 = CARTESIAN_POINT('',(-38.16692753084,27.427826068704,2.));
#6146 = SURFACE_CURVE('',#6147,(#6152,#6159),.PCURVE_S1.);
#6147 = CIRCLE('',#6148,6.);
#6148 = AXIS2_PLACEMENT_3D('',#6149,#6150,#6151);
#6149 = CARTESIAN_POINT('',(-37.23909236273,21.5,2.));
#6150 = DIRECTION('',(0.,0.,-1.));
#6151 = DIRECTION('',(1.,0.,0.));
#6152 = PCURVE('',#5948,#6153);
#6153 = DEFINITIONAL_REPRESENTATION('',(#6154),#6158);
#6154 = LINE('',#6155,#6156);
#6155 = CARTESIAN_POINT('',(0.,-2.));
#6156 = VECTOR('',#6157,1.);
#6157 = DIRECTION('',(1.,0.));
#6158 = ( GEOMETRIC_REPRESENTATION_CONTEXT(2) 
PARAMETRIC_REPRESENTATION_CONTEXT() REPRESENTATION_CONTEXT('2D SPACE',''
  ) );
#6159 = PCURVE('',#6160,#6165);
#6160 = PLANE('',#6161);
#6161 = AXIS2_PLACEMENT_3D('',#6162,#6163,#6164);
#6162 = CARTESIAN_POINT('',(-37.23909236273,21.5,2.));
#6163 = DIRECTION('',(0.,0.,-1.));
#6164 = DIRECTION('',(1.,0.,0.));
#6165 = DEFINITIONAL_REPRESENTATION('',(#6166),#6170);
#6166 = CIRCLE('',#6167,6.);
#6167 = AXIS2_PLACEMENT_2D('',#6168,#6169);
#6168 = CARTESIAN_POINT('',(4.558133775131E-16,1.70226710729E-17));
#6169 = DIRECTION('',(1.,0.));
#6170 = ( GEOMETRIC_REPRESENTATION_CONTEXT(2) 
PARAMETRIC_REPRESENTATION_CONTEXT() REPRESENTATION_CONTEXT('2D SPACE',''
  ) );
#6171 = ORIENTED_EDGE('',*,*,#6172,.T.);
#6172 = EDGE_CURVE('',#6144,#5928,#6173,.T.);
#6173 = SURFACE_CURVE('',#6174,(#6178,#6184),.PCURVE_S1.);
#6174 = LINE('',#6175,#6176);
#6175 = CARTESIAN_POINT('',(-38.16692753084,27.427826068704,0.));
#6176 = VECTOR('',#6177,1.);
#6177 = DIRECTION('',(0.,0.,-1.));
#6178 = PCURVE('',#5948,#6179);
#6179 = DEFINITIONAL_REPRESENTATION('',(#6180),#6183);
#6180 = B_SPLINE_CURVE_WITH_KNOTS('',1,(#6181,#6182),.UNSPECIFIED.,.F.,
  .F.,(2,2),(-2.0000006,6.E-07),.PIECEWISE_BEZIER_KNOTS.);
#6181 = CARTESIAN_POINT('',(4.557126735767,-2.0000006));
#6182 = CARTESIAN_POINT('',(4.557126735767,6.E-07));
#6183 = ( GEOMETRIC_REPRESENTATION_CONTEXT(2) 
PARAMETRIC_REPRESENTATION_CONTEXT() REPRESENTATION_CONTEXT('2D SPACE',''
  ) );
#6184 = PCURVE('',#5826,#6185);
#6185 = DEFINITIONAL_REPRESENTATION('',(#6186),#6189);
#6186 = B_SPLINE_CURVE_WITH_KNOTS('',1,(#6187,#6188),.UNSPECIFIED.,.F.,
  .F.,(2,2),(-2.0000006,6.E-07),.PIECEWISE_BEZIER_KNOTS.);
#6187 = CARTESIAN_POINT('',(3.764711592376,-2.0000006));
#6188 = CARTESIAN_POINT('',(3.764711592376,6.E-07));
#6189 = ( GEOMETRIC_REPRESENTATION_CONTEXT(2) 
PARAMETRIC_REPRESENTATION_CONTEXT() REPRESENTATION_CONTEXT('2D SPACE',''
  ) );
#6190 = ADVANCED_FACE('',(#6191),#6160,.T.);
#6191 = FACE_BOUND('',#6192,.T.);
#6192 = EDGE_LOOP('',(#6193,#6215));
#6193 = ORIENTED_EDGE('',*,*,#6194,.F.);
#6194 = EDGE_CURVE('',#6123,#6144,#6195,.T.);
#6195 = SURFACE_CURVE('',#6196,(#6201,#6208),.PCURVE_S1.);
#6196 = CIRCLE('',#6197,47.);
#6197 = AXIS2_PLACEMENT_3D('',#6198,#6199,#6200);
#6198 = CARTESIAN_POINT('',(1.42108547152E-14,-1.916703710348E-15,2.));
#6199 = DIRECTION('',(0.,0.,-1.));
#6200 = DIRECTION('',(1.,0.,0.));
#6201 = PCURVE('',#6160,#6202);
#6202 = DEFINITIONAL_REPRESENTATION('',(#6203),#6207);
#6203 = CIRCLE('',#6204,47.);
#6204 = AXIS2_PLACEMENT_2D('',#6205,#6206);
#6205 = CARTESIAN_POINT('',(37.239092362731,21.5));
#6206 = DIRECTION('',(1.,0.));
#6207 = ( GEOMETRIC_REPRESENTATION_CONTEXT(2) 
PARAMETRIC_REPRESENTATION_CONTEXT() REPRESENTATION_CONTEXT('2D SPACE',''
  ) );
#6208 = PCURVE('',#5826,#6209);
#6209 = DEFINITIONAL_REPRESENTATION('',(#6210),#6214);
#6210 = LINE('',#6211,#6212);
#6211 = CARTESIAN_POINT('',(0.,-2.));
#6212 = VECTOR('',#6213,1.);
#6213 = DIRECTION('',(1.,0.));
#6214 = ( GEOMETRIC_REPRESENTATION_CONTEXT(2) 
PARAMETRIC_REPRESENTATION_CONTEXT() REPRESENTATION_CONTEXT('2D SPACE',''
  ) );
#6215 = ORIENTED_EDGE('',*,*,#6143,.T.);
#6216 = ADVANCED_FACE('',(#6217),#5887,.F.);
#6217 = FACE_BOUND('',#6218,.F.);
#6218 = EDGE_LOOP('',(#6219,#6220,#6241,#6270));
#6219 = ORIENTED_EDGE('',*,*,#5866,.F.);
#6220 = ORIENTED_EDGE('',*,*,#6221,.F.);
#6221 = EDGE_CURVE('',#6222,#5839,#6224,.T.);
#6222 = VERTEX_POINT('',#6223);
#6223 = CARTESIAN_POINT('',(4.669730380655,-46.76744186046,2.));
#6224 = SURFACE_CURVE('',#6225,(#6229,#6235),.PCURVE_S1.);
#6225 = LINE('',#6226,#6227);
#6226 = CARTESIAN_POINT('',(4.669730380655,-46.76744186046,0.));
#6227 = VECTOR('',#6228,1.);
#6228 = DIRECTION('',(0.,0.,-1.));
#6229 = PCURVE('',#5887,#6230);
#6230 = DEFINITIONAL_REPRESENTATION('',(#6231),#6234);
#6231 = B_SPLINE_CURVE_WITH_KNOTS('',1,(#6232,#6233),.UNSPECIFIED.,.F.,
  .F.,(2,2),(-2.0000006,6.E-07),.PIECEWISE_BEZIER_KNOTS.);
#6232 = CARTESIAN_POINT('',(0.678861020216,-2.0000006));
#6233 = CARTESIAN_POINT('',(0.678861020216,6.E-07));
#6234 = ( GEOMETRIC_REPRESENTATION_CONTEXT(2) 
PARAMETRIC_REPRESENTATION_CONTEXT() REPRESENTATION_CONTEXT('2D SPACE',''
  ) );
#6235 = PCURVE('',#5826,#6236);
#6236 = DEFINITIONAL_REPRESENTATION('',(#6237),#6240);
#6237 = B_SPLINE_CURVE_WITH_KNOTS('',1,(#6238,#6239),.UNSPECIFIED.,.F.,
  .F.,(2,2),(-2.0000006,6.E-07),.PIECEWISE_BEZIER_KNOTS.);
#6238 = CARTESIAN_POINT('',(1.471276163607,-2.0000006));
#6239 = CARTESIAN_POINT('',(1.471276163607,6.E-07));
#6240 = ( GEOMETRIC_REPRESENTATION_CONTEXT(2) 
PARAMETRIC_REPRESENTATION_CONTEXT() REPRESENTATION_CONTEXT('2D SPACE',''
  ) );
#6241 = ORIENTED_EDGE('',*,*,#6242,.T.);
#6242 = EDGE_CURVE('',#6222,#6243,#6245,.T.);
#6243 = VERTEX_POINT('',#6244);
#6244 = CARTESIAN_POINT('',(-4.669730380655,-46.76744186046,2.));
#6245 = SURFACE_CURVE('',#6246,(#6251,#6258),.PCURVE_S1.);
#6246 = CIRCLE('',#6247,6.);
#6247 = AXIS2_PLACEMENT_3D('',#6248,#6249,#6250);
#6248 = CARTESIAN_POINT('',(1.684384533337E-14,-43.,2.));
#6249 = DIRECTION('',(0.,0.,-1.));
#6250 = DIRECTION('',(1.,0.,0.));
#6251 = PCURVE('',#5887,#6252);
#6252 = DEFINITIONAL_REPRESENTATION('',(#6253),#6257);
#6253 = LINE('',#6254,#6255);
#6254 = CARTESIAN_POINT('',(0.,-2.));
#6255 = VECTOR('',#6256,1.);
#6256 = DIRECTION('',(1.,0.));
#6257 = ( GEOMETRIC_REPRESENTATION_CONTEXT(2) 
PARAMETRIC_REPRESENTATION_CONTEXT() REPRESENTATION_CONTEXT('2D SPACE',''
  ) );
#6258 = PCURVE('',#6259,#6264);
#6259 = PLANE('',#6260);
#6260 = AXIS2_PLACEMENT_3D('',#6261,#6262,#6263);
#6261 = CARTESIAN_POINT('',(1.638803195586E-14,-43.,2.));
#6262 = DIRECTION('',(0.,0.,-1.));
#6263 = DIRECTION('',(1.,0.,0.));
#6264 = DEFINITIONAL_REPRESENTATION('',(#6265),#6269);
#6265 = CIRCLE('',#6266,6.);
#6266 = AXIS2_PLACEMENT_2D('',#6267,#6268);
#6267 = CARTESIAN_POINT('',(4.558133775131E-16,1.70226710729E-17));
#6268 = DIRECTION('',(1.,0.));
#6269 = ( GEOMETRIC_REPRESENTATION_CONTEXT(2) 
PARAMETRIC_REPRESENTATION_CONTEXT() REPRESENTATION_CONTEXT('2D SPACE',''
  ) );
#6270 = ORIENTED_EDGE('',*,*,#6271,.T.);
#6271 = EDGE_CURVE('',#6243,#5867,#6272,.T.);
#6272 = SURFACE_CURVE('',#6273,(#6277,#6283),.PCURVE_S1.);
#6273 = LINE('',#6274,#6275);
#6274 = CARTESIAN_POINT('',(-4.669730380655,-46.76744186046,0.));
#6275 = VECTOR('',#6276,1.);
#6276 = DIRECTION('',(0.,0.,-1.));
#6277 = PCURVE('',#5887,#6278);
#6278 = DEFINITIONAL_REPRESENTATION('',(#6279),#6282);
#6279 = B_SPLINE_CURVE_WITH_KNOTS('',1,(#6280,#6281),.UNSPECIFIED.,.F.,
  .F.,(2,2),(-2.0000006,6.E-07),.PIECEWISE_BEZIER_KNOTS.);
#6280 = CARTESIAN_POINT('',(2.462731633374,-2.0000006));
#6281 = CARTESIAN_POINT('',(2.462731633374,6.E-07));
#6282 = ( GEOMETRIC_REPRESENTATION_CONTEXT(2) 
PARAMETRIC_REPRESENTATION_CONTEXT() REPRESENTATION_CONTEXT('2D SPACE',''
  ) );
#6283 = PCURVE('',#5826,#6284);
#6284 = DEFINITIONAL_REPRESENTATION('',(#6285),#6288);
#6285 = B_SPLINE_CURVE_WITH_KNOTS('',1,(#6286,#6287),.UNSPECIFIED.,.F.,
  .F.,(2,2),(-2.0000006,6.E-07),.PIECEWISE_BEZIER_KNOTS.);
#6286 = CARTESIAN_POINT('',(1.670316489983,-2.0000006));
#6287 = CARTESIAN_POINT('',(1.670316489983,6.E-07));
#6288 = ( GEOMETRIC_REPRESENTATION_CONTEXT(2) 
PARAMETRIC_REPRESENTATION_CONTEXT() REPRESENTATION_CONTEXT('2D SPACE',''
  ) );
#6289 = ADVANCED_FACE('',(#6290),#6259,.T.);
#6290 = FACE_BOUND('',#6291,.T.);
#6291 = EDGE_LOOP('',(#6292,#6314));
#6292 = ORIENTED_EDGE('',*,*,#6293,.F.);
#6293 = EDGE_CURVE('',#6222,#6243,#6294,.T.);
#6294 = SURFACE_CURVE('',#6295,(#6300,#6307),.PCURVE_S1.);
#6295 = CIRCLE('',#6296,47.);
#6296 = AXIS2_PLACEMENT_3D('',#6297,#6298,#6299);
#6297 = CARTESIAN_POINT('',(1.42108547152E-14,-1.916703710348E-15,2.));
#6298 = DIRECTION('',(0.,0.,-1.));
#6299 = DIRECTION('',(1.,0.,0.));
#6300 = PCURVE('',#6259,#6301);
#6301 = DEFINITIONAL_REPRESENTATION('',(#6302),#6306);
#6302 = CIRCLE('',#6303,47.);
#6303 = AXIS2_PLACEMENT_2D('',#6304,#6305);
#6304 = CARTESIAN_POINT('',(-2.177177240654E-15,-43.));
#6305 = DIRECTION('',(1.,0.));
#6306 = ( GEOMETRIC_REPRESENTATION_CONTEXT(2) 
PARAMETRIC_REPRESENTATION_CONTEXT() REPRESENTATION_CONTEXT('2D SPACE',''
  ) );
#6307 = PCURVE('',#5826,#6308);
#6308 = DEFINITIONAL_REPRESENTATION('',(#6309),#6313);
#6309 = LINE('',#6310,#6311);
#6310 = CARTESIAN_POINT('',(0.,-2.));
#6311 = VECTOR('',#6312,1.);
#6312 = DIRECTION('',(1.,0.));
#6313 = ( GEOMETRIC_REPRESENTATION_CONTEXT(2) 
PARAMETRIC_REPRESENTATION_CONTEXT() REPRESENTATION_CONTEXT('2D SPACE',''
  ) );
#6314 = ORIENTED_EDGE('',*,*,#6242,.T.);
#6315 = ADVANCED_FACE('',(#6316),#5826,.F.);
#6316 = FACE_BOUND('',#6317,.F.);
#6317 = EDGE_LOOP('',(#6318,#6319,#6342,#6369,#6370,#6371,#6372,#6373,
    #6374,#6375,#6376,#6377,#6378,#6379,#6380,#6381));
#6318 = ORIENTED_EDGE('',*,*,#5838,.F.);
#6319 = ORIENTED_EDGE('',*,*,#6320,.T.);
#6320 = EDGE_CURVE('',#5806,#6321,#6323,.T.);
#6321 = VERTEX_POINT('',#6322);
#6322 = CARTESIAN_POINT('',(47.,-1.916703710348E-15,4.));
#6323 = SEAM_CURVE('',#6324,(#6328,#6335),.PCURVE_S1.);
#6324 = LINE('',#6325,#6326);
#6325 = CARTESIAN_POINT('',(47.,-1.916703710348E-15,0.));
#6326 = VECTOR('',#6327,1.);
#6327 = DIRECTION('',(0.,0.,1.));
#6328 = PCURVE('',#5826,#6329);
#6329 = DEFINITIONAL_REPRESENTATION('',(#6330),#6334);
#6330 = LINE('',#6331,#6332);
#6331 = CARTESIAN_POINT('',(6.28318530718,0.));
#6332 = VECTOR('',#6333,1.);
#6333 = DIRECTION('',(0.,-1.));
#6334 = ( GEOMETRIC_REPRESENTATION_CONTEXT(2) 
PARAMETRIC_REPRESENTATION_CONTEXT() REPRESENTATION_CONTEXT('2D SPACE',''
  ) );
#6335 = PCURVE('',#5826,#6336);
#6336 = DEFINITIONAL_REPRESENTATION('',(#6337),#6341);
#6337 = LINE('',#6338,#6339);
#6338 = CARTESIAN_POINT('',(0.,0.));
#6339 = VECTOR('',#6340,1.);
#6340 = DIRECTION('',(0.,-1.));
#6341 = ( GEOMETRIC_REPRESENTATION_CONTEXT(2) 
PARAMETRIC_REPRESENTATION_CONTEXT() REPRESENTATION_CONTEXT('2D SPACE',''
  ) );
#6342 = ORIENTED_EDGE('',*,*,#6343,.T.);
#6343 = EDGE_CURVE('',#6321,#6321,#6344,.T.);
#6344 = SURFACE_CURVE('',#6345,(#6350,#6357),.PCURVE_S1.);
#6345 = CIRCLE('',#6346,47.);
#6346 = AXIS2_PLACEMENT_3D('',#6347,#6348,#6349);
#6347 = CARTESIAN_POINT('',(1.42108547152E-14,-1.916703710348E-15,4.));
#6348 = DIRECTION('',(0.,0.,-1.));
#6349 = DIRECTION('',(1.,0.,0.));
#6350 = PCURVE('',#5826,#6351);
#6351 = DEFINITIONAL_REPRESENTATION('',(#6352),#6356);
#6352 = LINE('',#6353,#6354);
#6353 = CARTESIAN_POINT('',(0.,-4.));
#6354 = VECTOR('',#6355,1.);
#6355 = DIRECTION('',(1.,0.));
#6356 = ( GEOMETRIC_REPRESENTATION_CONTEXT(2) 
PARAMETRIC_REPRESENTATION_CONTEXT() REPRESENTATION_CONTEXT('2D SPACE',''
  ) );
#6357 = PCURVE('',#6358,#6363);
#6358 = PLANE('',#6359);
#6359 = AXIS2_PLACEMENT_3D('',#6360,#6361,#6362);
#6360 = CARTESIAN_POINT('',(1.141778550831E-14,1.90960831628E-18,4.));
#6361 = DIRECTION('',(0.,0.,-1.));
#6362 = DIRECTION('',(1.,0.,0.));
#6363 = DEFINITIONAL_REPRESENTATION('',(#6364),#6368);
#6364 = CIRCLE('',#6365,47.);
#6365 = AXIS2_PLACEMENT_2D('',#6366,#6367);
#6366 = CARTESIAN_POINT('',(2.793069206889E-15,1.918613318664E-15));
#6367 = DIRECTION('',(1.,0.));
#6368 = ( GEOMETRIC_REPRESENTATION_CONTEXT(2) 
PARAMETRIC_REPRESENTATION_CONTEXT() REPRESENTATION_CONTEXT('2D SPACE',''
  ) );
#6369 = ORIENTED_EDGE('',*,*,#6320,.F.);
#6370 = ORIENTED_EDGE('',*,*,#5803,.F.);
#6371 = ORIENTED_EDGE('',*,*,#6073,.F.);
#6372 = ORIENTED_EDGE('',*,*,#6095,.F.);
#6373 = ORIENTED_EDGE('',*,*,#6019,.T.);
#6374 = ORIENTED_EDGE('',*,*,#5960,.F.);
#6375 = ORIENTED_EDGE('',*,*,#6172,.F.);
#6376 = ORIENTED_EDGE('',*,*,#6194,.F.);
#6377 = ORIENTED_EDGE('',*,*,#6122,.T.);
#6378 = ORIENTED_EDGE('',*,*,#5899,.F.);
#6379 = ORIENTED_EDGE('',*,*,#6271,.F.);
#6380 = ORIENTED_EDGE('',*,*,#6293,.F.);
#6381 = ORIENTED_EDGE('',*,*,#6221,.T.);
#6382 = ADVANCED_FACE('',(#6383,#6386),#6358,.T.);
#6383 = FACE_BOUND('',#6384,.T.);
#6384 = EDGE_LOOP('',(#6385));
#6385 = ORIENTED_EDGE('',*,*,#6343,.T.);
#6386 = FACE_BOUND('',#6387,.T.);
#6387 = EDGE_LOOP('',(#6388,#6422,#6448,#6475));
#6388 = ORIENTED_EDGE('',*,*,#6389,.F.);
#6389 = EDGE_CURVE('',#6390,#6392,#6394,.T.);
#6390 = VERTEX_POINT('',#6391);
#6391 = CARTESIAN_POINT('',(-2.560824563623,13.904566374221,4.));
#6392 = VERTEX_POINT('',#6393);
#6393 = CARTESIAN_POINT('',(-2.407613842274,23.504967248627,4.));
#6394 = SURFACE_CURVE('',#6395,(#6400,#6407),.PCURVE_S1.);
#6395 = ELLIPSE('',#6396,547.14200717831,5.);
#6396 = AXIS2_PLACEMENT_3D('',#6397,#6398,#6399);
#6397 = CARTESIAN_POINT('',(0.,-456.0286619036,4.));
#6398 = DIRECTION('',(0.,0.,-1.));
#6399 = DIRECTION('',(0.,-1.,0.));
#6400 = PCURVE('',#6358,#6401);
#6401 = DEFINITIONAL_REPRESENTATION('',(#6402),#6406);
#6402 = ELLIPSE('',#6403,547.14200717831,5.);
#6403 = AXIS2_PLACEMENT_2D('',#6404,#6405);
#6404 = CARTESIAN_POINT('',(-1.141778550831E-14,456.0286619036));
#6405 = DIRECTION('',(0.,1.));
#6406 = ( GEOMETRIC_REPRESENTATION_CONTEXT(2) 
PARAMETRIC_REPRESENTATION_CONTEXT() REPRESENTATION_CONTEXT('2D SPACE',''
  ) );
#6407 = PCURVE('',#6408,#6413);
#6408 = CYLINDRICAL_SURFACE('',#6409,5.);
#6409 = AXIS2_PLACEMENT_3D('',#6410,#6411,#6412);
#6410 = CARTESIAN_POINT('',(0.,18.665121694408,8.338120629696));
#6411 = DIRECTION('',(0.,-0.999958243993,-9.138395397176E-03));
#6412 = DIRECTION('',(1.,0.,0.));
#6413 = DEFINITIONAL_REPRESENTATION('',(#6414),#6421);
#6414 = B_SPLINE_CURVE_WITH_KNOTS('',5,(#6415,#6416,#6417,#6418,#6419,
    #6420),.UNSPECIFIED.,.F.,.F.,(6,6),(2.603889141439,2.639201317718),
  .PIECEWISE_BEZIER_KNOTS.);
#6415 = CARTESIAN_POINT('',(4.174685468233,4.8000024));
#6416 = CARTESIAN_POINT('',(4.181747903489,2.821000401138));
#6417 = CARTESIAN_POINT('',(4.188810338745,0.871296335783));
#6418 = CARTESIAN_POINT('',(4.195872774001,-1.04890415287));
#6419 = CARTESIAN_POINT('',(4.202935209257,-2.939401511289));
#6420 = CARTESIAN_POINT('',(4.209997644513,-4.8000024));
#6421 = ( GEOMETRIC_REPRESENTATION_CONTEXT(2) 
PARAMETRIC_REPRESENTATION_CONTEXT() REPRESENTATION_CONTEXT('2D SPACE',''
  ) );
#6422 = ORIENTED_EDGE('',*,*,#6423,.F.);
#6423 = EDGE_CURVE('',#6424,#6390,#6426,.T.);
#6424 = VERTEX_POINT('',#6425);
#6425 = CARTESIAN_POINT('',(2.560824563623,13.904566374221,4.));
#6426 = SURFACE_CURVE('',#6427,(#6431,#6437),.PCURVE_S1.);
#6427 = LINE('',#6428,#6429);
#6428 = CARTESIAN_POINT('',(5.572148740903E-15,13.904566374221,4.));
#6429 = VECTOR('',#6430,1.);
#6430 = DIRECTION('',(-1.,0.,-0.));
#6431 = PCURVE('',#6358,#6432);
#6432 = DEFINITIONAL_REPRESENTATION('',(#6433),#6436);
#6433 = B_SPLINE_CURVE_WITH_KNOTS('',1,(#6434,#6435),.UNSPECIFIED.,.F.,
  .F.,(2,2),(-5.,5.),.PIECEWISE_BEZIER_KNOTS.);
#6434 = CARTESIAN_POINT('',(5.,-13.90456637422));
#6435 = CARTESIAN_POINT('',(-5.,-13.90456637422));
#6436 = ( GEOMETRIC_REPRESENTATION_CONTEXT(2) 
PARAMETRIC_REPRESENTATION_CONTEXT() REPRESENTATION_CONTEXT('2D SPACE',''
  ) );
#6437 = PCURVE('',#6438,#6443);
#6438 = PLANE('',#6439);
#6439 = AXIS2_PLACEMENT_3D('',#6440,#6441,#6442);
#6440 = CARTESIAN_POINT('',(-2.734880265079E-16,13.865322123241,
    8.294256331789));
#6441 = DIRECTION('',(0.,-0.999958243993,-9.138395397176E-03));
#6442 = DIRECTION('',(1.,0.,0.));
#6443 = DEFINITIONAL_REPRESENTATION('',(#6444),#6447);
#6444 = B_SPLINE_CURVE_WITH_KNOTS('',1,(#6445,#6446),.UNSPECIFIED.,.F.,
  .F.,(2,2),(-5.,5.),.PIECEWISE_BEZIER_KNOTS.);
#6445 = CARTESIAN_POINT('',(5.,-4.294435650274));
#6446 = CARTESIAN_POINT('',(-5.,-4.294435650274));
#6447 = ( GEOMETRIC_REPRESENTATION_CONTEXT(2) 
PARAMETRIC_REPRESENTATION_CONTEXT() REPRESENTATION_CONTEXT('2D SPACE',''
  ) );
#6448 = ORIENTED_EDGE('',*,*,#6449,.F.);
#6449 = EDGE_CURVE('',#6450,#6424,#6452,.T.);
#6450 = VERTEX_POINT('',#6451);
#6451 = CARTESIAN_POINT('',(2.407613842274,23.504967248627,4.));
#6452 = SURFACE_CURVE('',#6453,(#6458,#6465),.PCURVE_S1.);
#6453 = ELLIPSE('',#6454,547.14200717831,5.);
#6454 = AXIS2_PLACEMENT_3D('',#6455,#6456,#6457);
#6455 = CARTESIAN_POINT('',(0.,-456.0286619036,4.));
#6456 = DIRECTION('',(0.,0.,-1.));
#6457 = DIRECTION('',(0.,-1.,0.));
#6458 = PCURVE('',#6358,#6459);
#6459 = DEFINITIONAL_REPRESENTATION('',(#6460),#6464);
#6460 = ELLIPSE('',#6461,547.14200717831,5.);
#6461 = AXIS2_PLACEMENT_2D('',#6462,#6463);
#6462 = CARTESIAN_POINT('',(-1.141778550831E-14,456.0286619036));
#6463 = DIRECTION('',(0.,1.));
#6464 = ( GEOMETRIC_REPRESENTATION_CONTEXT(2) 
PARAMETRIC_REPRESENTATION_CONTEXT() REPRESENTATION_CONTEXT('2D SPACE',''
  ) );
#6465 = PCURVE('',#6408,#6466);
#6466 = DEFINITIONAL_REPRESENTATION('',(#6467),#6474);
#6467 = B_SPLINE_CURVE_WITH_KNOTS('',5,(#6468,#6469,#6470,#6471,#6472,
    #6473),.UNSPECIFIED.,.F.,.F.,(6,6),(3.643983989461,3.679296165741),
  .PIECEWISE_BEZIER_KNOTS.);
#6468 = CARTESIAN_POINT('',(5.214780316256,-4.8000024));
#6469 = CARTESIAN_POINT('',(5.221842751512,-2.939401511289));
#6470 = CARTESIAN_POINT('',(5.228905186768,-1.04890415287));
#6471 = CARTESIAN_POINT('',(5.235967622024,0.871296335782));
#6472 = CARTESIAN_POINT('',(5.24303005728,2.821000401138));
#6473 = CARTESIAN_POINT('',(5.250092492536,4.8000024));
#6474 = ( GEOMETRIC_REPRESENTATION_CONTEXT(2) 
PARAMETRIC_REPRESENTATION_CONTEXT() REPRESENTATION_CONTEXT('2D SPACE',''
  ) );
#6475 = ORIENTED_EDGE('',*,*,#6476,.T.);
#6476 = EDGE_CURVE('',#6450,#6392,#6477,.T.);
#6477 = SURFACE_CURVE('',#6478,(#6482,#6488),.PCURVE_S1.);
#6478 = LINE('',#6479,#6480);
#6479 = CARTESIAN_POINT('',(5.572148740903E-15,23.504967248627,4.));
#6480 = VECTOR('',#6481,1.);
#6481 = DIRECTION('',(-1.,0.,-0.));
#6482 = PCURVE('',#6358,#6483);
#6483 = DEFINITIONAL_REPRESENTATION('',(#6484),#6487);
#6484 = B_SPLINE_CURVE_WITH_KNOTS('',1,(#6485,#6486),.UNSPECIFIED.,.F.,
  .F.,(2,2),(-5.,5.),.PIECEWISE_BEZIER_KNOTS.);
#6485 = CARTESIAN_POINT('',(5.,-23.50496724862));
#6486 = CARTESIAN_POINT('',(-5.,-23.50496724862));
#6487 = ( GEOMETRIC_REPRESENTATION_CONTEXT(2) 
PARAMETRIC_REPRESENTATION_CONTEXT() REPRESENTATION_CONTEXT('2D SPACE',''
  ) );
#6488 = PCURVE('',#6489,#6494);
#6489 = PLANE('',#6490);
#6490 = AXIS2_PLACEMENT_3D('',#6491,#6492,#6493);
#6491 = CARTESIAN_POINT('',(-2.734880265079E-16,23.464921265574,
    8.381984927602));
#6492 = DIRECTION('',(0.,-0.999958243993,-9.138395397176E-03));
#6493 = DIRECTION('',(1.,0.,0.));
#6494 = DEFINITIONAL_REPRESENTATION('',(#6495),#6498);
#6495 = B_SPLINE_CURVE_WITH_KNOTS('',1,(#6496,#6497),.UNSPECIFIED.,.F.,
  .F.,(2,2),(-5.,5.),.PIECEWISE_BEZIER_KNOTS.);
#6496 = CARTESIAN_POINT('',(5.,-4.382167909436));
#6497 = CARTESIAN_POINT('',(-5.,-4.382167909436));
#6498 = ( GEOMETRIC_REPRESENTATION_CONTEXT(2) 
PARAMETRIC_REPRESENTATION_CONTEXT() REPRESENTATION_CONTEXT('2D SPACE',''
  ) );
#6499 = ADVANCED_FACE('',(#6500),#6438,.T.);
#6500 = FACE_BOUND('',#6501,.T.);
#6501 = EDGE_LOOP('',(#6502,#6503));
#6502 = ORIENTED_EDGE('',*,*,#6423,.T.);
#6503 = ORIENTED_EDGE('',*,*,#6504,.T.);
#6504 = EDGE_CURVE('',#6390,#6424,#6505,.T.);
#6505 = SURFACE_CURVE('',#6506,(#6511,#6518),.PCURVE_S1.);
#6506 = CIRCLE('',#6507,5.);
#6507 = AXIS2_PLACEMENT_3D('',#6508,#6509,#6510);
#6508 = CARTESIAN_POINT('',(0.,13.865322123241,8.294256331789));
#6509 = DIRECTION('',(0.,-0.999958243993,-9.138395397176E-03));
#6510 = DIRECTION('',(1.,0.,0.));
#6511 = PCURVE('',#6438,#6512);
#6512 = DEFINITIONAL_REPRESENTATION('',(#6513),#6517);
#6513 = CIRCLE('',#6514,5.);
#6514 = AXIS2_PLACEMENT_2D('',#6515,#6516);
#6515 = CARTESIAN_POINT('',(2.734880265079E-16,-6.938022664999E-17));
#6516 = DIRECTION('',(1.,0.));
#6517 = ( GEOMETRIC_REPRESENTATION_CONTEXT(2) 
PARAMETRIC_REPRESENTATION_CONTEXT() REPRESENTATION_CONTEXT('2D SPACE',''
  ) );
#6518 = PCURVE('',#6408,#6519);
#6519 = DEFINITIONAL_REPRESENTATION('',(#6520),#6524);
#6520 = LINE('',#6521,#6522);
#6521 = CARTESIAN_POINT('',(-0.,4.8));
#6522 = VECTOR('',#6523,1.);
#6523 = DIRECTION('',(1.,-0.));
#6524 = ( GEOMETRIC_REPRESENTATION_CONTEXT(2) 
PARAMETRIC_REPRESENTATION_CONTEXT() REPRESENTATION_CONTEXT('2D SPACE',''
  ) );
#6525 = ADVANCED_FACE('',(#6526),#6489,.F.);
#6526 = FACE_BOUND('',#6527,.F.);
#6527 = EDGE_LOOP('',(#6528,#6529));
#6528 = ORIENTED_EDGE('',*,*,#6476,.T.);
#6529 = ORIENTED_EDGE('',*,*,#6530,.T.);
#6530 = EDGE_CURVE('',#6392,#6450,#6531,.T.);
#6531 = SURFACE_CURVE('',#6532,(#6537,#6544),.PCURVE_S1.);
#6532 = CIRCLE('',#6533,5.);
#6533 = AXIS2_PLACEMENT_3D('',#6534,#6535,#6536);
#6534 = CARTESIAN_POINT('',(0.,23.464921265574,8.381984927602));
#6535 = DIRECTION('',(0.,-0.999958243993,-9.138395397176E-03));
#6536 = DIRECTION('',(1.,0.,0.));
#6537 = PCURVE('',#6489,#6538);
#6538 = DEFINITIONAL_REPRESENTATION('',(#6539),#6543);
#6539 = CIRCLE('',#6540,5.);
#6540 = AXIS2_PLACEMENT_2D('',#6541,#6542);
#6541 = CARTESIAN_POINT('',(2.734880265079E-16,-6.938022664999E-17));
#6542 = DIRECTION('',(1.,0.));
#6543 = ( GEOMETRIC_REPRESENTATION_CONTEXT(2) 
PARAMETRIC_REPRESENTATION_CONTEXT() REPRESENTATION_CONTEXT('2D SPACE',''
  ) );
#6544 = PCURVE('',#6408,#6545);
#6545 = DEFINITIONAL_REPRESENTATION('',(#6546),#6550);
#6546 = LINE('',#6547,#6548);
#6547 = CARTESIAN_POINT('',(0.,-4.8));
#6548 = VECTOR('',#6549,1.);
#6549 = DIRECTION('',(1.,0.));
#6550 = ( GEOMETRIC_REPRESENTATION_CONTEXT(2) 
PARAMETRIC_REPRESENTATION_CONTEXT() REPRESENTATION_CONTEXT('2D SPACE',''
  ) );
#6551 = ADVANCED_FACE('',(#6552),#6408,.T.);
#6552 = FACE_BOUND('',#6553,.T.);
#6553 = EDGE_LOOP('',(#6554,#6555,#6556,#6557));
#6554 = ORIENTED_EDGE('',*,*,#6389,.T.);
#6555 = ORIENTED_EDGE('',*,*,#6530,.T.);
#6556 = ORIENTED_EDGE('',*,*,#6449,.T.);
#6557 = ORIENTED_EDGE('',*,*,#6504,.F.);
#6558 = ORIENTED_CLOSED_SHELL('',*,#6559,.F.);
#6559 = CLOSED_SHELL('',(#6560,#6743,#6814,#6862,#6910,#6937,#7009));
#6560 = ADVANCED_FACE('',(#6561,#6625),#6576,.F.);
#6561 = FACE_BOUND('',#6562,.F.);
#6562 = EDGE_LOOP('',(#6563,#6599));
#6563 = ORIENTED_EDGE('',*,*,#6564,.T.);
#6564 = EDGE_CURVE('',#6565,#6567,#6569,.T.);
#6565 = VERTEX_POINT('',#6566);
#6566 = CARTESIAN_POINT('',(16.626827384949,-18.33333333333,8.));
#6567 = VERTEX_POINT('',#6568);
#6568 = CARTESIAN_POINT('',(-16.62682738494,-18.33333333333,8.));
#6569 = SURFACE_CURVE('',#6570,(#6575,#6587),.PCURVE_S1.);
#6570 = CIRCLE('',#6571,24.75);
#6571 = AXIS2_PLACEMENT_3D('',#6572,#6573,#6574);
#6572 = CARTESIAN_POINT('',(1.42108547152E-14,-1.916703710348E-15,8.));
#6573 = DIRECTION('',(0.,0.,1.));
#6574 = DIRECTION('',(0.671791005452,-0.740740740741,0.));
#6575 = PCURVE('',#6576,#6581);
#6576 = PLANE('',#6577);
#6577 = AXIS2_PLACEMENT_3D('',#6578,#6579,#6580);
#6578 = CARTESIAN_POINT('',(-3.182406126637E-15,9.372203282004E-16,8.));
#6579 = DIRECTION('',(0.,0.,1.));
#6580 = DIRECTION('',(1.,0.,0.));
#6581 = DEFINITIONAL_REPRESENTATION('',(#6582),#6586);
#6582 = CIRCLE('',#6583,24.75);
#6583 = AXIS2_PLACEMENT_2D('',#6584,#6585);
#6584 = CARTESIAN_POINT('',(1.739326084184E-14,-2.853924038548E-15));
#6585 = DIRECTION('',(0.671791005452,-0.740740740741));
#6586 = ( GEOMETRIC_REPRESENTATION_CONTEXT(2) 
PARAMETRIC_REPRESENTATION_CONTEXT() REPRESENTATION_CONTEXT('2D SPACE',''
  ) );
#6587 = PCURVE('',#6588,#6593);
#6588 = CYLINDRICAL_SURFACE('',#6589,24.75);
#6589 = AXIS2_PLACEMENT_3D('',#6590,#6591,#6592);
#6590 = CARTESIAN_POINT('',(1.42108547152E-14,-1.916703710348E-15,8.));
#6591 = DIRECTION('',(-0.,-0.,-1.));
#6592 = DIRECTION('',(1.,0.,0.));
#6593 = DEFINITIONAL_REPRESENTATION('',(#6594),#6598);
#6594 = LINE('',#6595,#6596);
#6595 = CARTESIAN_POINT('',(-5.449012982404,0.));
#6596 = VECTOR('',#6597,1.);
#6597 = DIRECTION('',(-1.,0.));
#6598 = ( GEOMETRIC_REPRESENTATION_CONTEXT(2) 
PARAMETRIC_REPRESENTATION_CONTEXT() REPRESENTATION_CONTEXT('2D SPACE',''
  ) );
#6599 = ORIENTED_EDGE('',*,*,#6600,.T.);
#6600 = EDGE_CURVE('',#6567,#6565,#6601,.T.);
#6601 = SURFACE_CURVE('',#6602,(#6606,#6613),.PCURVE_S1.);
#6602 = LINE('',#6603,#6604);
#6603 = CARTESIAN_POINT('',(3.545608251443E-12,-18.33333333333,8.));
#6604 = VECTOR('',#6605,1.);
#6605 = DIRECTION('',(1.,0.,0.));
#6606 = PCURVE('',#6576,#6607);
#6607 = DEFINITIONAL_REPRESENTATION('',(#6608),#6612);
#6608 = LINE('',#6609,#6610);
#6609 = CARTESIAN_POINT('',(3.54879065757E-12,-18.33333333333));
#6610 = VECTOR('',#6611,1.);
#6611 = DIRECTION('',(1.,0.));
#6612 = ( GEOMETRIC_REPRESENTATION_CONTEXT(2) 
PARAMETRIC_REPRESENTATION_CONTEXT() REPRESENTATION_CONTEXT('2D SPACE',''
  ) );
#6613 = PCURVE('',#6614,#6619);
#6614 = PLANE('',#6615);
#6615 = AXIS2_PLACEMENT_3D('',#6616,#6617,#6618);
#6616 = CARTESIAN_POINT('',(-4.17299927107E-09,31.664578866317,
    8.456919769859));
#6617 = DIRECTION('',(0.,-9.138395397176E-03,0.999958243993));
#6618 = DIRECTION('',(1.,0.,0.));
#6619 = DEFINITIONAL_REPRESENTATION('',(#6620),#6624);
#6620 = LINE('',#6621,#6622);
#6621 = CARTESIAN_POINT('',(4.176544879322E-09,-50.));
#6622 = VECTOR('',#6623,1.);
#6623 = DIRECTION('',(1.,0.));
#6624 = ( GEOMETRIC_REPRESENTATION_CONTEXT(2) 
PARAMETRIC_REPRESENTATION_CONTEXT() REPRESENTATION_CONTEXT('2D SPACE',''
  ) );
#6625 = FACE_BOUND('',#6626,.F.);
#6626 = EDGE_LOOP('',(#6627,#6661,#6687,#6719));
#6627 = ORIENTED_EDGE('',*,*,#6628,.F.);
#6628 = EDGE_CURVE('',#6629,#6631,#6633,.T.);
#6629 = VERTEX_POINT('',#6630);
#6630 = CARTESIAN_POINT('',(4.991333086432,13.868011266237,8.));
#6631 = VERTEX_POINT('',#6632);
#6632 = CARTESIAN_POINT('',(4.985386176504,23.468412140643,8.));
#6633 = SURFACE_CURVE('',#6634,(#6639,#6646),.PCURVE_S1.);
#6634 = ELLIPSE('',#6635,547.14200717831,5.);
#6635 = AXIS2_PLACEMENT_3D('',#6636,#6637,#6638);
#6636 = CARTESIAN_POINT('',(0.,-18.33333333333,8.));
#6637 = DIRECTION('',(0.,0.,1.));
#6638 = DIRECTION('',(0.,-1.,0.));
#6639 = PCURVE('',#6576,#6640);
#6640 = DEFINITIONAL_REPRESENTATION('',(#6641),#6645);
#6641 = ELLIPSE('',#6642,547.14200717831,5.);
#6642 = AXIS2_PLACEMENT_2D('',#6643,#6644);
#6643 = CARTESIAN_POINT('',(3.182406126637E-15,-18.33333333333));
#6644 = DIRECTION('',(0.,-1.));
#6645 = ( GEOMETRIC_REPRESENTATION_CONTEXT(2) 
PARAMETRIC_REPRESENTATION_CONTEXT() REPRESENTATION_CONTEXT('2D SPACE',''
  ) );
#6646 = PCURVE('',#6647,#6652);
#6647 = CYLINDRICAL_SURFACE('',#6648,5.);
#6648 = AXIS2_PLACEMENT_3D('',#6649,#6650,#6651);
#6649 = CARTESIAN_POINT('',(0.,18.665121694408,8.338120629696));
#6650 = DIRECTION('',(0.,-0.999958243993,-9.138395397176E-03));
#6651 = DIRECTION('',(1.,0.,0.));
#6652 = DEFINITIONAL_REPRESENTATION('',(#6653),#6660);
#6653 = B_SPLINE_CURVE_WITH_KNOTS('',5,(#6654,#6655,#6656,#6657,#6658,
    #6659),.UNSPECIFIED.,.F.,.F.,(6,6),(1.629684075193,1.647271027256),
  .PIECEWISE_BEZIER_KNOTS.);
#6654 = CARTESIAN_POINT('',(6.224297558782,4.8000024));
#6655 = CARTESIAN_POINT('',(6.220780168369,2.878906485656));
#6656 = CARTESIAN_POINT('',(6.217262777956,0.958308545697));
#6657 = CARTESIAN_POINT('',(6.213745387544,-0.96174190349));
#6658 = CARTESIAN_POINT('',(6.210227997131,-2.881195371186));
#6659 = CARTESIAN_POINT('',(6.206710606718,-4.8000024));
#6660 = ( GEOMETRIC_REPRESENTATION_CONTEXT(2) 
PARAMETRIC_REPRESENTATION_CONTEXT() REPRESENTATION_CONTEXT('2D SPACE',''
  ) );
#6661 = ORIENTED_EDGE('',*,*,#6662,.F.);
#6662 = EDGE_CURVE('',#6663,#6629,#6665,.T.);
#6663 = VERTEX_POINT('',#6664);
#6664 = CARTESIAN_POINT('',(-4.991333086432,13.868011266237,8.));
#6665 = SURFACE_CURVE('',#6666,(#6670,#6676),.PCURVE_S1.);
#6666 = LINE('',#6667,#6668);
#6667 = CARTESIAN_POINT('',(-1.727947076573E-15,13.868011266237,8.));
#6668 = VECTOR('',#6669,1.);
#6669 = DIRECTION('',(1.,0.,-0.));
#6670 = PCURVE('',#6576,#6671);
#6671 = DEFINITIONAL_REPRESENTATION('',(#6672),#6675);
#6672 = B_SPLINE_CURVE_WITH_KNOTS('',1,(#6673,#6674),.UNSPECIFIED.,.F.,
  .F.,(2,2),(-5.,5.),.PIECEWISE_BEZIER_KNOTS.);
#6673 = CARTESIAN_POINT('',(-5.,13.868011266237));
#6674 = CARTESIAN_POINT('',(5.,13.868011266237));
#6675 = ( GEOMETRIC_REPRESENTATION_CONTEXT(2) 
PARAMETRIC_REPRESENTATION_CONTEXT() REPRESENTATION_CONTEXT('2D SPACE',''
  ) );
#6676 = PCURVE('',#6677,#6682);
#6677 = PLANE('',#6678);
#6678 = AXIS2_PLACEMENT_3D('',#6679,#6680,#6681);
#6679 = CARTESIAN_POINT('',(-2.734880265079E-16,13.865322123241,
    8.294256331789));
#6680 = DIRECTION('',(0.,-0.999958243993,-9.138395397176E-03));
#6681 = DIRECTION('',(1.,0.,0.));
#6682 = DEFINITIONAL_REPRESENTATION('',(#6683),#6686);
#6683 = B_SPLINE_CURVE_WITH_KNOTS('',1,(#6684,#6685),.UNSPECIFIED.,.F.,
  .F.,(2,2),(-5.,5.),.PIECEWISE_BEZIER_KNOTS.);
#6684 = CARTESIAN_POINT('',(-5.,-0.294268619272));
#6685 = CARTESIAN_POINT('',(5.,-0.294268619272));
#6686 = ( GEOMETRIC_REPRESENTATION_CONTEXT(2) 
PARAMETRIC_REPRESENTATION_CONTEXT() REPRESENTATION_CONTEXT('2D SPACE',''
  ) );
#6687 = ORIENTED_EDGE('',*,*,#6688,.F.);
#6688 = EDGE_CURVE('',#6689,#6663,#6691,.T.);
#6689 = VERTEX_POINT('',#6690);
#6690 = CARTESIAN_POINT('',(-4.985386176504,23.468412140643,8.));
#6691 = SURFACE_CURVE('',#6692,(#6697,#6704),.PCURVE_S1.);
#6692 = ELLIPSE('',#6693,547.14200717831,5.);
#6693 = AXIS2_PLACEMENT_3D('',#6694,#6695,#6696);
#6694 = CARTESIAN_POINT('',(0.,-18.33333333333,8.));
#6695 = DIRECTION('',(0.,0.,1.));
#6696 = DIRECTION('',(0.,-1.,0.));
#6697 = PCURVE('',#6576,#6698);
#6698 = DEFINITIONAL_REPRESENTATION('',(#6699),#6703);
#6699 = ELLIPSE('',#6700,547.14200717831,5.);
#6700 = AXIS2_PLACEMENT_2D('',#6701,#6702);
#6701 = CARTESIAN_POINT('',(3.182406126637E-15,-18.33333333333));
#6702 = DIRECTION('',(0.,-1.));
#6703 = ( GEOMETRIC_REPRESENTATION_CONTEXT(2) 
PARAMETRIC_REPRESENTATION_CONTEXT() REPRESENTATION_CONTEXT('2D SPACE',''
  ) );
#6704 = PCURVE('',#6705,#6710);
#6705 = CYLINDRICAL_SURFACE('',#6706,5.);
#6706 = AXIS2_PLACEMENT_3D('',#6707,#6708,#6709);
#6707 = CARTESIAN_POINT('',(0.,18.665121694408,8.338120629696));
#6708 = DIRECTION('',(0.,-0.999958243993,-9.138395397176E-03));
#6709 = DIRECTION('',(1.,0.,0.));
#6710 = DEFINITIONAL_REPRESENTATION('',(#6711),#6718);
#6711 = B_SPLINE_CURVE_WITH_KNOTS('',5,(#6712,#6713,#6714,#6715,#6716,
    #6717),.UNSPECIFIED.,.F.,.F.,(6,6),(4.635914279924,4.653501231987),
  .PIECEWISE_BEZIER_KNOTS.);
#6712 = CARTESIAN_POINT('',(3.218067354051,-4.8000024));
#6713 = CARTESIAN_POINT('',(3.214549963638,-2.881195371186));
#6714 = CARTESIAN_POINT('',(3.211032573226,-0.96174190349));
#6715 = CARTESIAN_POINT('',(3.207515182813,0.958308545698));
#6716 = CARTESIAN_POINT('',(3.2039977924,2.878906485656));
#6717 = CARTESIAN_POINT('',(3.200480401988,4.8000024));
#6718 = ( GEOMETRIC_REPRESENTATION_CONTEXT(2) 
PARAMETRIC_REPRESENTATION_CONTEXT() REPRESENTATION_CONTEXT('2D SPACE',''
  ) );
#6719 = ORIENTED_EDGE('',*,*,#6720,.T.);
#6720 = EDGE_CURVE('',#6689,#6631,#6721,.T.);
#6721 = SURFACE_CURVE('',#6722,(#6726,#6732),.PCURVE_S1.);
#6722 = LINE('',#6723,#6724);
#6723 = CARTESIAN_POINT('',(-1.727947076573E-15,23.468412140643,8.));
#6724 = VECTOR('',#6725,1.);
#6725 = DIRECTION('',(1.,0.,-0.));
#6726 = PCURVE('',#6576,#6727);
#6727 = DEFINITIONAL_REPRESENTATION('',(#6728),#6731);
#6728 = B_SPLINE_CURVE_WITH_KNOTS('',1,(#6729,#6730),.UNSPECIFIED.,.F.,
  .F.,(2,2),(-5.,5.),.PIECEWISE_BEZIER_KNOTS.);
#6729 = CARTESIAN_POINT('',(-5.,23.468412140643));
#6730 = CARTESIAN_POINT('',(5.,23.468412140643));
#6731 = ( GEOMETRIC_REPRESENTATION_CONTEXT(2) 
PARAMETRIC_REPRESENTATION_CONTEXT() REPRESENTATION_CONTEXT('2D SPACE',''
  ) );
#6732 = PCURVE('',#6733,#6738);
#6733 = PLANE('',#6734);
#6734 = AXIS2_PLACEMENT_3D('',#6735,#6736,#6737);
#6735 = CARTESIAN_POINT('',(-2.734880265079E-16,23.464921265574,
    8.381984927602));
#6736 = DIRECTION('',(0.,-0.999958243993,-9.138395397176E-03));
#6737 = DIRECTION('',(1.,0.,0.));
#6738 = DEFINITIONAL_REPRESENTATION('',(#6739),#6742);
#6739 = B_SPLINE_CURVE_WITH_KNOTS('',1,(#6740,#6741),.UNSPECIFIED.,.F.,
  .F.,(2,2),(-5.,5.),.PIECEWISE_BEZIER_KNOTS.);
#6740 = CARTESIAN_POINT('',(-5.,-0.382000878433));
#6741 = CARTESIAN_POINT('',(5.,-0.382000878433));
#6742 = ( GEOMETRIC_REPRESENTATION_CONTEXT(2) 
PARAMETRIC_REPRESENTATION_CONTEXT() REPRESENTATION_CONTEXT('2D SPACE',''
  ) );
#6743 = ADVANCED_FACE('',(#6744),#6733,.T.);
#6744 = FACE_BOUND('',#6745,.T.);
#6745 = EDGE_LOOP('',(#6746,#6769,#6791,#6792));
#6746 = ORIENTED_EDGE('',*,*,#6747,.F.);
#6747 = EDGE_CURVE('',#6748,#6750,#6752,.T.);
#6748 = VERTEX_POINT('',#6749);
#6749 = CARTESIAN_POINT('',(-5.,23.464921265574,8.381984927602));
#6750 = VERTEX_POINT('',#6751);
#6751 = CARTESIAN_POINT('',(5.,23.464921265574,8.381984927602));
#6752 = SURFACE_CURVE('',#6753,(#6757,#6763),.PCURVE_S1.);
#6753 = LINE('',#6754,#6755);
#6754 = CARTESIAN_POINT('',(-2.086499772279E-09,23.464921265574,
    8.381984927602));
#6755 = VECTOR('',#6756,1.);
#6756 = DIRECTION('',(1.,0.,0.));
#6757 = PCURVE('',#6733,#6758);
#6758 = DEFINITIONAL_REPRESENTATION('',(#6759),#6762);
#6759 = B_SPLINE_CURVE_WITH_KNOTS('',1,(#6760,#6761),.UNSPECIFIED.,.F.,
  .F.,(2,2),(-4.999999997914,5.000000002086),.PIECEWISE_BEZIER_KNOTS.);
#6760 = CARTESIAN_POINT('',(-5.,-6.938022664999E-17));
#6761 = CARTESIAN_POINT('',(5.,-6.938022664999E-17));
#6762 = ( GEOMETRIC_REPRESENTATION_CONTEXT(2) 
PARAMETRIC_REPRESENTATION_CONTEXT() REPRESENTATION_CONTEXT('2D SPACE',''
  ) );
#6763 = PCURVE('',#6614,#6764);
#6764 = DEFINITIONAL_REPRESENTATION('',(#6765),#6768);
#6765 = B_SPLINE_CURVE_WITH_KNOTS('',1,(#6766,#6767),.UNSPECIFIED.,.F.,
  .F.,(2,2),(-4.999999997914,5.000000002086),.PIECEWISE_BEZIER_KNOTS.);
#6766 = CARTESIAN_POINT('',(-4.999999995827,-8.2));
#6767 = CARTESIAN_POINT('',(5.000000004173,-8.2));
#6768 = ( GEOMETRIC_REPRESENTATION_CONTEXT(2) 
PARAMETRIC_REPRESENTATION_CONTEXT() REPRESENTATION_CONTEXT('2D SPACE',''
  ) );
#6769 = ORIENTED_EDGE('',*,*,#6770,.T.);
#6770 = EDGE_CURVE('',#6748,#6689,#6771,.T.);
#6771 = SURFACE_CURVE('',#6772,(#6777,#6784),.PCURVE_S1.);
#6772 = CIRCLE('',#6773,5.);
#6773 = AXIS2_PLACEMENT_3D('',#6774,#6775,#6776);
#6774 = CARTESIAN_POINT('',(0.,23.464921265574,8.381984927602));
#6775 = DIRECTION('',(0.,-0.999958243993,-9.138395397176E-03));
#6776 = DIRECTION('',(1.,0.,0.));
#6777 = PCURVE('',#6733,#6778);
#6778 = DEFINITIONAL_REPRESENTATION('',(#6779),#6783);
#6779 = CIRCLE('',#6780,5.);
#6780 = AXIS2_PLACEMENT_2D('',#6781,#6782);
#6781 = CARTESIAN_POINT('',(2.734880265079E-16,-6.938022664999E-17));
#6782 = DIRECTION('',(1.,0.));
#6783 = ( GEOMETRIC_REPRESENTATION_CONTEXT(2) 
PARAMETRIC_REPRESENTATION_CONTEXT() REPRESENTATION_CONTEXT('2D SPACE',''
  ) );
#6784 = PCURVE('',#6705,#6785);
#6785 = DEFINITIONAL_REPRESENTATION('',(#6786),#6790);
#6786 = LINE('',#6787,#6788);
#6787 = CARTESIAN_POINT('',(0.,-4.8));
#6788 = VECTOR('',#6789,1.);
#6789 = DIRECTION('',(1.,0.));
#6790 = ( GEOMETRIC_REPRESENTATION_CONTEXT(2) 
PARAMETRIC_REPRESENTATION_CONTEXT() REPRESENTATION_CONTEXT('2D SPACE',''
  ) );
#6791 = ORIENTED_EDGE('',*,*,#6720,.T.);
#6792 = ORIENTED_EDGE('',*,*,#6793,.T.);
#6793 = EDGE_CURVE('',#6631,#6750,#6794,.T.);
#6794 = SURFACE_CURVE('',#6795,(#6800,#6807),.PCURVE_S1.);
#6795 = CIRCLE('',#6796,5.);
#6796 = AXIS2_PLACEMENT_3D('',#6797,#6798,#6799);
#6797 = CARTESIAN_POINT('',(0.,23.464921265574,8.381984927602));
#6798 = DIRECTION('',(0.,-0.999958243993,-9.138395397176E-03));
#6799 = DIRECTION('',(1.,0.,0.));
#6800 = PCURVE('',#6733,#6801);
#6801 = DEFINITIONAL_REPRESENTATION('',(#6802),#6806);
#6802 = CIRCLE('',#6803,5.);
#6803 = AXIS2_PLACEMENT_2D('',#6804,#6805);
#6804 = CARTESIAN_POINT('',(2.734880265079E-16,-6.938022664999E-17));
#6805 = DIRECTION('',(1.,0.));
#6806 = ( GEOMETRIC_REPRESENTATION_CONTEXT(2) 
PARAMETRIC_REPRESENTATION_CONTEXT() REPRESENTATION_CONTEXT('2D SPACE',''
  ) );
#6807 = PCURVE('',#6647,#6808);
#6808 = DEFINITIONAL_REPRESENTATION('',(#6809),#6813);
#6809 = LINE('',#6810,#6811);
#6810 = CARTESIAN_POINT('',(0.,-4.8));
#6811 = VECTOR('',#6812,1.);
#6812 = DIRECTION('',(1.,0.));
#6813 = ( GEOMETRIC_REPRESENTATION_CONTEXT(2) 
PARAMETRIC_REPRESENTATION_CONTEXT() REPRESENTATION_CONTEXT('2D SPACE',''
  ) );
#6814 = ADVANCED_FACE('',(#6815),#6705,.F.);
#6815 = FACE_BOUND('',#6816,.F.);
#6816 = EDGE_LOOP('',(#6817,#6838,#6839,#6840));
#6817 = ORIENTED_EDGE('',*,*,#6818,.F.);
#6818 = EDGE_CURVE('',#6748,#6819,#6821,.T.);
#6819 = VERTEX_POINT('',#6820);
#6820 = CARTESIAN_POINT('',(-5.,13.865322123241,8.294256331789));
#6821 = SURFACE_CURVE('',#6822,(#6826,#6832),.PCURVE_S1.);
#6822 = LINE('',#6823,#6824);
#6823 = CARTESIAN_POINT('',(-5.,18.665121694408,8.338120629696));
#6824 = VECTOR('',#6825,1.);
#6825 = DIRECTION('',(0.,-0.999958243993,-9.138395397176E-03));
#6826 = PCURVE('',#6705,#6827);
#6827 = DEFINITIONAL_REPRESENTATION('',(#6828),#6831);
#6828 = B_SPLINE_CURVE_WITH_KNOTS('',1,(#6829,#6830),.UNSPECIFIED.,.F.,
  .F.,(2,2),(-4.8000006,4.8000006),.PIECEWISE_BEZIER_KNOTS.);
#6829 = CARTESIAN_POINT('',(3.14159265359,-4.8000006));
#6830 = CARTESIAN_POINT('',(3.14159265359,4.8000006));
#6831 = ( GEOMETRIC_REPRESENTATION_CONTEXT(2) 
PARAMETRIC_REPRESENTATION_CONTEXT() REPRESENTATION_CONTEXT('2D SPACE',''
  ) );
#6832 = PCURVE('',#6614,#6833);
#6833 = DEFINITIONAL_REPRESENTATION('',(#6834),#6837);
#6834 = B_SPLINE_CURVE_WITH_KNOTS('',1,(#6835,#6836),.UNSPECIFIED.,.F.,
  .F.,(2,2),(-4.8000006,4.8000006),.PIECEWISE_BEZIER_KNOTS.);
#6835 = CARTESIAN_POINT('',(-4.999999995827,-8.1999994));
#6836 = CARTESIAN_POINT('',(-4.999999995827,-17.8000006));
#6837 = ( GEOMETRIC_REPRESENTATION_CONTEXT(2) 
PARAMETRIC_REPRESENTATION_CONTEXT() REPRESENTATION_CONTEXT('2D SPACE',''
  ) );
#6838 = ORIENTED_EDGE('',*,*,#6770,.T.);
#6839 = ORIENTED_EDGE('',*,*,#6688,.T.);
#6840 = ORIENTED_EDGE('',*,*,#6841,.F.);
#6841 = EDGE_CURVE('',#6819,#6663,#6842,.T.);
#6842 = SURFACE_CURVE('',#6843,(#6848,#6855),.PCURVE_S1.);
#6843 = CIRCLE('',#6844,5.);
#6844 = AXIS2_PLACEMENT_3D('',#6845,#6846,#6847);
#6845 = CARTESIAN_POINT('',(0.,13.865322123241,8.294256331789));
#6846 = DIRECTION('',(0.,-0.999958243993,-9.138395397176E-03));
#6847 = DIRECTION('',(1.,0.,0.));
#6848 = PCURVE('',#6705,#6849);
#6849 = DEFINITIONAL_REPRESENTATION('',(#6850),#6854);
#6850 = LINE('',#6851,#6852);
#6851 = CARTESIAN_POINT('',(-0.,4.8));
#6852 = VECTOR('',#6853,1.);
#6853 = DIRECTION('',(1.,-0.));
#6854 = ( GEOMETRIC_REPRESENTATION_CONTEXT(2) 
PARAMETRIC_REPRESENTATION_CONTEXT() REPRESENTATION_CONTEXT('2D SPACE',''
  ) );
#6855 = PCURVE('',#6677,#6856);
#6856 = DEFINITIONAL_REPRESENTATION('',(#6857),#6861);
#6857 = CIRCLE('',#6858,5.);
#6858 = AXIS2_PLACEMENT_2D('',#6859,#6860);
#6859 = CARTESIAN_POINT('',(2.734880265079E-16,-6.938022664999E-17));
#6860 = DIRECTION('',(1.,0.));
#6861 = ( GEOMETRIC_REPRESENTATION_CONTEXT(2) 
PARAMETRIC_REPRESENTATION_CONTEXT() REPRESENTATION_CONTEXT('2D SPACE',''
  ) );
#6862 = ADVANCED_FACE('',(#6863),#6677,.F.);
#6863 = FACE_BOUND('',#6864,.F.);
#6864 = EDGE_LOOP('',(#6865,#6886,#6887,#6888));
#6865 = ORIENTED_EDGE('',*,*,#6866,.F.);
#6866 = EDGE_CURVE('',#6819,#6867,#6869,.T.);
#6867 = VERTEX_POINT('',#6868);
#6868 = CARTESIAN_POINT('',(5.,13.865322123241,8.294256331789));
#6869 = SURFACE_CURVE('',#6870,(#6874,#6880),.PCURVE_S1.);
#6870 = LINE('',#6871,#6872);
#6871 = CARTESIAN_POINT('',(-2.086499772279E-09,13.865322123241,
    8.294256331789));
#6872 = VECTOR('',#6873,1.);
#6873 = DIRECTION('',(1.,0.,0.));
#6874 = PCURVE('',#6677,#6875);
#6875 = DEFINITIONAL_REPRESENTATION('',(#6876),#6879);
#6876 = B_SPLINE_CURVE_WITH_KNOTS('',1,(#6877,#6878),.UNSPECIFIED.,.F.,
  .F.,(2,2),(-4.999999997914,5.000000002086),.PIECEWISE_BEZIER_KNOTS.);
#6877 = CARTESIAN_POINT('',(-5.,-6.938022664999E-17));
#6878 = CARTESIAN_POINT('',(5.,-6.938022664999E-17));
#6879 = ( GEOMETRIC_REPRESENTATION_CONTEXT(2) 
PARAMETRIC_REPRESENTATION_CONTEXT() REPRESENTATION_CONTEXT('2D SPACE',''
  ) );
#6880 = PCURVE('',#6614,#6881);
#6881 = DEFINITIONAL_REPRESENTATION('',(#6882),#6885);
#6882 = B_SPLINE_CURVE_WITH_KNOTS('',1,(#6883,#6884),.UNSPECIFIED.,.F.,
  .F.,(2,2),(-4.999999997914,5.000000002086),.PIECEWISE_BEZIER_KNOTS.);
#6883 = CARTESIAN_POINT('',(-4.999999995827,-17.8));
#6884 = CARTESIAN_POINT('',(5.000000004173,-17.8));
#6885 = ( GEOMETRIC_REPRESENTATION_CONTEXT(2) 
PARAMETRIC_REPRESENTATION_CONTEXT() REPRESENTATION_CONTEXT('2D SPACE',''
  ) );
#6886 = ORIENTED_EDGE('',*,*,#6841,.T.);
#6887 = ORIENTED_EDGE('',*,*,#6662,.T.);
#6888 = ORIENTED_EDGE('',*,*,#6889,.T.);
#6889 = EDGE_CURVE('',#6629,#6867,#6890,.T.);
#6890 = SURFACE_CURVE('',#6891,(#6896,#6903),.PCURVE_S1.);
#6891 = CIRCLE('',#6892,5.);
#6892 = AXIS2_PLACEMENT_3D('',#6893,#6894,#6895);
#6893 = CARTESIAN_POINT('',(0.,13.865322123241,8.294256331789));
#6894 = DIRECTION('',(0.,-0.999958243993,-9.138395397176E-03));
#6895 = DIRECTION('',(1.,0.,0.));
#6896 = PCURVE('',#6677,#6897);
#6897 = DEFINITIONAL_REPRESENTATION('',(#6898),#6902);
#6898 = CIRCLE('',#6899,5.);
#6899 = AXIS2_PLACEMENT_2D('',#6900,#6901);
#6900 = CARTESIAN_POINT('',(2.734880265079E-16,-6.938022664999E-17));
#6901 = DIRECTION('',(1.,0.));
#6902 = ( GEOMETRIC_REPRESENTATION_CONTEXT(2) 
PARAMETRIC_REPRESENTATION_CONTEXT() REPRESENTATION_CONTEXT('2D SPACE',''
  ) );
#6903 = PCURVE('',#6647,#6904);
#6904 = DEFINITIONAL_REPRESENTATION('',(#6905),#6909);
#6905 = LINE('',#6906,#6907);
#6906 = CARTESIAN_POINT('',(-0.,4.8));
#6907 = VECTOR('',#6908,1.);
#6908 = DIRECTION('',(1.,-0.));
#6909 = ( GEOMETRIC_REPRESENTATION_CONTEXT(2) 
PARAMETRIC_REPRESENTATION_CONTEXT() REPRESENTATION_CONTEXT('2D SPACE',''
  ) );
#6910 = ADVANCED_FACE('',(#6911),#6647,.F.);
#6911 = FACE_BOUND('',#6912,.F.);
#6912 = EDGE_LOOP('',(#6913,#6914,#6915,#6936));
#6913 = ORIENTED_EDGE('',*,*,#6628,.T.);
#6914 = ORIENTED_EDGE('',*,*,#6793,.T.);
#6915 = ORIENTED_EDGE('',*,*,#6916,.T.);
#6916 = EDGE_CURVE('',#6750,#6867,#6917,.T.);
#6917 = SURFACE_CURVE('',#6918,(#6922,#6929),.PCURVE_S1.);
#6918 = LINE('',#6919,#6920);
#6919 = CARTESIAN_POINT('',(5.,23.464921265574,8.381984927602));
#6920 = VECTOR('',#6921,1.);
#6921 = DIRECTION('',(0.,-0.999958243993,-9.138395397176E-03));
#6922 = PCURVE('',#6647,#6923);
#6923 = DEFINITIONAL_REPRESENTATION('',(#6924),#6928);
#6924 = LINE('',#6925,#6926);
#6925 = CARTESIAN_POINT('',(6.28318530718,-4.8));
#6926 = VECTOR('',#6927,1.);
#6927 = DIRECTION('',(-0.,1.));
#6928 = ( GEOMETRIC_REPRESENTATION_CONTEXT(2) 
PARAMETRIC_REPRESENTATION_CONTEXT() REPRESENTATION_CONTEXT('2D SPACE',''
  ) );
#6929 = PCURVE('',#6614,#6930);
#6930 = DEFINITIONAL_REPRESENTATION('',(#6931),#6935);
#6931 = LINE('',#6932,#6933);
#6932 = CARTESIAN_POINT('',(5.000000004173,-8.2));
#6933 = VECTOR('',#6934,1.);
#6934 = DIRECTION('',(0.,-1.));
#6935 = ( GEOMETRIC_REPRESENTATION_CONTEXT(2) 
PARAMETRIC_REPRESENTATION_CONTEXT() REPRESENTATION_CONTEXT('2D SPACE',''
  ) );
#6936 = ORIENTED_EDGE('',*,*,#6889,.F.);
#6937 = ADVANCED_FACE('',(#6938,#7003),#6614,.T.);
#6938 = FACE_BOUND('',#6939,.T.);
#6939 = EDGE_LOOP('',(#6940,#6977,#6978));
#6940 = ORIENTED_EDGE('',*,*,#6941,.T.);
#6941 = EDGE_CURVE('',#6942,#6567,#6944,.T.);
#6942 = VERTEX_POINT('',#6943);
#6943 = CARTESIAN_POINT('',(24.75,-1.916703710348E-15,8.167544244927));
#6944 = SURFACE_CURVE('',#6945,(#6950,#6957),.PCURVE_S1.);
#6945 = ELLIPSE('',#6946,24.751033504328,24.75);
#6946 = AXIS2_PLACEMENT_3D('',#6947,#6948,#6949);
#6947 = CARTESIAN_POINT('',(1.42108547152E-14,-1.916703710348E-15,
    8.167544244927));
#6948 = DIRECTION('',(0.,-9.138395397176E-03,0.999958243993));
#6949 = DIRECTION('',(0.,-0.999958243993,-9.138395397176E-03));
#6950 = PCURVE('',#6614,#6951);
#6951 = DEFINITIONAL_REPRESENTATION('',(#6952),#6956);
#6952 = ELLIPSE('',#6953,24.751033504328,24.75);
#6953 = AXIS2_PLACEMENT_2D('',#6954,#6955);
#6954 = CARTESIAN_POINT('',(4.173013481925E-09,-31.6659011079));
#6955 = DIRECTION('',(0.,-1.));
#6956 = ( GEOMETRIC_REPRESENTATION_CONTEXT(2) 
PARAMETRIC_REPRESENTATION_CONTEXT() REPRESENTATION_CONTEXT('2D SPACE',''
  ) );
#6957 = PCURVE('',#6588,#6958);
#6958 = DEFINITIONAL_REPRESENTATION('',(#6959),#6976);
#6959 = B_SPLINE_CURVE_WITH_KNOTS('',8,(#6960,#6961,#6962,#6963,#6964,
    #6965,#6966,#6967,#6968,#6969,#6970,#6971,#6972,#6973,#6974,#6975),
  .UNSPECIFIED.,.F.,.F.,(9,7,9),(1.570796326795,3.558686713439,
    5.54656130516),.UNSPECIFIED.);
#6960 = CARTESIAN_POINT('',(-6.28318530718,-0.167544244927));
#6961 = CARTESIAN_POINT('',(-6.53167160551,-0.223748051385));
#6962 = CARTESIAN_POINT('',(-6.78015790384,-0.279951927837));
#6963 = CARTESIAN_POINT('',(-7.028644202167,-0.330867104144));
#6964 = CARTESIAN_POINT('',(-7.277130500502,-0.371208372125));
#6965 = CARTESIAN_POINT('',(-7.525616798828,-0.396723638792));
#6966 = CARTESIAN_POINT('',(-7.774103097163,-0.405282365085));
#6967 = CARTESIAN_POINT('',(-8.022589395493,-0.397106623943));
#6968 = CARTESIAN_POINT('',(-8.519560017789,-0.351569879105));
#6969 = CARTESIAN_POINT('',(-8.768044341754,-0.314208811456));
#6970 = CARTESIAN_POINT('',(-9.01652866572,-0.26439980866));
#6971 = CARTESIAN_POINT('',(-9.265012989686,-0.206198014537));
#6972 = CARTESIAN_POINT('',(-9.513497313651,-0.145186848441));
#6973 = CARTESIAN_POINT('',(-9.761981637615,-8.733647229482E-02));
#6974 = CARTESIAN_POINT('',(-10.01046596158,-3.775691164133E-02));
#6975 = CARTESIAN_POINT('',(-10.25895028554,-6.035589910989E-16));
#6976 = ( GEOMETRIC_REPRESENTATION_CONTEXT(2) 
PARAMETRIC_REPRESENTATION_CONTEXT() REPRESENTATION_CONTEXT('2D SPACE',''
  ) );
#6977 = ORIENTED_EDGE('',*,*,#6600,.T.);
#6978 = ORIENTED_EDGE('',*,*,#6979,.T.);
#6979 = EDGE_CURVE('',#6565,#6942,#6980,.T.);
#6980 = SURFACE_CURVE('',#6981,(#6986,#6993),.PCURVE_S1.);
#6981 = ELLIPSE('',#6982,24.751033504328,24.75);
#6982 = AXIS2_PLACEMENT_3D('',#6983,#6984,#6985);
#6983 = CARTESIAN_POINT('',(1.42108547152E-14,-1.916703710348E-15,
    8.167544244927));
#6984 = DIRECTION('',(0.,-9.138395397176E-03,0.999958243993));
#6985 = DIRECTION('',(0.,-0.999958243993,-9.138395397176E-03));
#6986 = PCURVE('',#6614,#6987);
#6987 = DEFINITIONAL_REPRESENTATION('',(#6988),#6992);
#6988 = ELLIPSE('',#6989,24.751033504328,24.75);
#6989 = AXIS2_PLACEMENT_2D('',#6990,#6991);
#6990 = CARTESIAN_POINT('',(4.173013481925E-09,-31.6659011079));
#6991 = DIRECTION('',(0.,-1.));
#6992 = ( GEOMETRIC_REPRESENTATION_CONTEXT(2) 
PARAMETRIC_REPRESENTATION_CONTEXT() REPRESENTATION_CONTEXT('2D SPACE',''
  ) );
#6993 = PCURVE('',#6588,#6994);
#6994 = DEFINITIONAL_REPRESENTATION('',(#6995),#7002);
#6995 = B_SPLINE_CURVE_WITH_KNOTS('',5,(#6996,#6997,#6998,#6999,#7000,
    #7001),.UNSPECIFIED.,.F.,.F.,(6,6),(0.736624002019,1.570796326795),
  .PIECEWISE_BEZIER_KNOTS.);
#6996 = CARTESIAN_POINT('',(-5.449012982404,4.499427686749E-15));
#6997 = CARTESIAN_POINT('',(-5.615847447359,-2.535030795243E-02));
#6998 = CARTESIAN_POINT('',(-5.782681912314,-5.652881644363E-02));
#6999 = CARTESIAN_POINT('',(-5.949516377269,-9.207259674781E-02));
#7000 = CARTESIAN_POINT('',(-6.116350842224,-0.129808836408));
#7001 = CARTESIAN_POINT('',(-6.28318530718,-0.167544244927));
#7002 = ( GEOMETRIC_REPRESENTATION_CONTEXT(2) 
PARAMETRIC_REPRESENTATION_CONTEXT() REPRESENTATION_CONTEXT('2D SPACE',''
  ) );
#7003 = FACE_BOUND('',#7004,.T.);
#7004 = EDGE_LOOP('',(#7005,#7006,#7007,#7008));
#7005 = ORIENTED_EDGE('',*,*,#6747,.T.);
#7006 = ORIENTED_EDGE('',*,*,#6916,.T.);
#7007 = ORIENTED_EDGE('',*,*,#6866,.F.);
#7008 = ORIENTED_EDGE('',*,*,#6818,.F.);
#7009 = ADVANCED_FACE('',(#7010),#6588,.T.);
#7010 = FACE_BOUND('',#7011,.F.);
#7011 = EDGE_LOOP('',(#7012,#7013,#7014));
#7012 = ORIENTED_EDGE('',*,*,#6979,.T.);
#7013 = ORIENTED_EDGE('',*,*,#6941,.T.);
#7014 = ORIENTED_EDGE('',*,*,#6564,.F.);
#7015 = MANIFOLD_SOLID_BREP('',#7016);
#7016 = CLOSED_SHELL('',(#7017,#7135,#7211,#7312,#7359,#7430,#7457,#7484
    ));
#7017 = ADVANCED_FACE('',(#7018),#7032,.T.);
#7018 = FACE_BOUND('',#7019,.T.);
#7019 = EDGE_LOOP('',(#7020,#7055,#7083,#7109));
#7020 = ORIENTED_EDGE('',*,*,#7021,.F.);
#7021 = EDGE_CURVE('',#7022,#7024,#7026,.T.);
#7022 = VERTEX_POINT('',#7023);
#7023 = CARTESIAN_POINT('',(-28.5,41.,16.));
#7024 = VERTEX_POINT('',#7025);
#7025 = CARTESIAN_POINT('',(-42.5,41.,16.));
#7026 = SURFACE_CURVE('',#7027,(#7031,#7043),.PCURVE_S1.);
#7027 = LINE('',#7028,#7029);
#7028 = CARTESIAN_POINT('',(-28.5,41.,16.));
#7029 = VECTOR('',#7030,1.);
#7030 = DIRECTION('',(-1.,0.,0.));
#7031 = PCURVE('',#7032,#7037);
#7032 = PLANE('',#7033);
#7033 = AXIS2_PLACEMENT_3D('',#7034,#7035,#7036);
#7034 = CARTESIAN_POINT('',(-28.5,41.,16.));
#7035 = DIRECTION('',(0.,-1.,0.));
#7036 = DIRECTION('',(-1.,0.,0.));
#7037 = DEFINITIONAL_REPRESENTATION('',(#7038),#7042);
#7038 = LINE('',#7039,#7040);
#7039 = CARTESIAN_POINT('',(0.,-0.));
#7040 = VECTOR('',#7041,1.);
#7041 = DIRECTION('',(1.,0.));
#7042 = ( GEOMETRIC_REPRESENTATION_CONTEXT(2) 
PARAMETRIC_REPRESENTATION_CONTEXT() REPRESENTATION_CONTEXT('2D SPACE',''
  ) );
#7043 = PCURVE('',#7044,#7049);
#7044 = PLANE('',#7045);
#7045 = AXIS2_PLACEMENT_3D('',#7046,#7047,#7048);
#7046 = CARTESIAN_POINT('',(-35.5,48.,16.));
#7047 = DIRECTION('',(-0.,-0.,-1.));
#7048 = DIRECTION('',(-1.,0.,0.));
#7049 = DEFINITIONAL_REPRESENTATION('',(#7050),#7054);
#7050 = LINE('',#7051,#7052);
#7051 = CARTESIAN_POINT('',(-7.,-7.));
#7052 = VECTOR('',#7053,1.);
#7053 = DIRECTION('',(1.,0.));
#7054 = ( GEOMETRIC_REPRESENTATION_CONTEXT(2) 
PARAMETRIC_REPRESENTATION_CONTEXT() REPRESENTATION_CONTEXT('2D SPACE',''
  ) );
#7055 = ORIENTED_EDGE('',*,*,#7056,.T.);
#7056 = EDGE_CURVE('',#7022,#7057,#7059,.T.);
#7057 = VERTEX_POINT('',#7058);
#7058 = CARTESIAN_POINT('',(-28.5,41.,24.));
#7059 = SURFACE_CURVE('',#7060,(#7064,#7071),.PCURVE_S1.);
#7060 = LINE('',#7061,#7062);
#7061 = CARTESIAN_POINT('',(-28.5,41.,16.));
#7062 = VECTOR('',#7063,1.);
#7063 = DIRECTION('',(0.,0.,1.));
#7064 = PCURVE('',#7032,#7065);
#7065 = DEFINITIONAL_REPRESENTATION('',(#7066),#7070);
#7066 = LINE('',#7067,#7068);
#7067 = CARTESIAN_POINT('',(0.,-0.));
#7068 = VECTOR('',#7069,1.);
#7069 = DIRECTION('',(0.,-1.));
#7070 = ( GEOMETRIC_REPRESENTATION_CONTEXT(2) 
PARAMETRIC_REPRESENTATION_CONTEXT() REPRESENTATION_CONTEXT('2D SPACE',''
  ) );
#7071 = PCURVE('',#7072,#7077);
#7072 = PLANE('',#7073);
#7073 = AXIS2_PLACEMENT_3D('',#7074,#7075,#7076);
#7074 = CARTESIAN_POINT('',(-28.5,55.,16.));
#7075 = DIRECTION('',(1.,0.,-0.));
#7076 = DIRECTION('',(0.,-1.,0.));
#7077 = DEFINITIONAL_REPRESENTATION('',(#7078),#7082);
#7078 = LINE('',#7079,#7080);
#7079 = CARTESIAN_POINT('',(14.,0.));
#7080 = VECTOR('',#7081,1.);
#7081 = DIRECTION('',(0.,-1.));
#7082 = ( GEOMETRIC_REPRESENTATION_CONTEXT(2) 
PARAMETRIC_REPRESENTATION_CONTEXT() REPRESENTATION_CONTEXT('2D SPACE',''
  ) );
#7083 = ORIENTED_EDGE('',*,*,#7084,.T.);
#7084 = EDGE_CURVE('',#7057,#7085,#7087,.T.);
#7085 = VERTEX_POINT('',#7086);
#7086 = CARTESIAN_POINT('',(-42.5,41.,24.));
#7087 = SURFACE_CURVE('',#7088,(#7092,#7098),.PCURVE_S1.);
#7088 = LINE('',#7089,#7090);
#7089 = CARTESIAN_POINT('',(-32.,41.,24.));
#7090 = VECTOR('',#7091,1.);
#7091 = DIRECTION('',(-1.,0.,0.));
#7092 = PCURVE('',#7032,#7093);
#7093 = DEFINITIONAL_REPRESENTATION('',(#7094),#7097);
#7094 = B_SPLINE_CURVE_WITH_KNOTS('',1,(#7095,#7096),.UNSPECIFIED.,.F.,
  .F.,(2,2),(-3.5,10.5),.PIECEWISE_BEZIER_KNOTS.);
#7095 = CARTESIAN_POINT('',(0.,-8.));
#7096 = CARTESIAN_POINT('',(14.,-8.));
#7097 = ( GEOMETRIC_REPRESENTATION_CONTEXT(2) 
PARAMETRIC_REPRESENTATION_CONTEXT() REPRESENTATION_CONTEXT('2D SPACE',''
  ) );
#7098 = PCURVE('',#7099,#7104);
#7099 = PLANE('',#7100);
#7100 = AXIS2_PLACEMENT_3D('',#7101,#7102,#7103);
#7101 = CARTESIAN_POINT('',(-35.5,40.,24.));
#7102 = DIRECTION('',(0.,0.,1.));
#7103 = DIRECTION('',(-1.,0.,0.));
#7104 = DEFINITIONAL_REPRESENTATION('',(#7105),#7108);
#7105 = B_SPLINE_CURVE_WITH_KNOTS('',1,(#7106,#7107),.UNSPECIFIED.,.F.,
  .F.,(2,2),(-3.5,10.5),.PIECEWISE_BEZIER_KNOTS.);
#7106 = CARTESIAN_POINT('',(-7.,-1.));
#7107 = CARTESIAN_POINT('',(7.,-1.));
#7108 = ( GEOMETRIC_REPRESENTATION_CONTEXT(2) 
PARAMETRIC_REPRESENTATION_CONTEXT() REPRESENTATION_CONTEXT('2D SPACE',''
  ) );
#7109 = ORIENTED_EDGE('',*,*,#7110,.F.);
#7110 = EDGE_CURVE('',#7024,#7085,#7111,.T.);
#7111 = SURFACE_CURVE('',#7112,(#7116,#7123),.PCURVE_S1.);
#7112 = LINE('',#7113,#7114);
#7113 = CARTESIAN_POINT('',(-42.5,41.,16.));
#7114 = VECTOR('',#7115,1.);
#7115 = DIRECTION('',(0.,0.,1.));
#7116 = PCURVE('',#7032,#7117);
#7117 = DEFINITIONAL_REPRESENTATION('',(#7118),#7122);
#7118 = LINE('',#7119,#7120);
#7119 = CARTESIAN_POINT('',(14.,0.));
#7120 = VECTOR('',#7121,1.);
#7121 = DIRECTION('',(0.,-1.));
#7122 = ( GEOMETRIC_REPRESENTATION_CONTEXT(2) 
PARAMETRIC_REPRESENTATION_CONTEXT() REPRESENTATION_CONTEXT('2D SPACE',''
  ) );
#7123 = PCURVE('',#7124,#7129);
#7124 = PLANE('',#7125);
#7125 = AXIS2_PLACEMENT_3D('',#7126,#7127,#7128);
#7126 = CARTESIAN_POINT('',(-42.5,41.,16.));
#7127 = DIRECTION('',(-1.,0.,0.));
#7128 = DIRECTION('',(0.,1.,0.));
#7129 = DEFINITIONAL_REPRESENTATION('',(#7130),#7134);
#7130 = LINE('',#7131,#7132);
#7131 = CARTESIAN_POINT('',(0.,0.));
#7132 = VECTOR('',#7133,1.);
#7133 = DIRECTION('',(0.,-1.));
#7134 = ( GEOMETRIC_REPRESENTATION_CONTEXT(2) 
PARAMETRIC_REPRESENTATION_CONTEXT() REPRESENTATION_CONTEXT('2D SPACE',''
  ) );
#7135 = ADVANCED_FACE('',(#7136),#7044,.T.);
#7136 = FACE_BOUND('',#7137,.T.);
#7137 = EDGE_LOOP('',(#7138,#7139,#7162,#7190));
#7138 = ORIENTED_EDGE('',*,*,#7021,.T.);
#7139 = ORIENTED_EDGE('',*,*,#7140,.T.);
#7140 = EDGE_CURVE('',#7024,#7141,#7143,.T.);
#7141 = VERTEX_POINT('',#7142);
#7142 = CARTESIAN_POINT('',(-42.5,55.,16.));
#7143 = SURFACE_CURVE('',#7144,(#7148,#7155),.PCURVE_S1.);
#7144 = LINE('',#7145,#7146);
#7145 = CARTESIAN_POINT('',(-42.5,41.,16.));
#7146 = VECTOR('',#7147,1.);
#7147 = DIRECTION('',(0.,1.,0.));
#7148 = PCURVE('',#7044,#7149);
#7149 = DEFINITIONAL_REPRESENTATION('',(#7150),#7154);
#7150 = LINE('',#7151,#7152);
#7151 = CARTESIAN_POINT('',(7.,-7.));
#7152 = VECTOR('',#7153,1.);
#7153 = DIRECTION('',(0.,1.));
#7154 = ( GEOMETRIC_REPRESENTATION_CONTEXT(2) 
PARAMETRIC_REPRESENTATION_CONTEXT() REPRESENTATION_CONTEXT('2D SPACE',''
  ) );
#7155 = PCURVE('',#7124,#7156);
#7156 = DEFINITIONAL_REPRESENTATION('',(#7157),#7161);
#7157 = LINE('',#7158,#7159);
#7158 = CARTESIAN_POINT('',(0.,0.));
#7159 = VECTOR('',#7160,1.);
#7160 = DIRECTION('',(1.,0.));
#7161 = ( GEOMETRIC_REPRESENTATION_CONTEXT(2) 
PARAMETRIC_REPRESENTATION_CONTEXT() REPRESENTATION_CONTEXT('2D SPACE',''
  ) );
#7162 = ORIENTED_EDGE('',*,*,#7163,.T.);
#7163 = EDGE_CURVE('',#7141,#7164,#7166,.T.);
#7164 = VERTEX_POINT('',#7165);
#7165 = CARTESIAN_POINT('',(-28.5,55.,16.));
#7166 = SURFACE_CURVE('',#7167,(#7171,#7178),.PCURVE_S1.);
#7167 = LINE('',#7168,#7169);
#7168 = CARTESIAN_POINT('',(-42.5,55.,16.));
#7169 = VECTOR('',#7170,1.);
#7170 = DIRECTION('',(1.,0.,0.));
#7171 = PCURVE('',#7044,#7172);
#7172 = DEFINITIONAL_REPRESENTATION('',(#7173),#7177);
#7173 = LINE('',#7174,#7175);
#7174 = CARTESIAN_POINT('',(7.,7.));
#7175 = VECTOR('',#7176,1.);
#7176 = DIRECTION('',(-1.,0.));
#7177 = ( GEOMETRIC_REPRESENTATION_CONTEXT(2) 
PARAMETRIC_REPRESENTATION_CONTEXT() REPRESENTATION_CONTEXT('2D SPACE',''
  ) );
#7178 = PCURVE('',#7179,#7184);
#7179 = PLANE('',#7180);
#7180 = AXIS2_PLACEMENT_3D('',#7181,#7182,#7183);
#7181 = CARTESIAN_POINT('',(-42.5,55.,16.));
#7182 = DIRECTION('',(0.,1.,0.));
#7183 = DIRECTION('',(1.,0.,0.));
#7184 = DEFINITIONAL_REPRESENTATION('',(#7185),#7189);
#7185 = LINE('',#7186,#7187);
#7186 = CARTESIAN_POINT('',(0.,0.));
#7187 = VECTOR('',#7188,1.);
#7188 = DIRECTION('',(1.,0.));
#7189 = ( GEOMETRIC_REPRESENTATION_CONTEXT(2) 
PARAMETRIC_REPRESENTATION_CONTEXT() REPRESENTATION_CONTEXT('2D SPACE',''
  ) );
#7190 = ORIENTED_EDGE('',*,*,#7191,.T.);
#7191 = EDGE_CURVE('',#7164,#7022,#7192,.T.);
#7192 = SURFACE_CURVE('',#7193,(#7197,#7204),.PCURVE_S1.);
#7193 = LINE('',#7194,#7195);
#7194 = CARTESIAN_POINT('',(-28.5,55.,16.));
#7195 = VECTOR('',#7196,1.);
#7196 = DIRECTION('',(0.,-1.,0.));
#7197 = PCURVE('',#7044,#7198);
#7198 = DEFINITIONAL_REPRESENTATION('',(#7199),#7203);
#7199 = LINE('',#7200,#7201);
#7200 = CARTESIAN_POINT('',(-7.,7.));
#7201 = VECTOR('',#7202,1.);
#7202 = DIRECTION('',(0.,-1.));
#7203 = ( GEOMETRIC_REPRESENTATION_CONTEXT(2) 
PARAMETRIC_REPRESENTATION_CONTEXT() REPRESENTATION_CONTEXT('2D SPACE',''
  ) );
#7204 = PCURVE('',#7072,#7205);
#7205 = DEFINITIONAL_REPRESENTATION('',(#7206),#7210);
#7206 = LINE('',#7207,#7208);
#7207 = CARTESIAN_POINT('',(0.,0.));
#7208 = VECTOR('',#7209,1.);
#7209 = DIRECTION('',(1.,0.));
#7210 = ( GEOMETRIC_REPRESENTATION_CONTEXT(2) 
PARAMETRIC_REPRESENTATION_CONTEXT() REPRESENTATION_CONTEXT('2D SPACE',''
  ) );
#7211 = ADVANCED_FACE('',(#7212),#7124,.T.);
#7212 = FACE_BOUND('',#7213,.T.);
#7213 = EDGE_LOOP('',(#7214,#7215,#7216,#7237,#7263,#7291));
#7214 = ORIENTED_EDGE('',*,*,#7140,.F.);
#7215 = ORIENTED_EDGE('',*,*,#7110,.T.);
#7216 = ORIENTED_EDGE('',*,*,#7217,.T.);
#7217 = EDGE_CURVE('',#7085,#7218,#7220,.T.);
#7218 = VERTEX_POINT('',#7219);
#7219 = CARTESIAN_POINT('',(-42.5,44.,24.));
#7220 = SURFACE_CURVE('',#7221,(#7225,#7231),.PCURVE_S1.);
#7221 = LINE('',#7222,#7223);
#7222 = CARTESIAN_POINT('',(-42.5,40.5,24.));
#7223 = VECTOR('',#7224,1.);
#7224 = DIRECTION('',(0.,1.,-0.));
#7225 = PCURVE('',#7124,#7226);
#7226 = DEFINITIONAL_REPRESENTATION('',(#7227),#7230);
#7227 = B_SPLINE_CURVE_WITH_KNOTS('',1,(#7228,#7229),.UNSPECIFIED.,.F.,
  .F.,(2,2),(0.5,3.5),.PIECEWISE_BEZIER_KNOTS.);
#7228 = CARTESIAN_POINT('',(0.,-8.));
#7229 = CARTESIAN_POINT('',(3.,-8.));
#7230 = ( GEOMETRIC_REPRESENTATION_CONTEXT(2) 
PARAMETRIC_REPRESENTATION_CONTEXT() REPRESENTATION_CONTEXT('2D SPACE',''
  ) );
#7231 = PCURVE('',#7099,#7232);
#7232 = DEFINITIONAL_REPRESENTATION('',(#7233),#7236);
#7233 = B_SPLINE_CURVE_WITH_KNOTS('',1,(#7234,#7235),.UNSPECIFIED.,.F.,
  .F.,(2,2),(0.5,3.5),.PIECEWISE_BEZIER_KNOTS.);
#7234 = CARTESIAN_POINT('',(7.,-1.));
#7235 = CARTESIAN_POINT('',(7.,-4.));
#7236 = ( GEOMETRIC_REPRESENTATION_CONTEXT(2) 
PARAMETRIC_REPRESENTATION_CONTEXT() REPRESENTATION_CONTEXT('2D SPACE',''
  ) );
#7237 = ORIENTED_EDGE('',*,*,#7238,.F.);
#7238 = EDGE_CURVE('',#7239,#7218,#7241,.T.);
#7239 = VERTEX_POINT('',#7240);
#7240 = CARTESIAN_POINT('',(-42.5,44.,30.));
#7241 = SURFACE_CURVE('',#7242,(#7246,#7252),.PCURVE_S1.);
#7242 = LINE('',#7243,#7244);
#7243 = CARTESIAN_POINT('',(-42.5,44.,23.));
#7244 = VECTOR('',#7245,1.);
#7245 = DIRECTION('',(0.,0.,-1.));
#7246 = PCURVE('',#7124,#7247);
#7247 = DEFINITIONAL_REPRESENTATION('',(#7248),#7251);
#7248 = B_SPLINE_CURVE_WITH_KNOTS('',1,(#7249,#7250),.UNSPECIFIED.,.F.,
  .F.,(2,2),(-7.,-1.),.PIECEWISE_BEZIER_KNOTS.);
#7249 = CARTESIAN_POINT('',(3.,-14.));
#7250 = CARTESIAN_POINT('',(3.,-8.));
#7251 = ( GEOMETRIC_REPRESENTATION_CONTEXT(2) 
PARAMETRIC_REPRESENTATION_CONTEXT() REPRESENTATION_CONTEXT('2D SPACE',''
  ) );
#7252 = PCURVE('',#7253,#7258);
#7253 = PLANE('',#7254);
#7254 = AXIS2_PLACEMENT_3D('',#7255,#7256,#7257);
#7255 = CARTESIAN_POINT('',(3.,44.,30.));
#7256 = DIRECTION('',(0.,1.,0.));
#7257 = DIRECTION('',(-1.,0.,0.));
#7258 = DEFINITIONAL_REPRESENTATION('',(#7259),#7262);
#7259 = B_SPLINE_CURVE_WITH_KNOTS('',1,(#7260,#7261),.UNSPECIFIED.,.F.,
  .F.,(2,2),(-7.,-1.),.PIECEWISE_BEZIER_KNOTS.);
#7260 = CARTESIAN_POINT('',(45.5,0.));
#7261 = CARTESIAN_POINT('',(45.5,-6.));
#7262 = ( GEOMETRIC_REPRESENTATION_CONTEXT(2) 
PARAMETRIC_REPRESENTATION_CONTEXT() REPRESENTATION_CONTEXT('2D SPACE',''
  ) );
#7263 = ORIENTED_EDGE('',*,*,#7264,.T.);
#7264 = EDGE_CURVE('',#7239,#7265,#7267,.T.);
#7265 = VERTEX_POINT('',#7266);
#7266 = CARTESIAN_POINT('',(-42.5,55.,30.));
#7267 = SURFACE_CURVE('',#7268,(#7272,#7279),.PCURVE_S1.);
#7268 = LINE('',#7269,#7270);
#7269 = CARTESIAN_POINT('',(-42.5,41.,30.));
#7270 = VECTOR('',#7271,1.);
#7271 = DIRECTION('',(0.,1.,0.));
#7272 = PCURVE('',#7124,#7273);
#7273 = DEFINITIONAL_REPRESENTATION('',(#7274),#7278);
#7274 = LINE('',#7275,#7276);
#7275 = CARTESIAN_POINT('',(0.,-14.));
#7276 = VECTOR('',#7277,1.);
#7277 = DIRECTION('',(1.,0.));
#7278 = ( GEOMETRIC_REPRESENTATION_CONTEXT(2) 
PARAMETRIC_REPRESENTATION_CONTEXT() REPRESENTATION_CONTEXT('2D SPACE',''
  ) );
#7279 = PCURVE('',#7280,#7285);
#7280 = PLANE('',#7281);
#7281 = AXIS2_PLACEMENT_3D('',#7282,#7283,#7284);
#7282 = CARTESIAN_POINT('',(-35.5,48.,30.));
#7283 = DIRECTION('',(-0.,-0.,-1.));
#7284 = DIRECTION('',(-1.,0.,0.));
#7285 = DEFINITIONAL_REPRESENTATION('',(#7286),#7290);
#7286 = LINE('',#7287,#7288);
#7287 = CARTESIAN_POINT('',(7.,-7.));
#7288 = VECTOR('',#7289,1.);
#7289 = DIRECTION('',(0.,1.));
#7290 = ( GEOMETRIC_REPRESENTATION_CONTEXT(2) 
PARAMETRIC_REPRESENTATION_CONTEXT() REPRESENTATION_CONTEXT('2D SPACE',''
  ) );
#7291 = ORIENTED_EDGE('',*,*,#7292,.F.);
#7292 = EDGE_CURVE('',#7141,#7265,#7293,.T.);
#7293 = SURFACE_CURVE('',#7294,(#7298,#7305),.PCURVE_S1.);
#7294 = LINE('',#7295,#7296);
#7295 = CARTESIAN_POINT('',(-42.5,55.,16.));
#7296 = VECTOR('',#7297,1.);
#7297 = DIRECTION('',(0.,0.,1.));
#7298 = PCURVE('',#7124,#7299);
#7299 = DEFINITIONAL_REPRESENTATION('',(#7300),#7304);
#7300 = LINE('',#7301,#7302);
#7301 = CARTESIAN_POINT('',(14.,0.));
#7302 = VECTOR('',#7303,1.);
#7303 = DIRECTION('',(0.,-1.));
#7304 = ( GEOMETRIC_REPRESENTATION_CONTEXT(2) 
PARAMETRIC_REPRESENTATION_CONTEXT() REPRESENTATION_CONTEXT('2D SPACE',''
  ) );
#7305 = PCURVE('',#7179,#7306);
#7306 = DEFINITIONAL_REPRESENTATION('',(#7307),#7311);
#7307 = LINE('',#7308,#7309);
#7308 = CARTESIAN_POINT('',(0.,0.));
#7309 = VECTOR('',#7310,1.);
#7310 = DIRECTION('',(0.,-1.));
#7311 = ( GEOMETRIC_REPRESENTATION_CONTEXT(2) 
PARAMETRIC_REPRESENTATION_CONTEXT() REPRESENTATION_CONTEXT('2D SPACE',''
  ) );
#7312 = ADVANCED_FACE('',(#7313),#7099,.T.);
#7313 = FACE_BOUND('',#7314,.T.);
#7314 = EDGE_LOOP('',(#7315,#7336,#7357,#7358));
#7315 = ORIENTED_EDGE('',*,*,#7316,.F.);
#7316 = EDGE_CURVE('',#7317,#7057,#7319,.T.);
#7317 = VERTEX_POINT('',#7318);
#7318 = CARTESIAN_POINT('',(-28.5,44.,24.));
#7319 = SURFACE_CURVE('',#7320,(#7324,#7330),.PCURVE_S1.);
#7320 = LINE('',#7321,#7322);
#7321 = CARTESIAN_POINT('',(-28.5,47.5,24.));
#7322 = VECTOR('',#7323,1.);
#7323 = DIRECTION('',(0.,-1.,0.));
#7324 = PCURVE('',#7099,#7325);
#7325 = DEFINITIONAL_REPRESENTATION('',(#7326),#7329);
#7326 = B_SPLINE_CURVE_WITH_KNOTS('',1,(#7327,#7328),.UNSPECIFIED.,.F.,
  .F.,(2,2),(3.5,6.5),.PIECEWISE_BEZIER_KNOTS.);
#7327 = CARTESIAN_POINT('',(-7.,-4.));
#7328 = CARTESIAN_POINT('',(-7.,-1.));
#7329 = ( GEOMETRIC_REPRESENTATION_CONTEXT(2) 
PARAMETRIC_REPRESENTATION_CONTEXT() REPRESENTATION_CONTEXT('2D SPACE',''
  ) );
#7330 = PCURVE('',#7072,#7331);
#7331 = DEFINITIONAL_REPRESENTATION('',(#7332),#7335);
#7332 = B_SPLINE_CURVE_WITH_KNOTS('',1,(#7333,#7334),.UNSPECIFIED.,.F.,
  .F.,(2,2),(3.5,6.5),.PIECEWISE_BEZIER_KNOTS.);
#7333 = CARTESIAN_POINT('',(11.,-8.));
#7334 = CARTESIAN_POINT('',(14.,-8.));
#7335 = ( GEOMETRIC_REPRESENTATION_CONTEXT(2) 
PARAMETRIC_REPRESENTATION_CONTEXT() REPRESENTATION_CONTEXT('2D SPACE',''
  ) );
#7336 = ORIENTED_EDGE('',*,*,#7337,.T.);
#7337 = EDGE_CURVE('',#7317,#7218,#7338,.T.);
#7338 = SURFACE_CURVE('',#7339,(#7343,#7350),.PCURVE_S1.);
#7339 = LINE('',#7340,#7341);
#7340 = CARTESIAN_POINT('',(-35.5,44.,24.));
#7341 = VECTOR('',#7342,1.);
#7342 = DIRECTION('',(-1.,0.,0.));
#7343 = PCURVE('',#7099,#7344);
#7344 = DEFINITIONAL_REPRESENTATION('',(#7345),#7349);
#7345 = LINE('',#7346,#7347);
#7346 = CARTESIAN_POINT('',(0.,-4.));
#7347 = VECTOR('',#7348,1.);
#7348 = DIRECTION('',(1.,0.));
#7349 = ( GEOMETRIC_REPRESENTATION_CONTEXT(2) 
PARAMETRIC_REPRESENTATION_CONTEXT() REPRESENTATION_CONTEXT('2D SPACE',''
  ) );
#7350 = PCURVE('',#7253,#7351);
#7351 = DEFINITIONAL_REPRESENTATION('',(#7352),#7356);
#7352 = LINE('',#7353,#7354);
#7353 = CARTESIAN_POINT('',(38.5,-6.));
#7354 = VECTOR('',#7355,1.);
#7355 = DIRECTION('',(1.,0.));
#7356 = ( GEOMETRIC_REPRESENTATION_CONTEXT(2) 
PARAMETRIC_REPRESENTATION_CONTEXT() REPRESENTATION_CONTEXT('2D SPACE',''
  ) );
#7357 = ORIENTED_EDGE('',*,*,#7217,.F.);
#7358 = ORIENTED_EDGE('',*,*,#7084,.F.);
#7359 = ADVANCED_FACE('',(#7360),#7072,.T.);
#7360 = FACE_BOUND('',#7361,.T.);
#7361 = EDGE_LOOP('',(#7362,#7363,#7386,#7409,#7428,#7429));
#7362 = ORIENTED_EDGE('',*,*,#7191,.F.);
#7363 = ORIENTED_EDGE('',*,*,#7364,.T.);
#7364 = EDGE_CURVE('',#7164,#7365,#7367,.T.);
#7365 = VERTEX_POINT('',#7366);
#7366 = CARTESIAN_POINT('',(-28.5,55.,30.));
#7367 = SURFACE_CURVE('',#7368,(#7372,#7379),.PCURVE_S1.);
#7368 = LINE('',#7369,#7370);
#7369 = CARTESIAN_POINT('',(-28.5,55.,16.));
#7370 = VECTOR('',#7371,1.);
#7371 = DIRECTION('',(0.,0.,1.));
#7372 = PCURVE('',#7072,#7373);
#7373 = DEFINITIONAL_REPRESENTATION('',(#7374),#7378);
#7374 = LINE('',#7375,#7376);
#7375 = CARTESIAN_POINT('',(0.,0.));
#7376 = VECTOR('',#7377,1.);
#7377 = DIRECTION('',(0.,-1.));
#7378 = ( GEOMETRIC_REPRESENTATION_CONTEXT(2) 
PARAMETRIC_REPRESENTATION_CONTEXT() REPRESENTATION_CONTEXT('2D SPACE',''
  ) );
#7379 = PCURVE('',#7179,#7380);
#7380 = DEFINITIONAL_REPRESENTATION('',(#7381),#7385);
#7381 = LINE('',#7382,#7383);
#7382 = CARTESIAN_POINT('',(14.,0.));
#7383 = VECTOR('',#7384,1.);
#7384 = DIRECTION('',(0.,-1.));
#7385 = ( GEOMETRIC_REPRESENTATION_CONTEXT(2) 
PARAMETRIC_REPRESENTATION_CONTEXT() REPRESENTATION_CONTEXT('2D SPACE',''
  ) );
#7386 = ORIENTED_EDGE('',*,*,#7387,.T.);
#7387 = EDGE_CURVE('',#7365,#7388,#7390,.T.);
#7388 = VERTEX_POINT('',#7389);
#7389 = CARTESIAN_POINT('',(-28.5,44.,30.));
#7390 = SURFACE_CURVE('',#7391,(#7395,#7402),.PCURVE_S1.);
#7391 = LINE('',#7392,#7393);
#7392 = CARTESIAN_POINT('',(-28.5,55.,30.));
#7393 = VECTOR('',#7394,1.);
#7394 = DIRECTION('',(0.,-1.,0.));
#7395 = PCURVE('',#7072,#7396);
#7396 = DEFINITIONAL_REPRESENTATION('',(#7397),#7401);
#7397 = LINE('',#7398,#7399);
#7398 = CARTESIAN_POINT('',(0.,-14.));
#7399 = VECTOR('',#7400,1.);
#7400 = DIRECTION('',(1.,0.));
#7401 = ( GEOMETRIC_REPRESENTATION_CONTEXT(2) 
PARAMETRIC_REPRESENTATION_CONTEXT() REPRESENTATION_CONTEXT('2D SPACE',''
  ) );
#7402 = PCURVE('',#7280,#7403);
#7403 = DEFINITIONAL_REPRESENTATION('',(#7404),#7408);
#7404 = LINE('',#7405,#7406);
#7405 = CARTESIAN_POINT('',(-7.,7.));
#7406 = VECTOR('',#7407,1.);
#7407 = DIRECTION('',(0.,-1.));
#7408 = ( GEOMETRIC_REPRESENTATION_CONTEXT(2) 
PARAMETRIC_REPRESENTATION_CONTEXT() REPRESENTATION_CONTEXT('2D SPACE',''
  ) );
#7409 = ORIENTED_EDGE('',*,*,#7410,.F.);
#7410 = EDGE_CURVE('',#7317,#7388,#7411,.T.);
#7411 = SURFACE_CURVE('',#7412,(#7416,#7422),.PCURVE_S1.);
#7412 = LINE('',#7413,#7414);
#7413 = CARTESIAN_POINT('',(-28.5,44.,23.));
#7414 = VECTOR('',#7415,1.);
#7415 = DIRECTION('',(0.,-0.,1.));
#7416 = PCURVE('',#7072,#7417);
#7417 = DEFINITIONAL_REPRESENTATION('',(#7418),#7421);
#7418 = B_SPLINE_CURVE_WITH_KNOTS('',1,(#7419,#7420),.UNSPECIFIED.,.F.,
  .F.,(2,2),(1.,7.),.PIECEWISE_BEZIER_KNOTS.);
#7419 = CARTESIAN_POINT('',(11.,-8.));
#7420 = CARTESIAN_POINT('',(11.,-14.));
#7421 = ( GEOMETRIC_REPRESENTATION_CONTEXT(2) 
PARAMETRIC_REPRESENTATION_CONTEXT() REPRESENTATION_CONTEXT('2D SPACE',''
  ) );
#7422 = PCURVE('',#7253,#7423);
#7423 = DEFINITIONAL_REPRESENTATION('',(#7424),#7427);
#7424 = B_SPLINE_CURVE_WITH_KNOTS('',1,(#7425,#7426),.UNSPECIFIED.,.F.,
  .F.,(2,2),(1.,7.),.PIECEWISE_BEZIER_KNOTS.);
#7425 = CARTESIAN_POINT('',(31.5,-6.));
#7426 = CARTESIAN_POINT('',(31.5,0.));
#7427 = ( GEOMETRIC_REPRESENTATION_CONTEXT(2) 
PARAMETRIC_REPRESENTATION_CONTEXT() REPRESENTATION_CONTEXT('2D SPACE',''
  ) );
#7428 = ORIENTED_EDGE('',*,*,#7316,.T.);
#7429 = ORIENTED_EDGE('',*,*,#7056,.F.);
#7430 = ADVANCED_FACE('',(#7431),#7179,.T.);
#7431 = FACE_BOUND('',#7432,.T.);
#7432 = EDGE_LOOP('',(#7433,#7434,#7455,#7456));
#7433 = ORIENTED_EDGE('',*,*,#7292,.T.);
#7434 = ORIENTED_EDGE('',*,*,#7435,.T.);
#7435 = EDGE_CURVE('',#7265,#7365,#7436,.T.);
#7436 = SURFACE_CURVE('',#7437,(#7441,#7448),.PCURVE_S1.);
#7437 = LINE('',#7438,#7439);
#7438 = CARTESIAN_POINT('',(-42.5,55.,30.));
#7439 = VECTOR('',#7440,1.);
#7440 = DIRECTION('',(1.,0.,0.));
#7441 = PCURVE('',#7179,#7442);
#7442 = DEFINITIONAL_REPRESENTATION('',(#7443),#7447);
#7443 = LINE('',#7444,#7445);
#7444 = CARTESIAN_POINT('',(0.,-14.));
#7445 = VECTOR('',#7446,1.);
#7446 = DIRECTION('',(1.,0.));
#7447 = ( GEOMETRIC_REPRESENTATION_CONTEXT(2) 
PARAMETRIC_REPRESENTATION_CONTEXT() REPRESENTATION_CONTEXT('2D SPACE',''
  ) );
#7448 = PCURVE('',#7280,#7449);
#7449 = DEFINITIONAL_REPRESENTATION('',(#7450),#7454);
#7450 = LINE('',#7451,#7452);
#7451 = CARTESIAN_POINT('',(7.,7.));
#7452 = VECTOR('',#7453,1.);
#7453 = DIRECTION('',(-1.,0.));
#7454 = ( GEOMETRIC_REPRESENTATION_CONTEXT(2) 
PARAMETRIC_REPRESENTATION_CONTEXT() REPRESENTATION_CONTEXT('2D SPACE',''
  ) );
#7455 = ORIENTED_EDGE('',*,*,#7364,.F.);
#7456 = ORIENTED_EDGE('',*,*,#7163,.F.);
#7457 = ADVANCED_FACE('',(#7458),#7280,.F.);
#7458 = FACE_BOUND('',#7459,.F.);
#7459 = EDGE_LOOP('',(#7460,#7461,#7482,#7483));
#7460 = ORIENTED_EDGE('',*,*,#7387,.T.);
#7461 = ORIENTED_EDGE('',*,*,#7462,.T.);
#7462 = EDGE_CURVE('',#7388,#7239,#7463,.T.);
#7463 = SURFACE_CURVE('',#7464,(#7468,#7475),.PCURVE_S1.);
#7464 = LINE('',#7465,#7466);
#7465 = CARTESIAN_POINT('',(-35.5,44.,30.));
#7466 = VECTOR('',#7467,1.);
#7467 = DIRECTION('',(-1.,0.,0.));
#7468 = PCURVE('',#7280,#7469);
#7469 = DEFINITIONAL_REPRESENTATION('',(#7470),#7474);
#7470 = LINE('',#7471,#7472);
#7471 = CARTESIAN_POINT('',(0.,-4.));
#7472 = VECTOR('',#7473,1.);
#7473 = DIRECTION('',(1.,0.));
#7474 = ( GEOMETRIC_REPRESENTATION_CONTEXT(2) 
PARAMETRIC_REPRESENTATION_CONTEXT() REPRESENTATION_CONTEXT('2D SPACE',''
  ) );
#7475 = PCURVE('',#7253,#7476);
#7476 = DEFINITIONAL_REPRESENTATION('',(#7477),#7481);
#7477 = LINE('',#7478,#7479);
#7478 = CARTESIAN_POINT('',(38.5,0.));
#7479 = VECTOR('',#7480,1.);
#7480 = DIRECTION('',(1.,0.));
#7481 = ( GEOMETRIC_REPRESENTATION_CONTEXT(2) 
PARAMETRIC_REPRESENTATION_CONTEXT() REPRESENTATION_CONTEXT('2D SPACE',''
  ) );
#7482 = ORIENTED_EDGE('',*,*,#7264,.T.);
#7483 = ORIENTED_EDGE('',*,*,#7435,.T.);
#7484 = ADVANCED_FACE('',(#7485),#7253,.F.);
#7485 = FACE_BOUND('',#7486,.F.);
#7486 = EDGE_LOOP('',(#7487,#7488,#7489,#7490));
#7487 = ORIENTED_EDGE('',*,*,#7462,.F.);
#7488 = ORIENTED_EDGE('',*,*,#7410,.F.);
#7489 = ORIENTED_EDGE('',*,*,#7337,.T.);
#7490 = ORIENTED_EDGE('',*,*,#7238,.F.);
#7491 = ( GEOMETRIC_REPRESENTATION_CONTEXT(3) 
GLOBAL_UNCERTAINTY_ASSIGNED_CONTEXT((#7495)) 
GLOBAL_UNIT_ASSIGNED_CONTEXT((#7492,#7493,#7494)) REPRESENTATION_CONTEXT
('Context #1','3D Context with UNIT and UNCERTAINTY') );
#7492 = ( LENGTH_UNIT() NAMED_UNIT(*) SI_UNIT(.MILLI.,.METRE.) );
#7493 = ( NAMED_UNIT(*) PLANE_ANGLE_UNIT() SI_UNIT($,.RADIAN.) );
#7494 = ( NAMED_UNIT(*) SI_UNIT($,.STERADIAN.) SOLID_ANGLE_UNIT() );
#7495 = UNCERTAINTY_MEASURE_WITH_UNIT(LENGTH_MEASURE(1.E-07),#7492,
  'distance_accuracy_value','confusion accuracy');
#7496 = PRODUCT_RELATED_PRODUCT_CATEGORY('part',$,(#7));
ENDSEC;
END-ISO-10303-21;
